Data,Distrito,Código Territorial,Total Mandatos,Mandatos Disponíveis,Total Freguesias,Freguesias Apuradas,Votos Brancos,Percentagem Votos Brancos,Votos Nulos,Percentagem Votos Nulos,Percentagem Votantes,Votantes Inscritos,Total de Votos,Região
2019-10-06 18:56:26,Açores,LOCAL-400000,5.0,0,156.0,156.0,3047.0,3.25,1583.0,1.69,41.22,227546.0,93803.0,Açores
2019-10-06 18:56:26,Aveiro,LOCAL-010000,16.0,0,147.0,147.0,9163.0,2.49,6130.0,1.67,56.31,653597.0,368071.0,Norte
2019-10-06 18:56:26,Beja,LOCAL-020000,3.0,0,75.0,75.0,1230.0,1.65,1132.0,1.52,57.77,128926.0,74485.0,Alentejo
2019-10-06 18:56:26,Braga,LOCAL-030000,19.0,0,347.0,347.0,10708.0,2.26,6112.0,1.29,60.21,787768.0,474341.0,Norte
2019-10-06 18:56:26,Bragança,LOCAL-040000,3.0,0,226.0,226.0,1189.0,1.71,1408.0,2.02,47.23,147465.0,69644.0,Norte
2019-10-06 18:56:26,Castelo Branco,LOCAL-050000,4.0,0,120.0,120.0,2091.0,2.01,2167.0,2.08,57.46,181378.0,104223.0,Centro
2019-10-06 18:56:26,Coimbra,LOCAL-060000,9.0,0,155.0,155.0,5929.0,2.69,3536.0,1.61,56.33,390947.0,220211.0,Centro
2019-10-06 18:56:26,Évora,LOCAL-070000,3.0,0,69.0,69.0,1421.0,1.68,1079.0,1.28,59.9,141258.0,84617.0,Alentejo
2019-10-06 18:56:26,Faro,LOCAL-080000,9.0,0,67.0,67.0,4286.0,2.25,3079.0,1.62,51.38,370764.0,190484.0,Algarve
2019-10-06 18:56:26,Guarda,LOCAL-090000,4.0,0,242.0,242.0,1689.0,1.98,1987.0,2.32,52.29,163462.0,85469.0,Centro
2019-10-06 18:56:26,Leiria,LOCAL-100000,10.0,0,110.0,110.0,6902.0,2.89,4699.0,1.97,56.26,423801.0,238433.0,Centro
2019-10-06 18:56:26,Lisboa,LOCAL-110000,47.0,0,134.0,134.0,22176.0,1.92,17112.0,1.49,60.6,1900982.0,1152050.0,Lisboa
2019-10-06 18:56:26,Madeira,LOCAL-300000,6.0,0,54.0,54.0,1018.0,0.81,3597.0,2.88,48.9,255821.0,125104.0,Madeira
2019-10-06 18:56:26,Portalegre,LOCAL-120000,2.0,0,69.0,69.0,1130.0,1.92,896.0,1.52,58.31,101189.0,59004.0,Alentejo
2019-10-06 18:56:26,Porto,LOCAL-130000,39.0,0,243.0,243.0,18902.0,1.97,14073.0,1.47,60.3,1591787.0,959919.0,Norte
2019-10-06 18:56:26,Santarém,LOCAL-140000,9.0,0,141.0,141.0,5142.0,2.26,3967.0,1.74,57.87,393314.0,227620.0,Centro
2019-10-06 18:56:26,Setúbal,LOCAL-150000,18.0,0,55.0,55.0,7261.0,1.71,6183.0,1.46,58.33,726049.0,423500.0,Lisboa
2019-10-06 18:56:26,Viana do Castelo,LOCAL-160000,6.0,0,208.0,208.0,3228.0,2.51,2141.0,1.67,50.74,253219.0,128488.0,Norte
2019-10-06 18:56:26,Vila Real,LOCAL-170000,5.0,0,197.0,197.0,1919.0,1.74,1960.0,1.78,48.26,228497.0,110273.0,Norte
2019-10-06 18:56:26,Viseu,LOCAL-180000,9.0,0,277.0,277.0,4235.0,2.22,3632.0,1.9,51.28,371931.0,190712.0,Centro
2019-10-06 19:00:02,Açores,LOCAL-400000,5.0,0,156.0,156.0,3047.0,3.25,1583.0,1.69,41.22,227546.0,93803.0,Açores
2019-10-06 19:00:02,Aveiro,LOCAL-010000,16.0,0,147.0,147.0,9163.0,2.49,6130.0,1.67,56.31,653597.0,368071.0,Norte
2019-10-06 19:00:02,Beja,LOCAL-020000,3.0,0,75.0,75.0,1230.0,1.65,1132.0,1.52,57.77,128926.0,74485.0,Alentejo
2019-10-06 19:00:02,Braga,LOCAL-030000,19.0,0,347.0,347.0,10708.0,2.26,6112.0,1.29,60.21,787768.0,474341.0,Norte
2019-10-06 19:00:02,Bragança,LOCAL-040000,3.0,0,226.0,226.0,1189.0,1.71,1408.0,2.02,47.23,147465.0,69644.0,Norte
2019-10-06 19:00:02,Castelo Branco,LOCAL-050000,4.0,0,120.0,120.0,2091.0,2.01,2167.0,2.08,57.46,181378.0,104223.0,Centro
2019-10-06 19:00:02,Coimbra,LOCAL-060000,9.0,0,155.0,155.0,5929.0,2.69,3536.0,1.61,56.33,390947.0,220211.0,Centro
2019-10-06 19:00:02,Évora,LOCAL-070000,3.0,0,69.0,69.0,1421.0,1.68,1079.0,1.28,59.9,141258.0,84617.0,Alentejo
2019-10-06 19:00:02,Faro,LOCAL-080000,9.0,0,67.0,67.0,4286.0,2.25,3079.0,1.62,51.38,370764.0,190484.0,Algarve
2019-10-06 19:00:02,Guarda,LOCAL-090000,4.0,0,242.0,242.0,1689.0,1.98,1987.0,2.32,52.29,163462.0,85469.0,Centro
2019-10-06 19:00:02,Leiria,LOCAL-100000,10.0,0,110.0,110.0,6902.0,2.89,4699.0,1.97,56.26,423801.0,238433.0,Centro
2019-10-06 19:00:02,Lisboa,LOCAL-110000,47.0,0,134.0,134.0,22176.0,1.92,17112.0,1.49,60.6,1900982.0,1152050.0,Lisboa
2019-10-06 19:00:02,Madeira,LOCAL-300000,6.0,0,54.0,54.0,1018.0,0.81,3597.0,2.88,48.9,255821.0,125104.0,Madeira
2019-10-06 19:00:02,Portalegre,LOCAL-120000,2.0,0,69.0,69.0,1130.0,1.92,896.0,1.52,58.31,101189.0,59004.0,Alentejo
2019-10-06 19:00:02,Porto,LOCAL-130000,39.0,0,243.0,243.0,18902.0,1.97,14073.0,1.47,60.3,1591787.0,959919.0,Norte
2019-10-06 19:00:02,Santarém,LOCAL-140000,9.0,0,141.0,141.0,5142.0,2.26,3967.0,1.74,57.87,393314.0,227620.0,Centro
2019-10-06 19:00:02,Setúbal,LOCAL-150000,18.0,0,55.0,55.0,7261.0,1.71,6183.0,1.46,58.33,726049.0,423500.0,Lisboa
2019-10-06 19:00:02,Viana do Castelo,LOCAL-160000,6.0,0,208.0,208.0,3228.0,2.51,2141.0,1.67,50.74,253219.0,128488.0,Norte
2019-10-06 19:00:02,Vila Real,LOCAL-170000,5.0,0,197.0,197.0,1919.0,1.74,1960.0,1.78,48.26,228497.0,110273.0,Norte
2019-10-06 19:00:02,Viseu,LOCAL-180000,9.0,0,277.0,277.0,4235.0,2.22,3632.0,1.9,51.28,371931.0,190712.0,Centro
2019-10-06 19:05:01,Açores,LOCAL-400000,5.0,0,156.0,156.0,3047.0,3.25,1583.0,1.69,41.22,227546.0,93803.0,Açores
2019-10-06 19:05:01,Aveiro,LOCAL-010000,16.0,0,147.0,147.0,9163.0,2.49,6130.0,1.67,56.31,653597.0,368071.0,Norte
2019-10-06 19:05:01,Beja,LOCAL-020000,3.0,0,75.0,75.0,1230.0,1.65,1132.0,1.52,57.77,128926.0,74485.0,Alentejo
2019-10-06 19:05:01,Braga,LOCAL-030000,19.0,0,347.0,347.0,10708.0,2.26,6112.0,1.29,60.21,787768.0,474341.0,Norte
2019-10-06 19:05:01,Bragança,LOCAL-040000,3.0,0,226.0,226.0,1189.0,1.71,1408.0,2.02,47.23,147465.0,69644.0,Norte
2019-10-06 19:05:01,Castelo Branco,LOCAL-050000,4.0,0,120.0,120.0,2091.0,2.01,2167.0,2.08,57.46,181378.0,104223.0,Centro
2019-10-06 19:05:01,Coimbra,LOCAL-060000,9.0,0,155.0,155.0,5929.0,2.69,3536.0,1.61,56.33,390947.0,220211.0,Centro
2019-10-06 19:05:01,Évora,LOCAL-070000,3.0,0,69.0,69.0,1421.0,1.68,1079.0,1.28,59.9,141258.0,84617.0,Alentejo
2019-10-06 19:05:01,Faro,LOCAL-080000,9.0,0,67.0,67.0,4286.0,2.25,3079.0,1.62,51.38,370764.0,190484.0,Algarve
2019-10-06 19:05:01,Guarda,LOCAL-090000,4.0,0,242.0,242.0,1689.0,1.98,1987.0,2.32,52.29,163462.0,85469.0,Centro
2019-10-06 19:05:01,Leiria,LOCAL-100000,10.0,0,110.0,110.0,6902.0,2.89,4699.0,1.97,56.26,423801.0,238433.0,Centro
2019-10-06 19:05:01,Lisboa,LOCAL-110000,47.0,0,134.0,134.0,22176.0,1.92,17112.0,1.49,60.6,1900982.0,1152050.0,Lisboa
2019-10-06 19:05:01,Madeira,LOCAL-300000,6.0,0,54.0,54.0,1018.0,0.81,3597.0,2.88,48.9,255821.0,125104.0,Madeira
2019-10-06 19:05:01,Portalegre,LOCAL-120000,2.0,0,69.0,69.0,1130.0,1.92,896.0,1.52,58.31,101189.0,59004.0,Alentejo
2019-10-06 19:05:01,Porto,LOCAL-130000,39.0,0,243.0,243.0,18902.0,1.97,14073.0,1.47,60.3,1591787.0,959919.0,Norte
2019-10-06 19:05:01,Santarém,LOCAL-140000,9.0,0,141.0,141.0,5142.0,2.26,3967.0,1.74,57.87,393314.0,227620.0,Centro
2019-10-06 19:05:01,Setúbal,LOCAL-150000,18.0,0,55.0,55.0,7261.0,1.71,6183.0,1.46,58.33,726049.0,423500.0,Lisboa
2019-10-06 19:05:01,Viana do Castelo,LOCAL-160000,6.0,0,208.0,208.0,3228.0,2.51,2141.0,1.67,50.74,253219.0,128488.0,Norte
2019-10-06 19:05:01,Vila Real,LOCAL-170000,5.0,0,197.0,197.0,1919.0,1.74,1960.0,1.78,48.26,228497.0,110273.0,Norte
2019-10-06 19:05:01,Viseu,LOCAL-180000,9.0,0,277.0,277.0,4235.0,2.22,3632.0,1.9,51.28,371931.0,190712.0,Centro
2019-10-06 19:10:02,Açores,LOCAL-400000,5.0,0,156.0,156.0,3047.0,3.25,1583.0,1.69,41.22,227546.0,93803.0,Açores
2019-10-06 19:10:02,Aveiro,LOCAL-010000,16.0,0,147.0,147.0,9163.0,2.49,6130.0,1.67,56.31,653597.0,368071.0,Norte
2019-10-06 19:10:02,Beja,LOCAL-020000,3.0,0,75.0,75.0,1230.0,1.65,1132.0,1.52,57.77,128926.0,74485.0,Alentejo
2019-10-06 19:10:02,Braga,LOCAL-030000,19.0,0,347.0,347.0,10708.0,2.26,6112.0,1.29,60.21,787768.0,474341.0,Norte
2019-10-06 19:10:02,Bragança,LOCAL-040000,3.0,0,226.0,226.0,1189.0,1.71,1408.0,2.02,47.23,147465.0,69644.0,Norte
2019-10-06 19:10:02,Castelo Branco,LOCAL-050000,4.0,0,120.0,120.0,2091.0,2.01,2167.0,2.08,57.46,181378.0,104223.0,Centro
2019-10-06 19:10:02,Coimbra,LOCAL-060000,9.0,0,155.0,155.0,5929.0,2.69,3536.0,1.61,56.33,390947.0,220211.0,Centro
2019-10-06 19:10:02,Évora,LOCAL-070000,3.0,0,69.0,69.0,1421.0,1.68,1079.0,1.28,59.9,141258.0,84617.0,Alentejo
2019-10-06 19:10:02,Faro,LOCAL-080000,9.0,0,67.0,67.0,4286.0,2.25,3079.0,1.62,51.38,370764.0,190484.0,Algarve
2019-10-06 19:10:02,Guarda,LOCAL-090000,4.0,0,242.0,242.0,1689.0,1.98,1987.0,2.32,52.29,163462.0,85469.0,Centro
2019-10-06 19:10:02,Leiria,LOCAL-100000,10.0,0,110.0,110.0,6902.0,2.89,4699.0,1.97,56.26,423801.0,238433.0,Centro
2019-10-06 19:10:02,Lisboa,LOCAL-110000,47.0,0,134.0,134.0,22176.0,1.92,17112.0,1.49,60.6,1900982.0,1152050.0,Lisboa
2019-10-06 19:10:02,Madeira,LOCAL-300000,6.0,0,54.0,54.0,1018.0,0.81,3597.0,2.88,48.9,255821.0,125104.0,Madeira
2019-10-06 19:10:02,Portalegre,LOCAL-120000,2.0,0,69.0,69.0,1130.0,1.92,896.0,1.52,58.31,101189.0,59004.0,Alentejo
2019-10-06 19:10:02,Porto,LOCAL-130000,39.0,0,243.0,243.0,18902.0,1.97,14073.0,1.47,60.3,1591787.0,959919.0,Norte
2019-10-06 19:10:02,Santarém,LOCAL-140000,9.0,0,141.0,141.0,5142.0,2.26,3967.0,1.74,57.87,393314.0,227620.0,Centro
2019-10-06 19:10:02,Setúbal,LOCAL-150000,18.0,0,55.0,55.0,7261.0,1.71,6183.0,1.46,58.33,726049.0,423500.0,Lisboa
2019-10-06 19:10:02,Viana do Castelo,LOCAL-160000,6.0,0,208.0,208.0,3228.0,2.51,2141.0,1.67,50.74,253219.0,128488.0,Norte
2019-10-06 19:10:02,Vila Real,LOCAL-170000,5.0,0,197.0,197.0,1919.0,1.74,1960.0,1.78,48.26,228497.0,110273.0,Norte
2019-10-06 19:10:02,Viseu,LOCAL-180000,9.0,0,277.0,277.0,4235.0,2.22,3632.0,1.9,51.28,371931.0,190712.0,Centro
2019-10-06 19:15:02,Açores,LOCAL-400000,5.0,0,156.0,156.0,3047.0,3.25,1583.0,1.69,41.22,227546.0,93803.0,Açores
2019-10-06 19:15:02,Aveiro,LOCAL-010000,16.0,0,147.0,147.0,9163.0,2.49,6130.0,1.67,56.31,653597.0,368071.0,Norte
2019-10-06 19:15:02,Beja,LOCAL-020000,3.0,0,75.0,75.0,1230.0,1.65,1132.0,1.52,57.77,128926.0,74485.0,Alentejo
2019-10-06 19:15:02,Braga,LOCAL-030000,19.0,0,347.0,347.0,10708.0,2.26,6112.0,1.29,60.21,787768.0,474341.0,Norte
2019-10-06 19:15:02,Bragança,LOCAL-040000,3.0,0,226.0,226.0,1189.0,1.71,1408.0,2.02,47.23,147465.0,69644.0,Norte
2019-10-06 19:15:02,Castelo Branco,LOCAL-050000,4.0,0,120.0,120.0,2091.0,2.01,2167.0,2.08,57.46,181378.0,104223.0,Centro
2019-10-06 19:15:02,Coimbra,LOCAL-060000,9.0,0,155.0,155.0,5929.0,2.69,3536.0,1.61,56.33,390947.0,220211.0,Centro
2019-10-06 19:15:02,Évora,LOCAL-070000,3.0,0,69.0,69.0,1421.0,1.68,1079.0,1.28,59.9,141258.0,84617.0,Alentejo
2019-10-06 19:15:02,Faro,LOCAL-080000,9.0,0,67.0,67.0,4286.0,2.25,3079.0,1.62,51.38,370764.0,190484.0,Algarve
2019-10-06 19:15:02,Guarda,LOCAL-090000,4.0,0,242.0,242.0,1689.0,1.98,1987.0,2.32,52.29,163462.0,85469.0,Centro
2019-10-06 19:15:02,Leiria,LOCAL-100000,10.0,0,110.0,110.0,6902.0,2.89,4699.0,1.97,56.26,423801.0,238433.0,Centro
2019-10-06 19:15:02,Lisboa,LOCAL-110000,47.0,0,134.0,134.0,22176.0,1.92,17112.0,1.49,60.6,1900982.0,1152050.0,Lisboa
2019-10-06 19:15:02,Madeira,LOCAL-300000,6.0,0,54.0,54.0,1018.0,0.81,3597.0,2.88,48.9,255821.0,125104.0,Madeira
2019-10-06 19:15:02,Portalegre,LOCAL-120000,2.0,0,69.0,69.0,1130.0,1.92,896.0,1.52,58.31,101189.0,59004.0,Alentejo
2019-10-06 19:15:02,Porto,LOCAL-130000,39.0,0,243.0,243.0,18902.0,1.97,14073.0,1.47,60.3,1591787.0,959919.0,Norte
2019-10-06 19:15:02,Santarém,LOCAL-140000,9.0,0,141.0,141.0,5142.0,2.26,3967.0,1.74,57.87,393314.0,227620.0,Centro
2019-10-06 19:15:02,Setúbal,LOCAL-150000,18.0,0,55.0,55.0,7261.0,1.71,6183.0,1.46,58.33,726049.0,423500.0,Lisboa
2019-10-06 19:15:02,Viana do Castelo,LOCAL-160000,6.0,0,208.0,208.0,3228.0,2.51,2141.0,1.67,50.74,253219.0,128488.0,Norte
2019-10-06 19:15:02,Vila Real,LOCAL-170000,5.0,0,197.0,197.0,1919.0,1.74,1960.0,1.78,48.26,228497.0,110273.0,Norte
2019-10-06 19:15:02,Viseu,LOCAL-180000,9.0,0,277.0,277.0,4235.0,2.22,3632.0,1.9,51.28,371931.0,190712.0,Centro
2019-10-06 19:20:01,Açores,LOCAL-400000,5.0,0,156.0,156.0,3047.0,3.25,1583.0,1.69,41.22,227546.0,93803.0,Açores
2019-10-06 19:20:01,Aveiro,LOCAL-010000,16.0,0,147.0,147.0,9163.0,2.49,6130.0,1.67,56.31,653597.0,368071.0,Norte
2019-10-06 19:20:01,Beja,LOCAL-020000,3.0,0,75.0,75.0,1230.0,1.65,1132.0,1.52,57.77,128926.0,74485.0,Alentejo
2019-10-06 19:20:01,Braga,LOCAL-030000,19.0,0,347.0,347.0,10708.0,2.26,6112.0,1.29,60.21,787768.0,474341.0,Norte
2019-10-06 19:20:01,Bragança,LOCAL-040000,3.0,0,226.0,226.0,1189.0,1.71,1408.0,2.02,47.23,147465.0,69644.0,Norte
2019-10-06 19:20:01,Castelo Branco,LOCAL-050000,4.0,0,120.0,120.0,2091.0,2.01,2167.0,2.08,57.46,181378.0,104223.0,Centro
2019-10-06 19:20:01,Coimbra,LOCAL-060000,9.0,0,155.0,155.0,5929.0,2.69,3536.0,1.61,56.33,390947.0,220211.0,Centro
2019-10-06 19:20:01,Évora,LOCAL-070000,3.0,0,69.0,69.0,1421.0,1.68,1079.0,1.28,59.9,141258.0,84617.0,Alentejo
2019-10-06 19:20:01,Faro,LOCAL-080000,9.0,0,67.0,67.0,4286.0,2.25,3079.0,1.62,51.38,370764.0,190484.0,Algarve
2019-10-06 19:20:01,Guarda,LOCAL-090000,4.0,0,242.0,242.0,1689.0,1.98,1987.0,2.32,52.29,163462.0,85469.0,Centro
2019-10-06 19:20:01,Leiria,LOCAL-100000,10.0,0,110.0,110.0,6902.0,2.89,4699.0,1.97,56.26,423801.0,238433.0,Centro
2019-10-06 19:20:01,Lisboa,LOCAL-110000,47.0,0,134.0,134.0,22176.0,1.92,17112.0,1.49,60.6,1900982.0,1152050.0,Lisboa
2019-10-06 19:20:01,Madeira,LOCAL-300000,6.0,0,54.0,54.0,1018.0,0.81,3597.0,2.88,48.9,255821.0,125104.0,Madeira
2019-10-06 19:20:01,Portalegre,LOCAL-120000,2.0,0,69.0,69.0,1130.0,1.92,896.0,1.52,58.31,101189.0,59004.0,Alentejo
2019-10-06 19:20:01,Porto,LOCAL-130000,39.0,0,243.0,243.0,18902.0,1.97,14073.0,1.47,60.3,1591787.0,959919.0,Norte
2019-10-06 19:20:01,Santarém,LOCAL-140000,9.0,0,141.0,141.0,5142.0,2.26,3967.0,1.74,57.87,393314.0,227620.0,Centro
2019-10-06 19:20:01,Setúbal,LOCAL-150000,18.0,0,55.0,55.0,7261.0,1.71,6183.0,1.46,58.33,726049.0,423500.0,Lisboa
2019-10-06 19:20:01,Viana do Castelo,LOCAL-160000,6.0,0,208.0,208.0,3228.0,2.51,2141.0,1.67,50.74,253219.0,128488.0,Norte
2019-10-06 19:20:01,Vila Real,LOCAL-170000,5.0,0,197.0,197.0,1919.0,1.74,1960.0,1.78,48.26,228497.0,110273.0,Norte
2019-10-06 19:20:01,Viseu,LOCAL-180000,9.0,0,277.0,277.0,4235.0,2.22,3632.0,1.9,51.28,371931.0,190712.0,Centro
2019-10-06 19:25:01,Açores,LOCAL-400000,5.0,0,156.0,156.0,3047.0,3.25,1583.0,1.69,41.22,227546.0,93803.0,Açores
2019-10-06 19:25:01,Aveiro,LOCAL-010000,16.0,0,147.0,147.0,9163.0,2.49,6130.0,1.67,56.31,653597.0,368071.0,Norte
2019-10-06 19:25:01,Beja,LOCAL-020000,3.0,0,75.0,75.0,1230.0,1.65,1132.0,1.52,57.77,128926.0,74485.0,Alentejo
2019-10-06 19:25:01,Braga,LOCAL-030000,19.0,0,347.0,347.0,10708.0,2.26,6112.0,1.29,60.21,787768.0,474341.0,Norte
2019-10-06 19:25:01,Bragança,LOCAL-040000,3.0,0,226.0,226.0,1189.0,1.71,1408.0,2.02,47.23,147465.0,69644.0,Norte
2019-10-06 19:25:01,Castelo Branco,LOCAL-050000,4.0,0,120.0,120.0,2091.0,2.01,2167.0,2.08,57.46,181378.0,104223.0,Centro
2019-10-06 19:25:01,Coimbra,LOCAL-060000,9.0,0,155.0,155.0,5929.0,2.69,3536.0,1.61,56.33,390947.0,220211.0,Centro
2019-10-06 19:25:01,Évora,LOCAL-070000,3.0,0,69.0,69.0,1421.0,1.68,1079.0,1.28,59.9,141258.0,84617.0,Alentejo
2019-10-06 19:25:01,Faro,LOCAL-080000,9.0,0,67.0,67.0,4286.0,2.25,3079.0,1.62,51.38,370764.0,190484.0,Algarve
2019-10-06 19:25:01,Guarda,LOCAL-090000,4.0,0,242.0,242.0,1689.0,1.98,1987.0,2.32,52.29,163462.0,85469.0,Centro
2019-10-06 19:25:01,Leiria,LOCAL-100000,10.0,0,110.0,110.0,6902.0,2.89,4699.0,1.97,56.26,423801.0,238433.0,Centro
2019-10-06 19:25:01,Lisboa,LOCAL-110000,47.0,0,134.0,134.0,22176.0,1.92,17112.0,1.49,60.6,1900982.0,1152050.0,Lisboa
2019-10-06 19:25:01,Madeira,LOCAL-300000,6.0,0,54.0,54.0,1018.0,0.81,3597.0,2.88,48.9,255821.0,125104.0,Madeira
2019-10-06 19:25:01,Portalegre,LOCAL-120000,2.0,0,69.0,69.0,1130.0,1.92,896.0,1.52,58.31,101189.0,59004.0,Alentejo
2019-10-06 19:25:01,Porto,LOCAL-130000,39.0,0,243.0,243.0,18902.0,1.97,14073.0,1.47,60.3,1591787.0,959919.0,Norte
2019-10-06 19:25:01,Santarém,LOCAL-140000,9.0,0,141.0,141.0,5142.0,2.26,3967.0,1.74,57.87,393314.0,227620.0,Centro
2019-10-06 19:25:01,Setúbal,LOCAL-150000,18.0,0,55.0,55.0,7261.0,1.71,6183.0,1.46,58.33,726049.0,423500.0,Lisboa
2019-10-06 19:25:01,Viana do Castelo,LOCAL-160000,6.0,0,208.0,208.0,3228.0,2.51,2141.0,1.67,50.74,253219.0,128488.0,Norte
2019-10-06 19:25:01,Vila Real,LOCAL-170000,5.0,0,197.0,197.0,1919.0,1.74,1960.0,1.78,48.26,228497.0,110273.0,Norte
2019-10-06 19:25:01,Viseu,LOCAL-180000,9.0,0,277.0,277.0,4235.0,2.22,3632.0,1.9,51.28,371931.0,190712.0,Centro
2019-10-06 19:30:02,Açores,LOCAL-400000,5.0,0,156.0,156.0,3047.0,3.25,1583.0,1.69,41.22,227546.0,93803.0,Açores
2019-10-06 19:30:02,Aveiro,LOCAL-010000,16.0,0,147.0,147.0,9163.0,2.49,6130.0,1.67,56.31,653597.0,368071.0,Norte
2019-10-06 19:30:02,Beja,LOCAL-020000,3.0,0,75.0,75.0,1230.0,1.65,1132.0,1.52,57.77,128926.0,74485.0,Alentejo
2019-10-06 19:30:02,Braga,LOCAL-030000,19.0,0,347.0,347.0,10708.0,2.26,6112.0,1.29,60.21,787768.0,474341.0,Norte
2019-10-06 19:30:02,Bragança,LOCAL-040000,3.0,0,226.0,226.0,1189.0,1.71,1408.0,2.02,47.23,147465.0,69644.0,Norte
2019-10-06 19:30:02,Castelo Branco,LOCAL-050000,4.0,0,120.0,120.0,2091.0,2.01,2167.0,2.08,57.46,181378.0,104223.0,Centro
2019-10-06 19:30:02,Coimbra,LOCAL-060000,9.0,0,155.0,155.0,5929.0,2.69,3536.0,1.61,56.33,390947.0,220211.0,Centro
2019-10-06 19:30:02,Évora,LOCAL-070000,3.0,0,69.0,69.0,1421.0,1.68,1079.0,1.28,59.9,141258.0,84617.0,Alentejo
2019-10-06 19:30:02,Faro,LOCAL-080000,9.0,0,67.0,67.0,4286.0,2.25,3079.0,1.62,51.38,370764.0,190484.0,Algarve
2019-10-06 19:30:02,Guarda,LOCAL-090000,4.0,0,242.0,242.0,1689.0,1.98,1987.0,2.32,52.29,163462.0,85469.0,Centro
2019-10-06 19:30:02,Leiria,LOCAL-100000,10.0,0,110.0,110.0,6902.0,2.89,4699.0,1.97,56.26,423801.0,238433.0,Centro
2019-10-06 19:30:02,Lisboa,LOCAL-110000,47.0,0,134.0,134.0,22176.0,1.92,17112.0,1.49,60.6,1900982.0,1152050.0,Lisboa
2019-10-06 19:30:02,Madeira,LOCAL-300000,6.0,0,54.0,54.0,1018.0,0.81,3597.0,2.88,48.9,255821.0,125104.0,Madeira
2019-10-06 19:30:02,Portalegre,LOCAL-120000,2.0,0,69.0,69.0,1130.0,1.92,896.0,1.52,58.31,101189.0,59004.0,Alentejo
2019-10-06 19:30:02,Porto,LOCAL-130000,39.0,0,243.0,243.0,18902.0,1.97,14073.0,1.47,60.3,1591787.0,959919.0,Norte
2019-10-06 19:30:02,Santarém,LOCAL-140000,9.0,0,141.0,141.0,5142.0,2.26,3967.0,1.74,57.87,393314.0,227620.0,Centro
2019-10-06 19:30:02,Setúbal,LOCAL-150000,18.0,0,55.0,55.0,7261.0,1.71,6183.0,1.46,58.33,726049.0,423500.0,Lisboa
2019-10-06 19:30:02,Viana do Castelo,LOCAL-160000,6.0,0,208.0,208.0,3228.0,2.51,2141.0,1.67,50.74,253219.0,128488.0,Norte
2019-10-06 19:30:02,Vila Real,LOCAL-170000,5.0,0,197.0,197.0,1919.0,1.74,1960.0,1.78,48.26,228497.0,110273.0,Norte
2019-10-06 19:30:02,Viseu,LOCAL-180000,9.0,0,277.0,277.0,4235.0,2.22,3632.0,1.9,51.28,371931.0,190712.0,Centro
2019-10-06 19:35:01,Açores,LOCAL-400000,5.0,0,156.0,156.0,3047.0,3.25,1583.0,1.69,41.22,227546.0,93803.0,Açores
2019-10-06 19:35:01,Aveiro,LOCAL-010000,16.0,0,147.0,147.0,9163.0,2.49,6130.0,1.67,56.31,653597.0,368071.0,Norte
2019-10-06 19:35:01,Beja,LOCAL-020000,3.0,0,75.0,75.0,1230.0,1.65,1132.0,1.52,57.77,128926.0,74485.0,Alentejo
2019-10-06 19:35:01,Braga,LOCAL-030000,19.0,0,347.0,347.0,10708.0,2.26,6112.0,1.29,60.21,787768.0,474341.0,Norte
2019-10-06 19:35:01,Bragança,LOCAL-040000,3.0,0,226.0,226.0,1189.0,1.71,1408.0,2.02,47.23,147465.0,69644.0,Norte
2019-10-06 19:35:01,Castelo Branco,LOCAL-050000,4.0,0,120.0,120.0,2091.0,2.01,2167.0,2.08,57.46,181378.0,104223.0,Centro
2019-10-06 19:35:01,Coimbra,LOCAL-060000,9.0,0,155.0,155.0,5929.0,2.69,3536.0,1.61,56.33,390947.0,220211.0,Centro
2019-10-06 19:35:01,Évora,LOCAL-070000,3.0,0,69.0,69.0,1421.0,1.68,1079.0,1.28,59.9,141258.0,84617.0,Alentejo
2019-10-06 19:35:01,Faro,LOCAL-080000,9.0,0,67.0,67.0,4286.0,2.25,3079.0,1.62,51.38,370764.0,190484.0,Algarve
2019-10-06 19:35:01,Guarda,LOCAL-090000,4.0,0,242.0,242.0,1689.0,1.98,1987.0,2.32,52.29,163462.0,85469.0,Centro
2019-10-06 19:35:01,Leiria,LOCAL-100000,10.0,0,110.0,110.0,6902.0,2.89,4699.0,1.97,56.26,423801.0,238433.0,Centro
2019-10-06 19:35:01,Lisboa,LOCAL-110000,47.0,0,134.0,134.0,22176.0,1.92,17112.0,1.49,60.6,1900982.0,1152050.0,Lisboa
2019-10-06 19:35:01,Madeira,LOCAL-300000,6.0,0,54.0,54.0,1018.0,0.81,3597.0,2.88,48.9,255821.0,125104.0,Madeira
2019-10-06 19:35:01,Portalegre,LOCAL-120000,2.0,0,69.0,69.0,1130.0,1.92,896.0,1.52,58.31,101189.0,59004.0,Alentejo
2019-10-06 19:35:01,Porto,LOCAL-130000,39.0,0,243.0,243.0,18902.0,1.97,14073.0,1.47,60.3,1591787.0,959919.0,Norte
2019-10-06 19:35:01,Santarém,LOCAL-140000,9.0,0,141.0,141.0,5142.0,2.26,3967.0,1.74,57.87,393314.0,227620.0,Centro
2019-10-06 19:35:01,Setúbal,LOCAL-150000,18.0,0,55.0,55.0,7261.0,1.71,6183.0,1.46,58.33,726049.0,423500.0,Lisboa
2019-10-06 19:35:01,Viana do Castelo,LOCAL-160000,6.0,0,208.0,208.0,3228.0,2.51,2141.0,1.67,50.74,253219.0,128488.0,Norte
2019-10-06 19:35:01,Vila Real,LOCAL-170000,5.0,0,197.0,197.0,1919.0,1.74,1960.0,1.78,48.26,228497.0,110273.0,Norte
2019-10-06 19:35:01,Viseu,LOCAL-180000,9.0,0,277.0,277.0,4235.0,2.22,3632.0,1.9,51.28,371931.0,190712.0,Centro
2019-10-06 19:40:01,Açores,LOCAL-400000,5.0,0,156.0,156.0,3047.0,3.25,1583.0,1.69,41.22,227546.0,93803.0,Açores
2019-10-06 19:40:01,Aveiro,LOCAL-010000,16.0,0,147.0,147.0,9163.0,2.49,6130.0,1.67,56.31,653597.0,368071.0,Norte
2019-10-06 19:40:01,Beja,LOCAL-020000,3.0,0,75.0,75.0,1230.0,1.65,1132.0,1.52,57.77,128926.0,74485.0,Alentejo
2019-10-06 19:40:01,Braga,LOCAL-030000,19.0,0,347.0,347.0,10708.0,2.26,6112.0,1.29,60.21,787768.0,474341.0,Norte
2019-10-06 19:40:01,Bragança,LOCAL-040000,3.0,0,226.0,226.0,1189.0,1.71,1408.0,2.02,47.23,147465.0,69644.0,Norte
2019-10-06 19:40:01,Castelo Branco,LOCAL-050000,4.0,0,120.0,120.0,2091.0,2.01,2167.0,2.08,57.46,181378.0,104223.0,Centro
2019-10-06 19:40:01,Coimbra,LOCAL-060000,9.0,0,155.0,155.0,5929.0,2.69,3536.0,1.61,56.33,390947.0,220211.0,Centro
2019-10-06 19:40:01,Évora,LOCAL-070000,3.0,0,69.0,69.0,1421.0,1.68,1079.0,1.28,59.9,141258.0,84617.0,Alentejo
2019-10-06 19:40:01,Faro,LOCAL-080000,9.0,0,67.0,67.0,4286.0,2.25,3079.0,1.62,51.38,370764.0,190484.0,Algarve
2019-10-06 19:40:01,Guarda,LOCAL-090000,4.0,0,242.0,242.0,1689.0,1.98,1987.0,2.32,52.29,163462.0,85469.0,Centro
2019-10-06 19:40:01,Leiria,LOCAL-100000,10.0,0,110.0,110.0,6902.0,2.89,4699.0,1.97,56.26,423801.0,238433.0,Centro
2019-10-06 19:40:01,Lisboa,LOCAL-110000,47.0,0,134.0,134.0,22176.0,1.92,17112.0,1.49,60.6,1900982.0,1152050.0,Lisboa
2019-10-06 19:40:01,Madeira,LOCAL-300000,6.0,0,54.0,54.0,1018.0,0.81,3597.0,2.88,48.9,255821.0,125104.0,Madeira
2019-10-06 19:40:01,Portalegre,LOCAL-120000,2.0,0,69.0,69.0,1130.0,1.92,896.0,1.52,58.31,101189.0,59004.0,Alentejo
2019-10-06 19:40:01,Porto,LOCAL-130000,39.0,0,243.0,243.0,18902.0,1.97,14073.0,1.47,60.3,1591787.0,959919.0,Norte
2019-10-06 19:40:01,Santarém,LOCAL-140000,9.0,0,141.0,141.0,5142.0,2.26,3967.0,1.74,57.87,393314.0,227620.0,Centro
2019-10-06 19:40:01,Setúbal,LOCAL-150000,18.0,0,55.0,55.0,7261.0,1.71,6183.0,1.46,58.33,726049.0,423500.0,Lisboa
2019-10-06 19:40:01,Viana do Castelo,LOCAL-160000,6.0,0,208.0,208.0,3228.0,2.51,2141.0,1.67,50.74,253219.0,128488.0,Norte
2019-10-06 19:40:01,Vila Real,LOCAL-170000,5.0,0,197.0,197.0,1919.0,1.74,1960.0,1.78,48.26,228497.0,110273.0,Norte
2019-10-06 19:40:01,Viseu,LOCAL-180000,9.0,0,277.0,277.0,4235.0,2.22,3632.0,1.9,51.28,371931.0,190712.0,Centro
2019-10-06 19:45:01,Açores,LOCAL-400000,5.0,0,156.0,156.0,3047.0,3.25,1583.0,1.69,41.22,227546.0,93803.0,Açores
2019-10-06 19:45:01,Aveiro,LOCAL-010000,16.0,0,147.0,147.0,9163.0,2.49,6130.0,1.67,56.31,653597.0,368071.0,Norte
2019-10-06 19:45:01,Beja,LOCAL-020000,3.0,0,75.0,75.0,1230.0,1.65,1132.0,1.52,57.77,128926.0,74485.0,Alentejo
2019-10-06 19:45:01,Braga,LOCAL-030000,19.0,0,347.0,347.0,10708.0,2.26,6112.0,1.29,60.21,787768.0,474341.0,Norte
2019-10-06 19:45:01,Bragança,LOCAL-040000,3.0,0,226.0,226.0,1189.0,1.71,1408.0,2.02,47.23,147465.0,69644.0,Norte
2019-10-06 19:45:01,Castelo Branco,LOCAL-050000,4.0,0,120.0,120.0,2091.0,2.01,2167.0,2.08,57.46,181378.0,104223.0,Centro
2019-10-06 19:45:01,Coimbra,LOCAL-060000,9.0,0,155.0,155.0,5929.0,2.69,3536.0,1.61,56.33,390947.0,220211.0,Centro
2019-10-06 19:45:01,Évora,LOCAL-070000,3.0,0,69.0,69.0,1421.0,1.68,1079.0,1.28,59.9,141258.0,84617.0,Alentejo
2019-10-06 19:45:01,Faro,LOCAL-080000,9.0,0,67.0,67.0,4286.0,2.25,3079.0,1.62,51.38,370764.0,190484.0,Algarve
2019-10-06 19:45:01,Guarda,LOCAL-090000,4.0,0,242.0,242.0,1689.0,1.98,1987.0,2.32,52.29,163462.0,85469.0,Centro
2019-10-06 19:45:01,Leiria,LOCAL-100000,10.0,0,110.0,110.0,6902.0,2.89,4699.0,1.97,56.26,423801.0,238433.0,Centro
2019-10-06 19:45:01,Lisboa,LOCAL-110000,47.0,0,134.0,134.0,22176.0,1.92,17112.0,1.49,60.6,1900982.0,1152050.0,Lisboa
2019-10-06 19:45:01,Madeira,LOCAL-300000,6.0,0,54.0,54.0,1018.0,0.81,3597.0,2.88,48.9,255821.0,125104.0,Madeira
2019-10-06 19:45:01,Portalegre,LOCAL-120000,2.0,0,69.0,69.0,1130.0,1.92,896.0,1.52,58.31,101189.0,59004.0,Alentejo
2019-10-06 19:45:01,Porto,LOCAL-130000,39.0,0,243.0,243.0,18902.0,1.97,14073.0,1.47,60.3,1591787.0,959919.0,Norte
2019-10-06 19:45:01,Santarém,LOCAL-140000,9.0,0,141.0,141.0,5142.0,2.26,3967.0,1.74,57.87,393314.0,227620.0,Centro
2019-10-06 19:45:01,Setúbal,LOCAL-150000,18.0,0,55.0,55.0,7261.0,1.71,6183.0,1.46,58.33,726049.0,423500.0,Lisboa
2019-10-06 19:45:01,Viana do Castelo,LOCAL-160000,6.0,0,208.0,208.0,3228.0,2.51,2141.0,1.67,50.74,253219.0,128488.0,Norte
2019-10-06 19:45:01,Vila Real,LOCAL-170000,5.0,0,197.0,197.0,1919.0,1.74,1960.0,1.78,48.26,228497.0,110273.0,Norte
2019-10-06 19:45:01,Viseu,LOCAL-180000,9.0,0,277.0,277.0,4235.0,2.22,3632.0,1.9,51.28,371931.0,190712.0,Centro
2019-10-06 19:50:02,Açores,LOCAL-400000,5.0,0,156.0,156.0,3047.0,3.25,1583.0,1.69,41.22,227546.0,93803.0,Açores
2019-10-06 19:50:02,Aveiro,LOCAL-010000,16.0,0,147.0,147.0,9163.0,2.49,6130.0,1.67,56.31,653597.0,368071.0,Norte
2019-10-06 19:50:02,Beja,LOCAL-020000,3.0,0,75.0,75.0,1230.0,1.65,1132.0,1.52,57.77,128926.0,74485.0,Alentejo
2019-10-06 19:50:02,Braga,LOCAL-030000,19.0,0,347.0,347.0,10708.0,2.26,6112.0,1.29,60.21,787768.0,474341.0,Norte
2019-10-06 19:50:02,Bragança,LOCAL-040000,3.0,0,226.0,226.0,1189.0,1.71,1408.0,2.02,47.23,147465.0,69644.0,Norte
2019-10-06 19:50:02,Castelo Branco,LOCAL-050000,4.0,0,120.0,120.0,2091.0,2.01,2167.0,2.08,57.46,181378.0,104223.0,Centro
2019-10-06 19:50:02,Coimbra,LOCAL-060000,9.0,0,155.0,155.0,5929.0,2.69,3536.0,1.61,56.33,390947.0,220211.0,Centro
2019-10-06 19:50:02,Évora,LOCAL-070000,3.0,0,69.0,69.0,1421.0,1.68,1079.0,1.28,59.9,141258.0,84617.0,Alentejo
2019-10-06 19:50:02,Faro,LOCAL-080000,9.0,0,67.0,67.0,4286.0,2.25,3079.0,1.62,51.38,370764.0,190484.0,Algarve
2019-10-06 19:50:02,Guarda,LOCAL-090000,4.0,0,242.0,242.0,1689.0,1.98,1987.0,2.32,52.29,163462.0,85469.0,Centro
2019-10-06 19:50:02,Leiria,LOCAL-100000,10.0,0,110.0,110.0,6902.0,2.89,4699.0,1.97,56.26,423801.0,238433.0,Centro
2019-10-06 19:50:02,Lisboa,LOCAL-110000,47.0,0,134.0,134.0,22176.0,1.92,17112.0,1.49,60.6,1900982.0,1152050.0,Lisboa
2019-10-06 19:50:02,Madeira,LOCAL-300000,6.0,0,54.0,54.0,1018.0,0.81,3597.0,2.88,48.9,255821.0,125104.0,Madeira
2019-10-06 19:50:02,Portalegre,LOCAL-120000,2.0,0,69.0,69.0,1130.0,1.92,896.0,1.52,58.31,101189.0,59004.0,Alentejo
2019-10-06 19:50:02,Porto,LOCAL-130000,39.0,0,243.0,243.0,18902.0,1.97,14073.0,1.47,60.3,1591787.0,959919.0,Norte
2019-10-06 19:50:02,Santarém,LOCAL-140000,9.0,0,141.0,141.0,5142.0,2.26,3967.0,1.74,57.87,393314.0,227620.0,Centro
2019-10-06 19:50:02,Setúbal,LOCAL-150000,18.0,0,55.0,55.0,7261.0,1.71,6183.0,1.46,58.33,726049.0,423500.0,Lisboa
2019-10-06 19:50:02,Viana do Castelo,LOCAL-160000,6.0,0,208.0,208.0,3228.0,2.51,2141.0,1.67,50.74,253219.0,128488.0,Norte
2019-10-06 19:50:02,Vila Real,LOCAL-170000,5.0,0,197.0,197.0,1919.0,1.74,1960.0,1.78,48.26,228497.0,110273.0,Norte
2019-10-06 19:50:02,Viseu,LOCAL-180000,9.0,0,277.0,277.0,4235.0,2.22,3632.0,1.9,51.28,371931.0,190712.0,Centro
2019-10-06 19:55:01,Açores,LOCAL-400000,5.0,0,156.0,156.0,3047.0,3.25,1583.0,1.69,41.22,227546.0,93803.0,Açores
2019-10-06 19:55:01,Aveiro,LOCAL-010000,16.0,0,147.0,147.0,9163.0,2.49,6130.0,1.67,56.31,653597.0,368071.0,Norte
2019-10-06 19:55:01,Beja,LOCAL-020000,3.0,0,75.0,75.0,1230.0,1.65,1132.0,1.52,57.77,128926.0,74485.0,Alentejo
2019-10-06 19:55:01,Braga,LOCAL-030000,19.0,0,347.0,347.0,10708.0,2.26,6112.0,1.29,60.21,787768.0,474341.0,Norte
2019-10-06 19:55:01,Bragança,LOCAL-040000,3.0,0,226.0,226.0,1189.0,1.71,1408.0,2.02,47.23,147465.0,69644.0,Norte
2019-10-06 19:55:01,Castelo Branco,LOCAL-050000,4.0,0,120.0,120.0,2091.0,2.01,2167.0,2.08,57.46,181378.0,104223.0,Centro
2019-10-06 19:55:01,Coimbra,LOCAL-060000,9.0,0,155.0,155.0,5929.0,2.69,3536.0,1.61,56.33,390947.0,220211.0,Centro
2019-10-06 19:55:01,Évora,LOCAL-070000,3.0,0,69.0,69.0,1421.0,1.68,1079.0,1.28,59.9,141258.0,84617.0,Alentejo
2019-10-06 19:55:01,Faro,LOCAL-080000,9.0,0,67.0,67.0,4286.0,2.25,3079.0,1.62,51.38,370764.0,190484.0,Algarve
2019-10-06 19:55:01,Guarda,LOCAL-090000,4.0,0,242.0,242.0,1689.0,1.98,1987.0,2.32,52.29,163462.0,85469.0,Centro
2019-10-06 19:55:01,Leiria,LOCAL-100000,10.0,0,110.0,110.0,6902.0,2.89,4699.0,1.97,56.26,423801.0,238433.0,Centro
2019-10-06 19:55:01,Lisboa,LOCAL-110000,47.0,0,134.0,134.0,22176.0,1.92,17112.0,1.49,60.6,1900982.0,1152050.0,Lisboa
2019-10-06 19:55:01,Madeira,LOCAL-300000,6.0,0,54.0,54.0,1018.0,0.81,3597.0,2.88,48.9,255821.0,125104.0,Madeira
2019-10-06 19:55:01,Portalegre,LOCAL-120000,2.0,0,69.0,69.0,1130.0,1.92,896.0,1.52,58.31,101189.0,59004.0,Alentejo
2019-10-06 19:55:01,Porto,LOCAL-130000,39.0,0,243.0,243.0,18902.0,1.97,14073.0,1.47,60.3,1591787.0,959919.0,Norte
2019-10-06 19:55:01,Santarém,LOCAL-140000,9.0,0,141.0,141.0,5142.0,2.26,3967.0,1.74,57.87,393314.0,227620.0,Centro
2019-10-06 19:55:01,Setúbal,LOCAL-150000,18.0,0,55.0,55.0,7261.0,1.71,6183.0,1.46,58.33,726049.0,423500.0,Lisboa
2019-10-06 19:55:01,Viana do Castelo,LOCAL-160000,6.0,0,208.0,208.0,3228.0,2.51,2141.0,1.67,50.74,253219.0,128488.0,Norte
2019-10-06 19:55:01,Vila Real,LOCAL-170000,5.0,0,197.0,197.0,1919.0,1.74,1960.0,1.78,48.26,228497.0,110273.0,Norte
2019-10-06 19:55:01,Viseu,LOCAL-180000,9.0,0,277.0,277.0,4235.0,2.22,3632.0,1.9,51.28,371931.0,190712.0,Centro
2019-10-06 20:00:01,Açores,LOCAL-400000,5.0,0,156.0,156.0,3047.0,3.25,1583.0,1.69,41.22,227546.0,93803.0,Açores
2019-10-06 20:00:01,Aveiro,LOCAL-010000,16.0,0,147.0,147.0,9163.0,2.49,6130.0,1.67,56.31,653597.0,368071.0,Norte
2019-10-06 20:00:01,Beja,LOCAL-020000,3.0,0,75.0,75.0,1230.0,1.65,1132.0,1.52,57.77,128926.0,74485.0,Alentejo
2019-10-06 20:00:01,Braga,LOCAL-030000,19.0,0,347.0,347.0,10708.0,2.26,6112.0,1.29,60.21,787768.0,474341.0,Norte
2019-10-06 20:00:01,Bragança,LOCAL-040000,3.0,0,226.0,226.0,1189.0,1.71,1408.0,2.02,47.23,147465.0,69644.0,Norte
2019-10-06 20:00:01,Castelo Branco,LOCAL-050000,4.0,0,120.0,120.0,2091.0,2.01,2167.0,2.08,57.46,181378.0,104223.0,Centro
2019-10-06 20:00:01,Coimbra,LOCAL-060000,9.0,0,155.0,155.0,5929.0,2.69,3536.0,1.61,56.33,390947.0,220211.0,Centro
2019-10-06 20:00:01,Évora,LOCAL-070000,3.0,0,69.0,69.0,1421.0,1.68,1079.0,1.28,59.9,141258.0,84617.0,Alentejo
2019-10-06 20:00:01,Faro,LOCAL-080000,9.0,0,67.0,67.0,4286.0,2.25,3079.0,1.62,51.38,370764.0,190484.0,Algarve
2019-10-06 20:00:01,Guarda,LOCAL-090000,4.0,0,242.0,242.0,1689.0,1.98,1987.0,2.32,52.29,163462.0,85469.0,Centro
2019-10-06 20:00:01,Leiria,LOCAL-100000,10.0,0,110.0,110.0,6902.0,2.89,4699.0,1.97,56.26,423801.0,238433.0,Centro
2019-10-06 20:00:01,Lisboa,LOCAL-110000,47.0,0,134.0,134.0,22176.0,1.92,17112.0,1.49,60.6,1900982.0,1152050.0,Lisboa
2019-10-06 20:00:01,Madeira,LOCAL-300000,6.0,0,54.0,54.0,1018.0,0.81,3597.0,2.88,48.9,255821.0,125104.0,Madeira
2019-10-06 20:00:01,Portalegre,LOCAL-120000,2.0,0,69.0,69.0,1130.0,1.92,896.0,1.52,58.31,101189.0,59004.0,Alentejo
2019-10-06 20:00:01,Porto,LOCAL-130000,39.0,0,243.0,243.0,18902.0,1.97,14073.0,1.47,60.3,1591787.0,959919.0,Norte
2019-10-06 20:00:01,Santarém,LOCAL-140000,9.0,0,141.0,141.0,5142.0,2.26,3967.0,1.74,57.87,393314.0,227620.0,Centro
2019-10-06 20:00:01,Setúbal,LOCAL-150000,18.0,0,55.0,55.0,7261.0,1.71,6183.0,1.46,58.33,726049.0,423500.0,Lisboa
2019-10-06 20:00:01,Viana do Castelo,LOCAL-160000,6.0,0,208.0,208.0,3228.0,2.51,2141.0,1.67,50.74,253219.0,128488.0,Norte
2019-10-06 20:00:01,Vila Real,LOCAL-170000,5.0,0,197.0,197.0,1919.0,1.74,1960.0,1.78,48.26,228497.0,110273.0,Norte
2019-10-06 20:00:01,Viseu,LOCAL-180000,9.0,0,277.0,277.0,4235.0,2.22,3632.0,1.9,51.28,371931.0,190712.0,Centro
2019-10-06 20:05:01,Açores,LOCAL-400000,5.0,0,156.0,156.0,3047.0,3.25,1583.0,1.69,41.22,227546.0,93803.0,Açores
2019-10-06 20:05:01,Aveiro,LOCAL-010000,16.0,0,147.0,147.0,9163.0,2.49,6130.0,1.67,56.31,653597.0,368071.0,Norte
2019-10-06 20:05:01,Beja,LOCAL-020000,3.0,0,75.0,75.0,1230.0,1.65,1132.0,1.52,57.77,128926.0,74485.0,Alentejo
2019-10-06 20:05:01,Braga,LOCAL-030000,19.0,0,347.0,347.0,10708.0,2.26,6112.0,1.29,60.21,787768.0,474341.0,Norte
2019-10-06 20:05:01,Bragança,LOCAL-040000,3.0,0,226.0,226.0,1189.0,1.71,1408.0,2.02,47.23,147465.0,69644.0,Norte
2019-10-06 20:05:01,Castelo Branco,LOCAL-050000,4.0,0,120.0,120.0,2091.0,2.01,2167.0,2.08,57.46,181378.0,104223.0,Centro
2019-10-06 20:05:01,Coimbra,LOCAL-060000,9.0,0,155.0,155.0,5929.0,2.69,3536.0,1.61,56.33,390947.0,220211.0,Centro
2019-10-06 20:05:01,Évora,LOCAL-070000,3.0,0,69.0,69.0,1421.0,1.68,1079.0,1.28,59.9,141258.0,84617.0,Alentejo
2019-10-06 20:05:01,Faro,LOCAL-080000,9.0,0,67.0,67.0,4286.0,2.25,3079.0,1.62,51.38,370764.0,190484.0,Algarve
2019-10-06 20:05:01,Guarda,LOCAL-090000,4.0,0,242.0,242.0,1689.0,1.98,1987.0,2.32,52.29,163462.0,85469.0,Centro
2019-10-06 20:05:01,Leiria,LOCAL-100000,10.0,0,110.0,110.0,6902.0,2.89,4699.0,1.97,56.26,423801.0,238433.0,Centro
2019-10-06 20:05:01,Lisboa,LOCAL-110000,47.0,0,134.0,134.0,22176.0,1.92,17112.0,1.49,60.6,1900982.0,1152050.0,Lisboa
2019-10-06 20:05:01,Madeira,LOCAL-300000,6.0,0,54.0,54.0,1018.0,0.81,3597.0,2.88,48.9,255821.0,125104.0,Madeira
2019-10-06 20:05:01,Portalegre,LOCAL-120000,2.0,0,69.0,69.0,1130.0,1.92,896.0,1.52,58.31,101189.0,59004.0,Alentejo
2019-10-06 20:05:01,Porto,LOCAL-130000,39.0,0,243.0,243.0,18902.0,1.97,14073.0,1.47,60.3,1591787.0,959919.0,Norte
2019-10-06 20:05:01,Santarém,LOCAL-140000,9.0,0,141.0,141.0,5142.0,2.26,3967.0,1.74,57.87,393314.0,227620.0,Centro
2019-10-06 20:05:01,Setúbal,LOCAL-150000,18.0,0,55.0,55.0,7261.0,1.71,6183.0,1.46,58.33,726049.0,423500.0,Lisboa
2019-10-06 20:05:01,Viana do Castelo,LOCAL-160000,6.0,0,208.0,208.0,3228.0,2.51,2141.0,1.67,50.74,253219.0,128488.0,Norte
2019-10-06 20:05:01,Vila Real,LOCAL-170000,5.0,0,197.0,197.0,1919.0,1.74,1960.0,1.78,48.26,228497.0,110273.0,Norte
2019-10-06 20:05:01,Viseu,LOCAL-180000,9.0,0,277.0,277.0,4235.0,2.22,3632.0,1.9,51.28,371931.0,190712.0,Centro
2019-10-06 20:10:02,Açores,LOCAL-400000,0.0,0,0.0,0.0,0.0,0.0,0.0,0.0,0.0,0.0,0.0,Açores
2019-10-06 20:10:02,Aveiro,LOCAL-010000,0.0,16,147.0,12.0,186.0,2.92,101.0,1.59,53.3,11953.0,6371.0,Norte
2019-10-06 20:10:02,Beja,LOCAL-020000,0.0,3,75.0,23.0,125.0,1.69,136.0,1.84,52.24,14136.0,7384.0,Alentejo
2019-10-06 20:10:02,Braga,LOCAL-030000,0.0,19,347.0,61.0,888.0,2.89,1029.0,3.35,57.16,53691.0,30689.0,Norte
2019-10-06 20:10:02,Bragança,LOCAL-040000,0.0,3,226.0,96.0,268.0,1.91,323.0,2.3,42.88,32796.0,14064.0,Norte
2019-10-06 20:10:02,Castelo Branco,LOCAL-050000,0.0,4,120.0,73.0,593.0,2.36,740.0,2.95,53.19,47149.0,25078.0,Centro
2019-10-06 20:10:02,Coimbra,LOCAL-060000,0.0,9,155.0,32.0,376.0,3.5,284.0,2.65,51.33,20899.0,10728.0,Centro
2019-10-06 20:10:02,Évora,LOCAL-070000,0.0,3,69.0,21.0,138.0,1.72,108.0,1.34,55.48,14494.0,8041.0,Alentejo
2019-10-06 20:10:02,Faro,LOCAL-080000,0.0,9,67.0,15.0,239.0,3.26,149.0,2.03,52.16,14071.0,7340.0,Algarve
2019-10-06 20:10:02,Guarda,LOCAL-090000,0.0,3,242.0,173.0,735.0,2.49,828.0,2.81,48.5,60818.0,29494.0,Centro
2019-10-06 20:10:02,Leiria,LOCAL-100000,0.0,10,110.0,12.0,291.0,3.87,176.0,2.34,55.96,13439.0,7520.0,Centro
2019-10-06 20:10:02,Lisboa,LOCAL-110000,0.0,48,134.0,6.0,127.0,2.78,114.0,2.49,55.33,8265.0,4573.0,Lisboa
2019-10-06 20:10:02,Madeira,LOCAL-300000,0.0,6,54.0,9.0,19.0,0.59,60.0,1.88,46.69,6848.0,3197.0,Madeira
2019-10-06 20:10:02,Portalegre,LOCAL-120000,0.0,2,69.0,23.0,136.0,1.86,139.0,1.9,57.36,12730.0,7302.0,Alentejo
2019-10-06 20:10:02,Porto,LOCAL-130000,0.0,40,243.0,21.0,223.0,1.93,230.0,1.99,54.31,21271.0,11553.0,Norte
2019-10-06 20:10:02,Santarém,LOCAL-140000,0.0,9,141.0,40.0,609.0,2.65,495.0,2.16,56.78,40414.0,22948.0,Centro
2019-10-06 20:10:02,Setúbal,LOCAL-150000,0.0,18,55.0,3.0,40.0,1.41,39.0,1.38,49.12,5767.0,2833.0,Lisboa
2019-10-06 20:10:02,Viana do Castelo,LOCAL-160000,0.0,6,208.0,96.0,903.0,2.89,547.0,1.75,47.9,65198.0,31229.0,Norte
2019-10-06 20:10:02,Vila Real,LOCAL-170000,0.0,5,197.0,83.0,453.0,1.98,618.0,2.7,42.94,53405.0,22931.0,Norte
2019-10-06 20:10:02,Viseu,LOCAL-180000,0.0,8,277.0,153.0,1485.0,2.6,1242.0,2.17,49.57,115266.0,57142.0,Centro
2019-10-06 20:15:02,Açores,LOCAL-400000,0.0,0,0.0,0.0,0.0,0.0,0.0,0.0,0.0,0.0,0.0,Açores
2019-10-06 20:15:02,Aveiro,LOCAL-010000,0.0,16,147.0,12.0,186.0,2.92,101.0,1.59,53.3,11953.0,6371.0,Norte
2019-10-06 20:15:02,Beja,LOCAL-020000,0.0,3,75.0,23.0,125.0,1.69,136.0,1.84,52.24,14136.0,7384.0,Alentejo
2019-10-06 20:15:02,Braga,LOCAL-030000,0.0,19,347.0,61.0,888.0,2.89,1029.0,3.35,57.16,53691.0,30689.0,Norte
2019-10-06 20:15:02,Bragança,LOCAL-040000,0.0,3,226.0,96.0,268.0,1.91,323.0,2.3,42.88,32796.0,14064.0,Norte
2019-10-06 20:15:02,Castelo Branco,LOCAL-050000,0.0,4,120.0,73.0,593.0,2.36,740.0,2.95,53.19,47149.0,25078.0,Centro
2019-10-06 20:15:02,Coimbra,LOCAL-060000,0.0,9,155.0,32.0,376.0,3.5,284.0,2.65,51.33,20899.0,10728.0,Centro
2019-10-06 20:15:02,Évora,LOCAL-070000,0.0,3,69.0,21.0,138.0,1.72,108.0,1.34,55.48,14494.0,8041.0,Alentejo
2019-10-06 20:15:02,Faro,LOCAL-080000,0.0,9,67.0,15.0,239.0,3.26,149.0,2.03,52.16,14071.0,7340.0,Algarve
2019-10-06 20:15:02,Guarda,LOCAL-090000,0.0,3,242.0,173.0,735.0,2.49,828.0,2.81,48.5,60818.0,29494.0,Centro
2019-10-06 20:15:02,Leiria,LOCAL-100000,0.0,10,110.0,12.0,291.0,3.87,176.0,2.34,55.96,13439.0,7520.0,Centro
2019-10-06 20:15:02,Lisboa,LOCAL-110000,0.0,48,134.0,6.0,127.0,2.78,114.0,2.49,55.33,8265.0,4573.0,Lisboa
2019-10-06 20:15:02,Madeira,LOCAL-300000,0.0,6,54.0,9.0,19.0,0.59,60.0,1.88,46.69,6848.0,3197.0,Madeira
2019-10-06 20:15:02,Portalegre,LOCAL-120000,0.0,2,69.0,23.0,136.0,1.86,139.0,1.9,57.36,12730.0,7302.0,Alentejo
2019-10-06 20:15:02,Porto,LOCAL-130000,0.0,40,243.0,21.0,223.0,1.93,230.0,1.99,54.31,21271.0,11553.0,Norte
2019-10-06 20:15:02,Santarém,LOCAL-140000,0.0,9,141.0,40.0,609.0,2.65,495.0,2.16,56.78,40414.0,22948.0,Centro
2019-10-06 20:15:02,Setúbal,LOCAL-150000,0.0,18,55.0,3.0,40.0,1.41,39.0,1.38,49.12,5767.0,2833.0,Lisboa
2019-10-06 20:15:02,Viana do Castelo,LOCAL-160000,0.0,6,208.0,96.0,903.0,2.89,547.0,1.75,47.9,65198.0,31229.0,Norte
2019-10-06 20:15:02,Vila Real,LOCAL-170000,0.0,5,197.0,94.0,584.0,2.04,779.0,2.72,44.04,65127.0,28685.0,Norte
2019-10-06 20:15:02,Viseu,LOCAL-180000,0.0,8,277.0,153.0,1485.0,2.6,1242.0,2.17,49.57,115266.0,57142.0,Centro
2019-10-06 20:20:02,Açores,LOCAL-400000,0.0,0,0.0,0.0,0.0,0.0,0.0,0.0,0.0,0.0,0.0,Açores
2019-10-06 20:20:02,Aveiro,LOCAL-010000,0.0,16,147.0,12.0,186.0,2.92,101.0,1.59,53.3,11953.0,6371.0,Norte
2019-10-06 20:20:02,Beja,LOCAL-020000,0.0,3,75.0,23.0,125.0,1.69,136.0,1.84,52.24,14136.0,7384.0,Alentejo
2019-10-06 20:20:02,Braga,LOCAL-030000,0.0,19,347.0,61.0,888.0,2.89,1029.0,3.35,57.16,53691.0,30689.0,Norte
2019-10-06 20:20:02,Bragança,LOCAL-040000,0.0,3,226.0,96.0,268.0,1.91,323.0,2.3,42.88,32796.0,14064.0,Norte
2019-10-06 20:20:02,Castelo Branco,LOCAL-050000,0.0,4,120.0,73.0,593.0,2.36,740.0,2.95,53.19,47149.0,25078.0,Centro
2019-10-06 20:20:02,Coimbra,LOCAL-060000,0.0,9,155.0,32.0,376.0,3.5,284.0,2.65,51.33,20899.0,10728.0,Centro
2019-10-06 20:20:02,Évora,LOCAL-070000,0.0,3,69.0,21.0,138.0,1.72,108.0,1.34,55.48,14494.0,8041.0,Alentejo
2019-10-06 20:20:02,Faro,LOCAL-080000,0.0,9,67.0,15.0,239.0,3.26,149.0,2.03,52.16,14071.0,7340.0,Algarve
2019-10-06 20:20:02,Guarda,LOCAL-090000,0.0,3,242.0,173.0,735.0,2.49,828.0,2.81,48.5,60818.0,29494.0,Centro
2019-10-06 20:20:02,Leiria,LOCAL-100000,0.0,10,110.0,12.0,291.0,3.87,176.0,2.34,55.96,13439.0,7520.0,Centro
2019-10-06 20:20:02,Lisboa,LOCAL-110000,0.0,48,134.0,6.0,127.0,2.78,114.0,2.49,55.33,8265.0,4573.0,Lisboa
2019-10-06 20:20:02,Madeira,LOCAL-300000,0.0,6,54.0,11.0,39.0,0.55,117.0,1.65,51.16,13838.0,7080.0,Madeira
2019-10-06 20:20:02,Portalegre,LOCAL-120000,0.0,2,69.0,23.0,136.0,1.86,139.0,1.9,57.36,12730.0,7302.0,Alentejo
2019-10-06 20:20:02,Porto,LOCAL-130000,0.0,40,243.0,21.0,223.0,1.93,230.0,1.99,54.31,21271.0,11553.0,Norte
2019-10-06 20:20:02,Santarém,LOCAL-140000,0.0,9,141.0,40.0,609.0,2.65,495.0,2.16,56.78,40414.0,22948.0,Centro
2019-10-06 20:20:02,Setúbal,LOCAL-150000,0.0,18,55.0,3.0,40.0,1.41,39.0,1.38,49.12,5767.0,2833.0,Lisboa
2019-10-06 20:20:02,Viana do Castelo,LOCAL-160000,0.0,6,208.0,96.0,903.0,2.89,547.0,1.75,47.9,65198.0,31229.0,Norte
2019-10-06 20:20:02,Vila Real,LOCAL-170000,0.0,5,197.0,94.0,584.0,2.04,779.0,2.72,44.04,65127.0,28685.0,Norte
2019-10-06 20:20:02,Viseu,LOCAL-180000,0.0,8,277.0,153.0,1485.0,2.6,1242.0,2.17,49.57,115266.0,57142.0,Centro
2019-10-06 20:25:02,Açores,LOCAL-400000,0.0,0,0.0,0.0,0.0,0.0,0.0,0.0,0.0,0.0,0.0,Açores
2019-10-06 20:25:02,Aveiro,LOCAL-010000,0.0,16,147.0,12.0,186.0,2.92,101.0,1.59,53.3,11953.0,6371.0,Norte
2019-10-06 20:25:02,Beja,LOCAL-020000,0.0,3,75.0,23.0,125.0,1.69,136.0,1.84,52.24,14136.0,7384.0,Alentejo
2019-10-06 20:25:02,Braga,LOCAL-030000,0.0,19,347.0,61.0,888.0,2.89,1029.0,3.35,57.16,53691.0,30689.0,Norte
2019-10-06 20:25:02,Bragança,LOCAL-040000,0.0,3,226.0,96.0,268.0,1.91,323.0,2.3,42.88,32796.0,14064.0,Norte
2019-10-06 20:25:02,Castelo Branco,LOCAL-050000,0.0,4,120.0,73.0,593.0,2.36,740.0,2.95,53.19,47149.0,25078.0,Centro
2019-10-06 20:25:02,Coimbra,LOCAL-060000,0.0,9,155.0,32.0,376.0,3.5,284.0,2.65,51.33,20899.0,10728.0,Centro
2019-10-06 20:25:02,Évora,LOCAL-070000,0.0,3,69.0,21.0,138.0,1.72,108.0,1.34,55.48,14494.0,8041.0,Alentejo
2019-10-06 20:25:02,Faro,LOCAL-080000,0.0,9,67.0,15.0,239.0,3.26,149.0,2.03,52.16,14071.0,7340.0,Algarve
2019-10-06 20:25:02,Guarda,LOCAL-090000,0.0,3,242.0,173.0,735.0,2.49,828.0,2.81,48.5,60818.0,29494.0,Centro
2019-10-06 20:25:02,Leiria,LOCAL-100000,0.0,10,110.0,12.0,291.0,3.87,176.0,2.34,55.96,13439.0,7520.0,Centro
2019-10-06 20:25:02,Lisboa,LOCAL-110000,0.0,48,134.0,6.0,127.0,2.78,114.0,2.49,55.33,8265.0,4573.0,Lisboa
2019-10-06 20:25:02,Madeira,LOCAL-300000,0.0,6,54.0,11.0,39.0,0.55,117.0,1.65,51.16,13838.0,7080.0,Madeira
2019-10-06 20:25:02,Portalegre,LOCAL-120000,0.0,2,69.0,23.0,136.0,1.86,139.0,1.9,57.36,12730.0,7302.0,Alentejo
2019-10-06 20:25:02,Porto,LOCAL-130000,0.0,40,243.0,21.0,223.0,1.93,230.0,1.99,54.31,21271.0,11553.0,Norte
2019-10-06 20:25:02,Santarém,LOCAL-140000,0.0,9,141.0,40.0,609.0,2.65,495.0,2.16,56.78,40414.0,22948.0,Centro
2019-10-06 20:25:02,Setúbal,LOCAL-150000,0.0,18,55.0,3.0,40.0,1.41,39.0,1.38,49.12,5767.0,2833.0,Lisboa
2019-10-06 20:25:02,Viana do Castelo,LOCAL-160000,0.0,6,208.0,96.0,903.0,2.89,547.0,1.75,47.9,65198.0,31229.0,Norte
2019-10-06 20:25:02,Vila Real,LOCAL-170000,0.0,5,197.0,94.0,584.0,2.04,779.0,2.72,44.04,65127.0,28685.0,Norte
2019-10-06 20:25:02,Viseu,LOCAL-180000,0.0,8,277.0,153.0,1485.0,2.6,1242.0,2.17,49.57,115266.0,57142.0,Centro
2019-10-06 20:30:02,Açores,LOCAL-400000,0.0,0,0.0,0.0,0.0,0.0,0.0,0.0,0.0,0.0,0.0,Açores
2019-10-06 20:30:02,Aveiro,LOCAL-010000,0.0,16,147.0,12.0,186.0,2.92,101.0,1.59,53.3,11953.0,6371.0,Norte
2019-10-06 20:30:02,Beja,LOCAL-020000,0.0,3,75.0,23.0,125.0,1.69,136.0,1.84,52.24,14136.0,7384.0,Alentejo
2019-10-06 20:30:02,Braga,LOCAL-030000,0.0,19,347.0,61.0,888.0,2.89,1029.0,3.35,57.16,53691.0,30689.0,Norte
2019-10-06 20:30:02,Bragança,LOCAL-040000,0.0,3,226.0,96.0,268.0,1.91,323.0,2.3,42.88,32796.0,14064.0,Norte
2019-10-06 20:30:02,Castelo Branco,LOCAL-050000,0.0,4,120.0,73.0,593.0,2.36,740.0,2.95,53.19,47149.0,25078.0,Centro
2019-10-06 20:30:02,Coimbra,LOCAL-060000,0.0,9,155.0,32.0,376.0,3.5,284.0,2.65,51.33,20899.0,10728.0,Centro
2019-10-06 20:30:02,Évora,LOCAL-070000,0.0,3,69.0,21.0,138.0,1.72,108.0,1.34,55.48,14494.0,8041.0,Alentejo
2019-10-06 20:30:02,Faro,LOCAL-080000,0.0,9,67.0,15.0,239.0,3.26,149.0,2.03,52.16,14071.0,7340.0,Algarve
2019-10-06 20:30:02,Guarda,LOCAL-090000,0.0,3,242.0,173.0,735.0,2.49,828.0,2.81,48.5,60818.0,29494.0,Centro
2019-10-06 20:30:02,Leiria,LOCAL-100000,0.0,10,110.0,12.0,291.0,3.87,176.0,2.34,55.96,13439.0,7520.0,Centro
2019-10-06 20:30:02,Lisboa,LOCAL-110000,0.0,48,134.0,6.0,127.0,2.78,114.0,2.49,55.33,8265.0,4573.0,Lisboa
2019-10-06 20:30:02,Madeira,LOCAL-300000,0.0,6,54.0,11.0,39.0,0.55,117.0,1.65,51.16,13838.0,7080.0,Madeira
2019-10-06 20:30:02,Portalegre,LOCAL-120000,0.0,2,69.0,23.0,136.0,1.86,139.0,1.9,57.36,12730.0,7302.0,Alentejo
2019-10-06 20:30:02,Porto,LOCAL-130000,0.0,40,243.0,21.0,223.0,1.93,230.0,1.99,54.31,21271.0,11553.0,Norte
2019-10-06 20:30:02,Santarém,LOCAL-140000,0.0,9,141.0,40.0,609.0,2.65,495.0,2.16,56.78,40414.0,22948.0,Centro
2019-10-06 20:30:02,Setúbal,LOCAL-150000,0.0,18,55.0,3.0,40.0,1.41,39.0,1.38,49.12,5767.0,2833.0,Lisboa
2019-10-06 20:30:02,Viana do Castelo,LOCAL-160000,0.0,6,208.0,96.0,903.0,2.89,547.0,1.75,47.9,65198.0,31229.0,Norte
2019-10-06 20:30:02,Vila Real,LOCAL-170000,0.0,5,197.0,94.0,584.0,2.04,779.0,2.72,44.04,65127.0,28685.0,Norte
2019-10-06 20:30:02,Viseu,LOCAL-180000,0.0,8,277.0,153.0,1485.0,2.6,1242.0,2.17,49.57,115266.0,57142.0,Centro
2019-10-06 20:35:02,Açores,LOCAL-400000,0.0,0,0.0,0.0,0.0,0.0,0.0,0.0,0.0,0.0,0.0,Açores
2019-10-06 20:35:02,Aveiro,LOCAL-010000,0.0,16,147.0,12.0,186.0,2.92,101.0,1.59,53.3,11953.0,6371.0,Norte
2019-10-06 20:35:02,Beja,LOCAL-020000,0.0,3,75.0,23.0,125.0,1.69,136.0,1.84,52.24,14136.0,7384.0,Alentejo
2019-10-06 20:35:02,Braga,LOCAL-030000,0.0,19,347.0,61.0,888.0,2.89,1029.0,3.35,57.16,53691.0,30689.0,Norte
2019-10-06 20:35:02,Bragança,LOCAL-040000,0.0,3,226.0,96.0,268.0,1.91,323.0,2.3,42.88,32796.0,14064.0,Norte
2019-10-06 20:35:02,Castelo Branco,LOCAL-050000,0.0,4,120.0,73.0,593.0,2.36,740.0,2.95,53.19,47149.0,25078.0,Centro
2019-10-06 20:35:02,Coimbra,LOCAL-060000,0.0,9,155.0,32.0,376.0,3.5,284.0,2.65,51.33,20899.0,10728.0,Centro
2019-10-06 20:35:02,Évora,LOCAL-070000,0.0,3,69.0,21.0,138.0,1.72,108.0,1.34,55.48,14494.0,8041.0,Alentejo
2019-10-06 20:35:02,Faro,LOCAL-080000,0.0,9,67.0,15.0,239.0,3.26,149.0,2.03,52.16,14071.0,7340.0,Algarve
2019-10-06 20:35:02,Guarda,LOCAL-090000,0.0,3,242.0,173.0,735.0,2.49,828.0,2.81,48.5,60818.0,29494.0,Centro
2019-10-06 20:35:02,Leiria,LOCAL-100000,0.0,10,110.0,12.0,291.0,3.87,176.0,2.34,55.96,13439.0,7520.0,Centro
2019-10-06 20:35:02,Lisboa,LOCAL-110000,0.0,48,134.0,6.0,127.0,2.78,114.0,2.49,55.33,8265.0,4573.0,Lisboa
2019-10-06 20:35:02,Madeira,LOCAL-300000,0.0,6,54.0,11.0,39.0,0.55,117.0,1.65,51.16,13838.0,7080.0,Madeira
2019-10-06 20:35:02,Portalegre,LOCAL-120000,0.0,2,69.0,23.0,136.0,1.86,139.0,1.9,57.36,12730.0,7302.0,Alentejo
2019-10-06 20:35:02,Porto,LOCAL-130000,0.0,40,243.0,21.0,223.0,1.93,230.0,1.99,54.31,21271.0,11553.0,Norte
2019-10-06 20:35:02,Santarém,LOCAL-140000,0.0,9,141.0,40.0,609.0,2.65,495.0,2.16,56.78,40414.0,22948.0,Centro
2019-10-06 20:35:02,Setúbal,LOCAL-150000,0.0,18,55.0,3.0,40.0,1.41,39.0,1.38,49.12,5767.0,2833.0,Lisboa
2019-10-06 20:35:02,Viana do Castelo,LOCAL-160000,0.0,6,208.0,96.0,903.0,2.89,547.0,1.75,47.9,65198.0,31229.0,Norte
2019-10-06 20:35:02,Vila Real,LOCAL-170000,0.0,5,197.0,94.0,584.0,2.04,779.0,2.72,44.04,65127.0,28685.0,Norte
2019-10-06 20:35:02,Viseu,LOCAL-180000,0.0,8,277.0,153.0,1485.0,2.6,1242.0,2.17,49.57,115266.0,57142.0,Centro
2019-10-06 20:40:02,Açores,LOCAL-400000,0.0,0,0.0,0.0,0.0,0.0,0.0,0.0,0.0,0.0,0.0,Açores
2019-10-06 20:40:02,Aveiro,LOCAL-010000,0.0,16,147.0,12.0,186.0,2.92,101.0,1.59,53.3,11953.0,6371.0,Norte
2019-10-06 20:40:02,Beja,LOCAL-020000,0.0,3,75.0,23.0,125.0,1.69,136.0,1.84,52.24,14136.0,7384.0,Alentejo
2019-10-06 20:40:02,Braga,LOCAL-030000,0.0,19,347.0,61.0,888.0,2.89,1029.0,3.35,57.16,53691.0,30689.0,Norte
2019-10-06 20:40:02,Bragança,LOCAL-040000,0.0,3,226.0,96.0,268.0,1.91,323.0,2.3,42.88,32796.0,14064.0,Norte
2019-10-06 20:40:02,Castelo Branco,LOCAL-050000,0.0,4,120.0,73.0,593.0,2.36,740.0,2.95,53.19,47149.0,25078.0,Centro
2019-10-06 20:40:02,Coimbra,LOCAL-060000,0.0,9,155.0,32.0,376.0,3.5,284.0,2.65,51.33,20899.0,10728.0,Centro
2019-10-06 20:40:02,Évora,LOCAL-070000,0.0,3,69.0,21.0,138.0,1.72,108.0,1.34,55.48,14494.0,8041.0,Alentejo
2019-10-06 20:40:02,Faro,LOCAL-080000,0.0,9,67.0,15.0,239.0,3.26,149.0,2.03,52.16,14071.0,7340.0,Algarve
2019-10-06 20:40:02,Guarda,LOCAL-090000,0.0,3,242.0,173.0,735.0,2.49,828.0,2.81,48.5,60818.0,29494.0,Centro
2019-10-06 20:40:02,Leiria,LOCAL-100000,0.0,10,110.0,12.0,291.0,3.87,176.0,2.34,55.96,13439.0,7520.0,Centro
2019-10-06 20:40:02,Lisboa,LOCAL-110000,0.0,48,134.0,6.0,127.0,2.78,114.0,2.49,55.33,8265.0,4573.0,Lisboa
2019-10-06 20:40:02,Madeira,LOCAL-300000,0.0,6,54.0,11.0,39.0,0.55,117.0,1.65,51.16,13838.0,7080.0,Madeira
2019-10-06 20:40:02,Portalegre,LOCAL-120000,0.0,2,69.0,23.0,136.0,1.86,139.0,1.9,57.36,12730.0,7302.0,Alentejo
2019-10-06 20:40:02,Porto,LOCAL-130000,0.0,40,243.0,21.0,223.0,1.93,230.0,1.99,54.31,21271.0,11553.0,Norte
2019-10-06 20:40:02,Santarém,LOCAL-140000,0.0,9,141.0,40.0,609.0,2.65,495.0,2.16,56.78,40414.0,22948.0,Centro
2019-10-06 20:40:02,Setúbal,LOCAL-150000,0.0,18,55.0,3.0,40.0,1.41,39.0,1.38,49.12,5767.0,2833.0,Lisboa
2019-10-06 20:40:02,Viana do Castelo,LOCAL-160000,0.0,6,208.0,96.0,903.0,2.89,547.0,1.75,47.9,65198.0,31229.0,Norte
2019-10-06 20:40:02,Vila Real,LOCAL-170000,0.0,5,197.0,94.0,584.0,2.04,779.0,2.72,44.04,65127.0,28685.0,Norte
2019-10-06 20:40:02,Viseu,LOCAL-180000,0.0,8,277.0,153.0,1485.0,2.6,1242.0,2.17,49.57,115266.0,57142.0,Centro
2019-10-06 20:45:02,Açores,LOCAL-400000,0.0,5,156.0,47.0,727.0,5.38,189.0,1.4,37.15,36393.0,13520.0,Açores
2019-10-06 20:45:02,Aveiro,LOCAL-010000,0.0,16,147.0,12.0,186.0,2.92,101.0,1.59,53.3,11953.0,6371.0,Norte
2019-10-06 20:45:02,Beja,LOCAL-020000,0.0,3,75.0,61.0,864.0,2.05,751.0,1.78,53.15,79436.0,42217.0,Alentejo
2019-10-06 20:45:02,Braga,LOCAL-030000,0.0,19,347.0,61.0,888.0,2.89,1029.0,3.35,57.16,53691.0,30689.0,Norte
2019-10-06 20:45:02,Bragança,LOCAL-040000,0.0,3,226.0,96.0,268.0,1.91,323.0,2.3,42.88,32796.0,14064.0,Norte
2019-10-06 20:45:02,Castelo Branco,LOCAL-050000,0.0,4,120.0,73.0,593.0,2.36,740.0,2.95,53.19,47149.0,25078.0,Centro
2019-10-06 20:45:02,Coimbra,LOCAL-060000,0.0,9,155.0,32.0,376.0,3.5,284.0,2.65,51.33,20899.0,10728.0,Centro
2019-10-06 20:45:02,Évora,LOCAL-070000,0.0,3,69.0,21.0,138.0,1.72,108.0,1.34,55.48,14494.0,8041.0,Alentejo
2019-10-06 20:45:02,Faro,LOCAL-080000,0.0,9,67.0,15.0,239.0,3.26,149.0,2.03,52.16,14071.0,7340.0,Algarve
2019-10-06 20:45:02,Guarda,LOCAL-090000,0.0,3,242.0,173.0,735.0,2.49,828.0,2.81,48.5,60818.0,29494.0,Centro
2019-10-06 20:45:02,Leiria,LOCAL-100000,0.0,10,110.0,12.0,291.0,3.87,176.0,2.34,55.96,13439.0,7520.0,Centro
2019-10-06 20:45:02,Lisboa,LOCAL-110000,0.0,48,134.0,6.0,127.0,2.78,114.0,2.49,55.33,8265.0,4573.0,Lisboa
2019-10-06 20:45:02,Madeira,LOCAL-300000,0.0,6,54.0,11.0,39.0,0.55,117.0,1.65,51.16,13838.0,7080.0,Madeira
2019-10-06 20:45:02,Portalegre,LOCAL-120000,0.0,2,69.0,23.0,136.0,1.86,139.0,1.9,57.36,12730.0,7302.0,Alentejo
2019-10-06 20:45:02,Porto,LOCAL-130000,0.0,40,243.0,21.0,223.0,1.93,230.0,1.99,54.31,21271.0,11553.0,Norte
2019-10-06 20:45:02,Santarém,LOCAL-140000,0.0,9,141.0,40.0,609.0,2.65,495.0,2.16,56.78,40414.0,22948.0,Centro
2019-10-06 20:45:02,Setúbal,LOCAL-150000,0.0,18,55.0,3.0,40.0,1.41,39.0,1.38,49.12,5767.0,2833.0,Lisboa
2019-10-06 20:45:02,Viana do Castelo,LOCAL-160000,0.0,6,208.0,96.0,903.0,2.89,547.0,1.75,47.9,65198.0,31229.0,Norte
2019-10-06 20:45:02,Vila Real,LOCAL-170000,0.0,5,197.0,94.0,584.0,2.04,779.0,2.72,44.04,65127.0,28685.0,Norte
2019-10-06 20:45:02,Viseu,LOCAL-180000,0.0,8,277.0,153.0,1485.0,2.6,1242.0,2.17,49.57,115266.0,57142.0,Centro
2019-10-06 20:50:01,Açores,LOCAL-400000,0.0,5,156.0,47.0,727.0,5.38,189.0,1.4,37.15,36393.0,13520.0,Açores
2019-10-06 20:50:01,Aveiro,LOCAL-010000,0.0,16,147.0,12.0,186.0,2.92,101.0,1.59,53.3,11953.0,6371.0,Norte
2019-10-06 20:50:01,Beja,LOCAL-020000,0.0,3,75.0,66.0,1080.0,2.08,898.0,1.73,52.26,99343.0,51916.0,Alentejo
2019-10-06 20:50:01,Braga,LOCAL-030000,3.0,16,347.0,213.0,5688.0,3.12,3523.0,1.93,59.45,306304.0,182088.0,Norte
2019-10-06 20:50:01,Bragança,LOCAL-040000,0.0,3,226.0,195.0,806.0,2.07,881.0,2.27,44.39,87609.0,38886.0,Norte
2019-10-06 20:50:01,Castelo Branco,LOCAL-050000,0.0,4,120.0,113.0,1371.0,2.39,1544.0,2.69,55.09,104284.0,57446.0,Centro
2019-10-06 20:50:01,Coimbra,LOCAL-060000,0.0,9,155.0,32.0,376.0,3.5,284.0,2.65,51.33,20899.0,10728.0,Centro
2019-10-06 20:50:01,Évora,LOCAL-070000,0.0,3,69.0,21.0,138.0,1.72,108.0,1.34,55.48,14494.0,8041.0,Alentejo
2019-10-06 20:50:01,Faro,LOCAL-080000,0.0,9,67.0,15.0,239.0,3.26,149.0,2.03,52.16,14071.0,7340.0,Algarve
2019-10-06 20:50:01,Guarda,LOCAL-090000,0.0,3,242.0,173.0,735.0,2.49,828.0,2.81,48.5,60818.0,29494.0,Centro
2019-10-06 20:50:01,Leiria,LOCAL-100000,0.0,10,110.0,12.0,291.0,3.87,176.0,2.34,55.96,13439.0,7520.0,Centro
2019-10-06 20:50:01,Lisboa,LOCAL-110000,0.0,48,134.0,6.0,127.0,2.78,114.0,2.49,55.33,8265.0,4573.0,Lisboa
2019-10-06 20:50:01,Madeira,LOCAL-300000,0.0,6,54.0,11.0,39.0,0.55,117.0,1.65,51.16,13838.0,7080.0,Madeira
2019-10-06 20:50:01,Portalegre,LOCAL-120000,0.0,2,69.0,23.0,136.0,1.86,139.0,1.9,57.36,12730.0,7302.0,Alentejo
2019-10-06 20:50:01,Porto,LOCAL-130000,2.0,38,243.0,103.0,2604.0,2.13,2352.0,1.93,57.54,212135.0,122060.0,Norte
2019-10-06 20:50:01,Santarém,LOCAL-140000,0.0,9,141.0,40.0,609.0,2.65,495.0,2.16,56.78,40414.0,22948.0,Centro
2019-10-06 20:50:01,Setúbal,LOCAL-150000,0.0,18,55.0,3.0,40.0,1.41,39.0,1.38,49.12,5767.0,2833.0,Lisboa
2019-10-06 20:50:01,Viana do Castelo,LOCAL-160000,0.0,6,208.0,96.0,903.0,2.89,547.0,1.75,47.9,65198.0,31229.0,Norte
2019-10-06 20:50:01,Vila Real,LOCAL-170000,1.0,4,197.0,165.0,1450.0,2.16,1659.0,2.47,44.08,152282.0,67126.0,Norte
2019-10-06 20:50:01,Viseu,LOCAL-180000,0.0,8,277.0,153.0,1485.0,2.6,1242.0,2.17,49.57,115266.0,57142.0,Centro
2019-10-06 20:55:01,Açores,LOCAL-400000,0.0,5,156.0,47.0,727.0,5.38,189.0,1.4,37.15,36393.0,13520.0,Açores
2019-10-06 20:55:01,Aveiro,LOCAL-010000,0.0,16,147.0,60.0,2718.0,3.13,1573.0,1.81,54.59,158826.0,86709.0,Norte
2019-10-06 20:55:01,Beja,LOCAL-020000,0.0,3,75.0,66.0,1080.0,2.08,898.0,1.73,52.26,99343.0,51916.0,Alentejo
2019-10-06 20:55:01,Braga,LOCAL-030000,4.0,15,347.0,239.0,6737.0,3.11,4090.0,1.89,59.42,364865.0,216795.0,Norte
2019-10-06 20:55:01,Bragança,LOCAL-040000,0.0,3,226.0,195.0,806.0,2.07,881.0,2.27,44.39,87609.0,38886.0,Norte
2019-10-06 20:55:01,Castelo Branco,LOCAL-050000,0.0,4,120.0,113.0,1371.0,2.39,1544.0,2.69,55.09,104284.0,57446.0,Centro
2019-10-06 20:55:01,Coimbra,LOCAL-060000,0.0,9,155.0,111.0,2643.0,3.52,1661.0,2.21,52.19,144041.0,75181.0,Centro
2019-10-06 20:55:01,Évora,LOCAL-070000,0.0,3,69.0,52.0,728.0,2.08,497.0,1.42,53.49,65359.0,34961.0,Alentejo
2019-10-06 20:55:01,Faro,LOCAL-080000,0.0,9,67.0,45.0,1672.0,3.01,1074.0,1.93,47.06,118152.0,55602.0,Algarve
2019-10-06 20:55:01,Guarda,LOCAL-090000,0.0,3,242.0,173.0,735.0,2.49,828.0,2.81,48.5,60818.0,29494.0,Centro
2019-10-06 20:55:01,Leiria,LOCAL-100000,0.0,10,110.0,57.0,2459.0,3.83,1575.0,2.45,54.47,117793.0,64157.0,Centro
2019-10-06 20:55:01,Lisboa,LOCAL-110000,0.0,48,134.0,23.0,667.0,3.15,487.0,2.3,55.77,37946.0,21163.0,Lisboa
2019-10-06 20:55:01,Madeira,LOCAL-300000,0.0,6,54.0,11.0,39.0,0.55,117.0,1.65,51.16,13838.0,7080.0,Madeira
2019-10-06 20:55:01,Portalegre,LOCAL-120000,0.0,2,69.0,53.0,651.0,2.11,585.0,1.9,52.89,58219.0,30791.0,Alentejo
2019-10-06 20:55:01,Porto,LOCAL-130000,2.0,38,243.0,113.0,2994.0,2.13,2706.0,1.93,57.82,242639.0,140298.0,Norte
2019-10-06 20:55:01,Santarém,LOCAL-140000,0.0,9,141.0,40.0,609.0,2.65,495.0,2.16,56.78,40414.0,22948.0,Centro
2019-10-06 20:55:01,Setúbal,LOCAL-150000,0.0,18,55.0,20.0,798.0,2.53,478.0,1.52,52.23,60373.0,31533.0,Lisboa
2019-10-06 20:55:01,Viana do Castelo,LOCAL-160000,2.0,4,208.0,173.0,2480.0,2.98,1503.0,1.8,48.89,170462.0,83340.0,Norte
2019-10-06 20:55:01,Vila Real,LOCAL-170000,1.0,4,197.0,165.0,1450.0,2.16,1659.0,2.47,44.08,152282.0,67126.0,Norte
2019-10-06 20:55:01,Viseu,LOCAL-180000,0.0,8,277.0,153.0,1485.0,2.6,1242.0,2.17,49.57,115266.0,57142.0,Centro
2019-10-06 21:00:01,Açores,LOCAL-400000,0.0,5,156.0,69.0,1197.0,5.46,296.0,1.35,38.51,56949.0,21930.0,Açores
2019-10-06 21:00:01,Aveiro,LOCAL-010000,0.0,16,147.0,60.0,2718.0,3.13,1573.0,1.81,54.59,158826.0,86709.0,Norte
2019-10-06 21:00:01,Beja,LOCAL-020000,0.0,3,75.0,70.0,1110.0,2.06,926.0,1.71,51.77,104307.0,54000.0,Alentejo
2019-10-06 21:00:01,Braga,LOCAL-030000,4.0,15,347.0,239.0,6737.0,3.11,4090.0,1.89,59.42,364865.0,216795.0,Norte
2019-10-06 21:00:01,Bragança,LOCAL-040000,0.0,3,226.0,200.0,833.0,2.06,925.0,2.29,44.39,91160.0,40467.0,Norte
2019-10-06 21:00:01,Castelo Branco,LOCAL-050000,0.0,4,120.0,114.0,1375.0,2.38,1553.0,2.69,55.05,104898.0,57748.0,Centro
2019-10-06 21:00:01,Coimbra,LOCAL-060000,1.0,8,155.0,114.0,2927.0,3.55,1841.0,2.23,52.12,158205.0,82460.0,Centro
2019-10-06 21:00:01,Évora,LOCAL-070000,0.0,3,69.0,55.0,789.0,2.1,550.0,1.46,54.09,69570.0,37632.0,Alentejo
2019-10-06 21:00:01,Faro,LOCAL-080000,0.0,9,67.0,47.0,1906.0,3.03,1209.0,1.92,47.63,131945.0,62841.0,Algarve
2019-10-06 21:00:01,Guarda,LOCAL-090000,0.0,3,242.0,233.0,1512.0,2.67,1551.0,2.74,49.15,115213.0,56630.0,Centro
2019-10-06 21:00:01,Leiria,LOCAL-100000,0.0,10,110.0,59.0,2832.0,3.86,1771.0,2.42,53.54,136921.0,73309.0,Centro
2019-10-06 21:00:01,Lisboa,LOCAL-110000,0.0,48,134.0,24.0,751.0,3.18,526.0,2.23,55.82,42295.0,23611.0,Lisboa
2019-10-06 21:00:01,Madeira,LOCAL-300000,0.0,6,54.0,38.0,248.0,0.55,854.0,1.88,50.27,90256.0,45373.0,Madeira
2019-10-06 21:00:01,Portalegre,LOCAL-120000,0.0,2,69.0,53.0,651.0,2.11,585.0,1.9,52.89,58219.0,30791.0,Alentejo
2019-10-06 21:00:01,Porto,LOCAL-130000,2.0,38,243.0,126.0,3610.0,2.19,3192.0,1.93,57.69,285999.0,164993.0,Norte
2019-10-06 21:00:01,Santarém,LOCAL-140000,1.0,8,141.0,108.0,3457.0,2.92,2372.0,2.01,54.63,216561.0,118303.0,Centro
2019-10-06 21:00:01,Setúbal,LOCAL-150000,0.0,18,55.0,20.0,798.0,2.53,478.0,1.52,52.23,60373.0,31533.0,Lisboa
2019-10-06 21:00:01,Viana do Castelo,LOCAL-160000,2.0,4,208.0,182.0,2675.0,2.98,1607.0,1.79,48.97,183188.0,89714.0,Norte
2019-10-06 21:00:01,Vila Real,LOCAL-170000,1.0,4,197.0,166.0,1455.0,2.16,1660.0,2.47,44.07,152663.0,67276.0,Norte
2019-10-06 21:00:01,Viseu,LOCAL-180000,2.0,6,277.0,257.0,3689.0,2.76,2847.0,2.13,50.43,265063.0,133681.0,Centro
2019-10-06 21:05:01,Açores,LOCAL-400000,0.0,5,156.0,81.0,1444.0,5.42,389.0,1.46,38.09,69974.0,26654.0,Açores
2019-10-06 21:05:01,Aveiro,LOCAL-010000,0.0,16,147.0,68.0,3144.0,3.19,1804.0,1.83,53.77,183245.0,98537.0,Norte
2019-10-06 21:05:01,Beja,LOCAL-020000,1.0,2,75.0,72.0,1167.0,2.07,962.0,1.71,51.71,108991.0,56360.0,Alentejo
2019-10-06 21:05:01,Braga,LOCAL-030000,4.0,15,347.0,252.0,7319.0,3.13,4396.0,1.88,59.61,391829.0,233555.0,Norte
2019-10-06 21:05:01,Bragança,LOCAL-040000,0.0,3,226.0,205.0,849.0,2.04,944.0,2.27,44.38,93582.0,41530.0,Norte
2019-10-06 21:05:01,Castelo Branco,LOCAL-050000,0.0,4,120.0,115.0,1411.0,2.41,1564.0,2.67,55.08,106166.0,58479.0,Centro
2019-10-06 21:05:01,Coimbra,LOCAL-060000,1.0,8,155.0,114.0,2927.0,3.55,1841.0,2.23,52.12,158205.0,82460.0,Centro
2019-10-06 21:05:01,Évora,LOCAL-070000,0.0,3,69.0,59.0,832.0,2.08,596.0,1.49,54.16,73842.0,39990.0,Alentejo
2019-10-06 21:05:01,Faro,LOCAL-080000,0.0,9,67.0,49.0,2227.0,3.0,1402.0,1.89,47.29,157125.0,74312.0,Algarve
2019-10-06 21:05:01,Guarda,LOCAL-090000,0.0,3,242.0,236.0,1540.0,2.66,1594.0,2.75,49.15,117861.0,57929.0,Centro
2019-10-06 21:05:01,Leiria,LOCAL-100000,1.0,9,110.0,64.0,3493.0,3.87,2175.0,2.41,53.07,170133.0,90298.0,Centro
2019-10-06 21:05:01,Lisboa,LOCAL-110000,0.0,48,134.0,29.0,1040.0,3.09,696.0,2.07,56.88,59191.0,33667.0,Lisboa
2019-10-06 21:05:01,Madeira,LOCAL-300000,0.0,6,54.0,42.0,336.0,0.54,1127.0,1.81,50.25,124121.0,62366.0,Madeira
2019-10-06 21:05:01,Portalegre,LOCAL-120000,0.0,2,69.0,55.0,676.0,2.13,602.0,1.9,52.93,59875.0,31692.0,Alentejo
2019-10-06 21:05:01,Porto,LOCAL-130000,2.0,38,243.0,133.0,3907.0,2.21,3363.0,1.91,57.86,304916.0,176417.0,Norte
2019-10-06 21:05:01,Santarém,LOCAL-140000,1.0,8,141.0,113.0,3653.0,2.9,2480.0,1.97,54.52,231343.0,126138.0,Centro
2019-10-06 21:05:01,Setúbal,LOCAL-150000,0.0,18,55.0,23.0,899.0,2.43,533.0,1.44,52.14,70885.0,36962.0,Lisboa
2019-10-06 21:05:01,Viana do Castelo,LOCAL-160000,2.0,4,208.0,183.0,2636.0,2.97,1601.0,1.8,49.6,178856.0,88710.0,Norte
2019-10-06 21:05:01,Vila Real,LOCAL-170000,1.0,4,197.0,166.0,1455.0,2.16,1660.0,2.47,44.07,152663.0,67276.0,Norte
2019-10-06 21:05:01,Viseu,LOCAL-180000,2.0,6,277.0,257.0,3689.0,2.76,2847.0,2.13,50.43,265063.0,133681.0,Centro
2019-10-06 21:10:01,Açores,LOCAL-400000,0.0,5,156.0,81.0,1444.0,5.42,389.0,1.46,38.09,69974.0,26654.0,Açores
2019-10-06 21:10:01,Aveiro,LOCAL-010000,2.0,14,147.0,80.0,3886.0,3.16,2330.0,1.9,54.16,226818.0,122840.0,Norte
2019-10-06 21:10:01,Beja,LOCAL-020000,1.0,2,75.0,72.0,1167.0,2.07,962.0,1.71,51.71,108991.0,56360.0,Alentejo
2019-10-06 21:10:01,Braga,LOCAL-030000,5.0,14,347.0,264.0,7950.0,3.11,4686.0,1.83,59.62,428879.0,255689.0,Norte
2019-10-06 21:10:01,Bragança,LOCAL-040000,0.0,3,226.0,209.0,865.0,2.04,973.0,2.3,44.44,95214.0,42309.0,Norte
2019-10-06 21:10:01,Castelo Branco,LOCAL-050000,1.0,3,120.0,116.0,1828.0,2.42,1897.0,2.51,54.88,137505.0,75464.0,Centro
2019-10-06 21:10:01,Coimbra,LOCAL-060000,1.0,8,155.0,119.0,3129.0,3.56,1972.0,2.24,51.91,169447.0,87961.0,Centro
2019-10-06 21:10:01,Évora,LOCAL-070000,0.0,3,69.0,61.0,983.0,2.15,655.0,1.43,54.61,83746.0,45730.0,Alentejo
2019-10-06 21:10:01,Faro,LOCAL-080000,1.0,8,67.0,52.0,2581.0,3.03,1618.0,1.9,47.07,180696.0,85049.0,Algarve
2019-10-06 21:10:01,Guarda,LOCAL-090000,0.0,3,242.0,237.0,1672.0,2.69,1713.0,2.75,49.33,126230.0,62264.0,Centro
2019-10-06 21:10:01,Leiria,LOCAL-100000,1.0,9,110.0,64.0,3493.0,3.87,2175.0,2.41,53.07,170133.0,90298.0,Centro
2019-10-06 21:10:01,Lisboa,LOCAL-110000,0.0,48,134.0,35.0,1608.0,2.96,1104.0,2.03,56.78,95564.0,54263.0,Lisboa
2019-10-06 21:10:01,Madeira,LOCAL-300000,0.0,6,54.0,47.0,408.0,0.54,1376.0,1.81,50.18,151689.0,76125.0,Madeira
2019-10-06 21:10:01,Portalegre,LOCAL-120000,0.0,2,69.0,55.0,676.0,2.13,602.0,1.9,52.93,59875.0,31692.0,Alentejo
2019-10-06 21:10:01,Porto,LOCAL-130000,3.0,37,243.0,142.0,4624.0,2.25,3933.0,1.91,57.73,356062.0,205571.0,Norte
2019-10-06 21:10:01,Santarém,LOCAL-140000,1.0,8,141.0,115.0,3698.0,2.89,2496.0,1.95,54.45,235365.0,128165.0,Centro
2019-10-06 21:10:01,Setúbal,LOCAL-150000,0.0,18,55.0,23.0,899.0,2.43,533.0,1.44,52.14,70885.0,36962.0,Lisboa
2019-10-06 21:10:01,Viana do Castelo,LOCAL-160000,2.0,4,208.0,191.0,2821.0,2.99,1704.0,1.81,49.73,189412.0,94201.0,Norte
2019-10-06 21:10:01,Vila Real,LOCAL-170000,2.0,3,197.0,170.0,1508.0,2.18,1704.0,2.47,44.21,156314.0,69106.0,Norte
2019-10-06 21:10:01,Viseu,LOCAL-180000,2.0,6,277.0,257.0,3689.0,2.76,2847.0,2.13,50.43,265063.0,133681.0,Centro
2019-10-06 21:15:02,Açores,LOCAL-400000,0.0,5,156.0,100.0,1924.0,5.2,558.0,1.51,37.06,99788.0,36978.0,Açores
2019-10-06 21:15:02,Aveiro,LOCAL-010000,2.0,14,147.0,86.0,4435.0,3.08,2675.0,1.86,54.01,266159.0,143762.0,Norte
2019-10-06 21:15:02,Beja,LOCAL-020000,1.0,2,75.0,73.0,1175.0,2.06,972.0,1.71,51.74,110141.0,56985.0,Alentejo
2019-10-06 21:15:02,Braga,LOCAL-030000,6.0,13,347.0,283.0,9000.0,3.11,5240.0,1.81,59.61,484776.0,288955.0,Norte
2019-10-06 21:15:02,Bragança,LOCAL-040000,0.0,3,226.0,211.0,871.0,2.04,983.0,2.3,44.36,96411.0,42765.0,Norte
2019-10-06 21:15:02,Castelo Branco,LOCAL-050000,1.0,3,120.0,118.0,1864.0,2.4,1945.0,2.5,54.87,141734.0,77764.0,Centro
2019-10-06 21:15:02,Coimbra,LOCAL-060000,1.0,8,155.0,126.0,3848.0,3.61,2338.0,2.2,51.91,205076.0,106449.0,Centro
2019-10-06 21:15:02,Évora,LOCAL-070000,0.0,3,69.0,61.0,983.0,2.15,655.0,1.43,54.61,83746.0,45730.0,Alentejo
2019-10-06 21:15:02,Faro,LOCAL-080000,1.0,8,67.0,54.0,2871.0,3.01,1821.0,1.91,46.8,203731.0,95339.0,Algarve
2019-10-06 21:15:02,Guarda,LOCAL-090000,0.0,3,242.0,237.0,1672.0,2.69,1713.0,2.75,49.33,126230.0,62264.0,Centro
2019-10-06 21:15:02,Leiria,LOCAL-100000,1.0,9,110.0,73.0,3922.0,3.86,2479.0,2.44,52.93,192147.0,101703.0,Centro
2019-10-06 21:15:02,Lisboa,LOCAL-110000,0.0,48,134.0,35.0,1608.0,2.96,1104.0,2.03,56.78,95564.0,54263.0,Lisboa
2019-10-06 21:15:02,Madeira,LOCAL-300000,2.0,4,54.0,49.0,488.0,0.54,1625.0,1.8,50.59,178447.0,90272.0,Madeira
2019-10-06 21:15:02,Portalegre,LOCAL-120000,0.0,2,69.0,59.0,752.0,2.18,667.0,1.93,52.49,65811.0,34544.0,Alentejo
2019-10-06 21:15:02,Porto,LOCAL-130000,4.0,36,243.0,153.0,5226.0,2.28,4355.0,1.9,57.89,396635.0,229610.0,Norte
2019-10-06 21:15:02,Santarém,LOCAL-140000,1.0,8,141.0,115.0,3698.0,2.89,2496.0,1.95,54.45,235365.0,128165.0,Centro
2019-10-06 21:15:02,Setúbal,LOCAL-150000,0.0,18,55.0,23.0,899.0,2.43,533.0,1.44,52.14,70885.0,36962.0,Lisboa
2019-10-06 21:15:02,Viana do Castelo,LOCAL-160000,2.0,4,208.0,194.0,2885.0,3.0,1739.0,1.81,49.63,193884.0,96222.0,Norte
2019-10-06 21:15:02,Vila Real,LOCAL-170000,2.0,3,197.0,171.0,1524.0,2.19,1719.0,2.47,44.28,157299.0,69656.0,Norte
2019-10-06 21:15:02,Viseu,LOCAL-180000,4.0,4,277.0,265.0,4234.0,2.75,3251.0,2.11,50.81,303343.0,154136.0,Centro
2019-10-06 21:20:02,Açores,LOCAL-400000,0.0,5,156.0,100.0,1924.0,5.2,558.0,1.51,37.06,99788.0,36978.0,Açores
2019-10-06 21:20:02,Aveiro,LOCAL-010000,2.0,14,147.0,90.0,4566.0,3.07,2752.0,1.85,53.85,276062.0,148663.0,Norte
2019-10-06 21:20:02,Beja,LOCAL-020000,3.0,0,75.0,75.0,1371.0,2.13,1094.0,1.7,52.26,122987.0,64269.0,Alentejo
2019-10-06 21:20:02,Braga,LOCAL-030000,7.0,12,347.0,291.0,9595.0,3.07,5557.0,1.78,59.72,523337.0,312529.0,Norte
2019-10-06 21:20:02,Bragança,LOCAL-040000,0.0,3,226.0,214.0,878.0,2.03,995.0,2.3,44.41,97278.0,43203.0,Norte
2019-10-06 21:20:02,Castelo Branco,LOCAL-050000,1.0,3,120.0,118.0,1864.0,2.4,1945.0,2.5,54.87,141734.0,77764.0,Centro
2019-10-06 21:20:02,Coimbra,LOCAL-060000,1.0,8,155.0,126.0,3848.0,3.61,2338.0,2.2,51.91,205076.0,106449.0,Centro
2019-10-06 21:20:02,Évora,LOCAL-070000,0.0,3,69.0,61.0,983.0,2.15,655.0,1.43,54.61,83746.0,45730.0,Alentejo
2019-10-06 21:20:02,Faro,LOCAL-080000,1.0,8,67.0,56.0,3158.0,2.99,1997.0,1.89,45.91,229911.0,105547.0,Algarve
2019-10-06 21:20:02,Guarda,LOCAL-090000,0.0,3,242.0,238.0,1672.0,2.68,1716.0,2.75,49.3,126542.0,62382.0,Centro
2019-10-06 21:20:02,Leiria,LOCAL-100000,1.0,9,110.0,73.0,3922.0,3.86,2479.0,2.44,52.93,192147.0,101703.0,Centro
2019-10-06 21:20:02,Lisboa,LOCAL-110000,0.0,48,134.0,38.0,1864.0,2.97,1283.0,2.05,56.78,110375.0,62671.0,Lisboa
2019-10-06 21:20:02,Madeira,LOCAL-300000,2.0,4,54.0,50.0,515.0,0.53,1728.0,1.78,49.94,194547.0,97154.0,Madeira
2019-10-06 21:20:02,Portalegre,LOCAL-120000,0.0,2,69.0,61.0,764.0,2.15,682.0,1.92,52.52,67618.0,35514.0,Alentejo
2019-10-06 21:20:02,Porto,LOCAL-130000,5.0,35,243.0,161.0,6121.0,2.3,5038.0,1.89,57.24,465089.0,266211.0,Norte
2019-10-06 21:20:02,Santarém,LOCAL-140000,1.0,8,141.0,115.0,3698.0,2.89,2496.0,1.95,54.45,235365.0,128165.0,Centro
2019-10-06 21:20:02,Setúbal,LOCAL-150000,0.0,18,55.0,23.0,899.0,2.43,533.0,1.44,52.14,70885.0,36962.0,Lisboa
2019-10-06 21:20:02,Viana do Castelo,LOCAL-160000,2.0,4,208.0,194.0,2885.0,3.0,1739.0,1.81,49.63,193884.0,96222.0,Norte
2019-10-06 21:20:02,Vila Real,LOCAL-170000,2.0,3,197.0,173.0,1561.0,2.19,1765.0,2.47,44.2,161553.0,71405.0,Norte
2019-10-06 21:20:02,Viseu,LOCAL-180000,4.0,4,277.0,266.0,4252.0,2.75,3263.0,2.11,50.78,304500.0,154638.0,Centro
2019-10-06 21:25:02,Açores,LOCAL-400000,0.0,5,156.0,118.0,2451.0,5.15,743.0,1.56,36.6,129922.0,47556.0,Açores
2019-10-06 21:25:02,Aveiro,LOCAL-010000,2.0,14,147.0,90.0,4566.0,3.07,2752.0,1.85,53.85,276062.0,148663.0,Norte
2019-10-06 21:25:02,Beja,LOCAL-020000,3.0,0,75.0,75.0,1371.0,2.13,1094.0,1.7,52.26,122987.0,64269.0,Alentejo
2019-10-06 21:25:02,Braga,LOCAL-030000,7.0,12,347.0,291.0,9595.0,3.07,5557.0,1.78,59.72,523337.0,312529.0,Norte
2019-10-06 21:25:02,Bragança,LOCAL-040000,0.0,3,226.0,216.0,880.0,2.02,1008.0,2.32,44.43,97941.0,43514.0,Norte
2019-10-06 21:25:02,Castelo Branco,LOCAL-050000,1.0,3,120.0,118.0,1864.0,2.4,1945.0,2.5,54.87,141734.0,77764.0,Centro
2019-10-06 21:25:02,Coimbra,LOCAL-060000,2.0,7,155.0,133.0,4571.0,3.62,2633.0,2.08,52.6,240186.0,126336.0,Centro
2019-10-06 21:25:02,Évora,LOCAL-070000,0.0,3,69.0,62.0,991.0,2.14,663.0,1.43,54.67,84608.0,46251.0,Alentejo
2019-10-06 21:25:02,Faro,LOCAL-080000,1.0,8,67.0,57.0,3228.0,2.99,2030.0,1.88,45.97,235033.0,108041.0,Algarve
2019-10-06 21:25:02,Guarda,LOCAL-090000,0.0,3,242.0,238.0,1672.0,2.68,1716.0,2.75,49.3,126542.0,62382.0,Centro
2019-10-06 21:25:02,Leiria,LOCAL-100000,2.0,8,110.0,80.0,4821.0,3.8,3048.0,2.41,53.4,237303.0,126717.0,Centro
2019-10-06 21:25:02,Lisboa,LOCAL-110000,0.0,48,134.0,40.0,1928.0,2.97,1310.0,2.02,56.71,114591.0,64990.0,Lisboa
2019-10-06 21:25:02,Madeira,LOCAL-300000,2.0,4,54.0,50.0,515.0,0.53,1728.0,1.78,49.94,194547.0,97154.0,Madeira
2019-10-06 21:25:02,Portalegre,LOCAL-120000,0.0,2,69.0,62.0,948.0,2.21,831.0,1.94,53.02,80778.0,42825.0,Alentejo
2019-10-06 21:25:02,Porto,LOCAL-130000,5.0,35,243.0,169.0,6881.0,2.31,5604.0,1.88,57.25,520788.0,298151.0,Norte
2019-10-06 21:25:02,Santarém,LOCAL-140000,3.0,6,141.0,129.0,4839.0,2.94,3195.0,1.94,54.68,301315.0,164745.0,Centro
2019-10-06 21:25:02,Setúbal,LOCAL-150000,0.0,18,55.0,23.0,899.0,2.43,533.0,1.44,52.14,70885.0,36962.0,Lisboa
2019-10-06 21:25:02,Viana do Castelo,LOCAL-160000,2.0,4,208.0,197.0,2970.0,2.98,1802.0,1.81,49.75,200663.0,99825.0,Norte
2019-10-06 21:25:02,Vila Real,LOCAL-170000,2.0,3,197.0,175.0,1606.0,2.19,1803.0,2.46,44.51,164977.0,73425.0,Norte
2019-10-06 21:25:02,Viseu,LOCAL-180000,4.0,4,277.0,266.0,4252.0,2.75,3263.0,2.11,50.78,304500.0,154638.0,Centro
2019-10-06 21:30:01,Açores,LOCAL-400000,0.0,5,156.0,128.0,2861.0,5.01,898.0,1.57,36.47,156535.0,57094.0,Açores
2019-10-06 21:30:01,Aveiro,LOCAL-010000,4.0,12,147.0,102.0,5886.0,3.09,3531.0,1.86,54.0,352297.0,190251.0,Norte
2019-10-06 21:30:01,Beja,LOCAL-020000,3.0,0,75.0,75.0,1371.0,2.13,1094.0,1.7,52.26,122987.0,64269.0,Alentejo
2019-10-06 21:30:01,Braga,LOCAL-030000,7.0,12,347.0,294.0,9692.0,3.06,5630.0,1.78,59.67,530712.0,316659.0,Norte
2019-10-06 21:30:01,Bragança,LOCAL-040000,0.0,3,226.0,217.0,885.0,2.02,1017.0,2.32,44.43,98567.0,43790.0,Norte
2019-10-06 21:30:01,Castelo Branco,LOCAL-050000,1.0,3,120.0,118.0,1864.0,2.4,1945.0,2.5,54.87,141734.0,77764.0,Centro
2019-10-06 21:30:01,Coimbra,LOCAL-060000,2.0,7,155.0,133.0,4571.0,3.62,2633.0,2.08,52.6,240186.0,126336.0,Centro
2019-10-06 21:30:01,Évora,LOCAL-070000,0.0,3,69.0,63.0,1003.0,2.13,672.0,1.43,54.67,85974.0,47004.0,Alentejo
2019-10-06 21:30:01,Faro,LOCAL-080000,1.0,8,67.0,57.0,3228.0,2.99,2030.0,1.88,45.97,235033.0,108041.0,Algarve
2019-10-06 21:30:01,Guarda,LOCAL-090000,0.0,3,242.0,238.0,1672.0,2.68,1716.0,2.75,49.3,126542.0,62382.0,Centro
2019-10-06 21:30:01,Leiria,LOCAL-100000,2.0,8,110.0,80.0,4821.0,3.8,3048.0,2.41,53.4,237303.0,126717.0,Centro
2019-10-06 21:30:01,Lisboa,LOCAL-110000,1.0,47,134.0,44.0,2952.0,2.71,1908.0,1.75,58.44,186521.0,108994.0,Lisboa
2019-10-06 21:30:01,Madeira,LOCAL-300000,2.0,4,54.0,50.0,515.0,0.53,1728.0,1.78,49.94,194547.0,97154.0,Madeira
2019-10-06 21:30:01,Portalegre,LOCAL-120000,0.0,2,69.0,66.0,1144.0,2.31,959.0,1.94,52.93,93478.0,49474.0,Alentejo
2019-10-06 21:30:01,Porto,LOCAL-130000,6.0,34,243.0,175.0,7819.0,2.33,6206.0,1.85,56.93,589543.0,335645.0,Norte
2019-10-06 21:30:01,Santarém,LOCAL-140000,3.0,6,141.0,134.0,5085.0,2.97,3359.0,1.96,54.77,313074.0,171481.0,Centro
2019-10-06 21:30:01,Setúbal,LOCAL-150000,0.0,18,55.0,27.0,2018.0,2.33,1393.0,1.61,53.53,161564.0,86478.0,Lisboa
2019-10-06 21:30:01,Viana do Castelo,LOCAL-160000,2.0,4,208.0,199.0,2998.0,2.99,1813.0,1.81,49.78,201647.0,100381.0,Norte
2019-10-06 21:30:01,Vila Real,LOCAL-170000,2.0,3,197.0,180.0,1722.0,2.23,1887.0,2.44,44.78,172537.0,77266.0,Norte
2019-10-06 21:30:01,Viseu,LOCAL-180000,4.0,4,277.0,267.0,4329.0,2.77,3307.0,2.11,50.83,307852.0,156478.0,Centro
2019-10-06 21:35:01,Açores,LOCAL-400000,1.0,4,156.0,133.0,3076.0,4.93,1000.0,1.6,35.98,173284.0,62351.0,Açores
2019-10-06 21:35:01,Aveiro,LOCAL-010000,4.0,12,147.0,102.0,5886.0,3.09,3531.0,1.86,54.0,352297.0,190251.0,Norte
2019-10-06 21:35:01,Beja,LOCAL-020000,3.0,0,75.0,75.0,1371.0,2.13,1094.0,1.7,52.26,122987.0,64269.0,Alentejo
2019-10-06 21:35:01,Braga,LOCAL-030000,9.0,10,347.0,303.0,10527.0,3.07,6094.0,1.78,59.58,575562.0,342916.0,Norte
2019-10-06 21:35:01,Bragança,LOCAL-040000,0.0,3,226.0,219.0,941.0,1.99,1101.0,2.33,44.71,105645.0,47230.0,Norte
2019-10-06 21:35:01,Castelo Branco,LOCAL-050000,1.0,3,120.0,119.0,2079.0,2.38,2097.0,2.4,55.14,158492.0,87388.0,Centro
2019-10-06 21:35:01,Coimbra,LOCAL-060000,3.0,6,155.0,137.0,4875.0,3.56,2818.0,2.06,52.74,259638.0,136922.0,Centro
2019-10-06 21:35:01,Évora,LOCAL-070000,0.0,3,69.0,64.0,1095.0,2.17,722.0,1.43,54.2,93011.0,50416.0,Alentejo
2019-10-06 21:35:01,Faro,LOCAL-080000,3.0,6,67.0,61.0,4129.0,2.91,2541.0,1.79,45.89,309740.0,142127.0,Algarve
2019-10-06 21:35:01,Guarda,LOCAL-090000,0.0,3,242.0,239.0,1678.0,2.67,1724.0,2.75,49.33,127235.0,62764.0,Centro
2019-10-06 21:35:01,Leiria,LOCAL-100000,2.0,8,110.0,90.0,5507.0,3.77,3540.0,2.42,53.72,271857.0,146047.0,Centro
2019-10-06 21:35:01,Lisboa,LOCAL-110000,1.0,47,134.0,44.0,2952.0,2.71,1908.0,1.75,58.44,186521.0,108994.0,Lisboa
2019-10-06 21:35:01,Madeira,LOCAL-300000,2.0,4,54.0,50.0,515.0,0.53,1728.0,1.78,49.94,194547.0,97154.0,Madeira
2019-10-06 21:35:01,Portalegre,LOCAL-120000,0.0,2,69.0,68.0,1162.0,2.31,977.0,1.94,53.04,94919.0,50348.0,Alentejo
2019-10-06 21:35:01,Porto,LOCAL-130000,7.0,33,243.0,182.0,8269.0,2.35,6477.0,1.84,57.04,617542.0,352238.0,Norte
2019-10-06 21:35:01,Santarém,LOCAL-140000,3.0,6,141.0,134.0,5085.0,2.97,3359.0,1.96,54.77,313074.0,171481.0,Centro
2019-10-06 21:35:01,Setúbal,LOCAL-150000,1.0,17,55.0,28.0,2239.0,2.34,1527.0,1.6,53.56,178498.0,95605.0,Lisboa
2019-10-06 21:35:01,Viana do Castelo,LOCAL-160000,2.0,4,208.0,199.0,2998.0,2.99,1813.0,1.81,49.78,201647.0,100381.0,Norte
2019-10-06 21:35:01,Vila Real,LOCAL-170000,2.0,3,197.0,183.0,1749.0,2.23,1923.0,2.45,44.81,175274.0,78532.0,Norte
2019-10-06 21:35:01,Viseu,LOCAL-180000,4.0,4,277.0,269.0,4422.0,2.78,3351.0,2.11,50.77,313505.0,159172.0,Centro
2019-10-06 21:40:02,Açores,LOCAL-400000,1.0,4,156.0,133.0,3076.0,4.93,1000.0,1.6,35.98,173284.0,62351.0,Açores
2019-10-06 21:40:02,Aveiro,LOCAL-010000,4.0,12,147.0,110.0,6258.0,3.08,3786.0,1.87,53.94,376266.0,202947.0,Norte
2019-10-06 21:40:02,Beja,LOCAL-020000,3.0,0,75.0,75.0,1371.0,2.13,1094.0,1.7,52.26,122987.0,64269.0,Alentejo
2019-10-06 21:40:02,Braga,LOCAL-030000,10.0,9,347.0,319.0,11506.0,3.08,6589.0,1.76,59.73,625247.0,373460.0,Norte
2019-10-06 21:40:02,Bragança,LOCAL-040000,0.0,3,226.0,219.0,941.0,1.99,1101.0,2.33,44.71,105645.0,47230.0,Norte
2019-10-06 21:40:02,Castelo Branco,LOCAL-050000,1.0,3,120.0,119.0,2079.0,2.38,2097.0,2.4,55.14,158492.0,87388.0,Centro
2019-10-06 21:40:02,Coimbra,LOCAL-060000,3.0,6,155.0,144.0,5421.0,3.48,3172.0,2.04,52.85,294388.0,155576.0,Centro
2019-10-06 21:40:02,Évora,LOCAL-070000,0.0,3,69.0,66.0,1366.0,2.23,868.0,1.42,54.18,112972.0,61205.0,Alentejo
2019-10-06 21:40:02,Faro,LOCAL-080000,3.0,6,67.0,63.0,4260.0,2.88,2643.0,1.79,45.85,322247.0,147740.0,Algarve
2019-10-06 21:40:02,Guarda,LOCAL-090000,3.0,0,242.0,241.0,2006.0,2.63,2041.0,2.68,50.52,150754.0,76154.0,Centro
2019-10-06 21:40:02,Leiria,LOCAL-100000,2.0,8,110.0,92.0,5554.0,3.76,3581.0,2.43,53.76,274523.0,147597.0,Centro
2019-10-06 21:40:02,Lisboa,LOCAL-110000,2.0,46,134.0,55.0,4499.0,2.52,2900.0,1.63,58.66,303871.0,178259.0,Lisboa
2019-10-06 21:40:02,Madeira,LOCAL-300000,2.0,4,54.0,50.0,515.0,0.53,1728.0,1.78,49.94,194547.0,97154.0,Madeira
2019-10-06 21:40:02,Portalegre,LOCAL-120000,0.0,2,69.0,68.0,1162.0,2.31,977.0,1.94,53.04,94919.0,50348.0,Alentejo
2019-10-06 21:40:02,Porto,LOCAL-130000,7.0,33,243.0,182.0,8269.0,2.35,6477.0,1.84,57.04,617542.0,352238.0,Norte
2019-10-06 21:40:02,Santarém,LOCAL-140000,3.0,6,141.0,136.0,5147.0,2.95,3416.0,1.96,54.76,318065.0,174182.0,Centro
2019-10-06 21:40:02,Setúbal,LOCAL-150000,1.0,17,55.0,28.0,2239.0,2.34,1527.0,1.6,53.56,178498.0,95605.0,Lisboa
2019-10-06 21:40:02,Viana do Castelo,LOCAL-160000,2.0,4,208.0,203.0,3189.0,3.01,1885.0,1.78,49.73,213183.0,106012.0,Norte
2019-10-06 21:40:02,Vila Real,LOCAL-170000,2.0,3,197.0,183.0,1749.0,2.23,1923.0,2.45,44.81,175274.0,78532.0,Norte
2019-10-06 21:40:02,Viseu,LOCAL-180000,4.0,4,277.0,269.0,4422.0,2.78,3351.0,2.11,50.77,313505.0,159172.0,Centro
2019-10-06 21:45:02,Açores,LOCAL-400000,2.0,3,156.0,141.0,3402.0,4.87,1145.0,1.64,36.09,193624.0,69876.0,Açores
2019-10-06 21:45:02,Aveiro,LOCAL-010000,4.0,12,147.0,114.0,6612.0,3.06,4008.0,1.85,53.93,400722.0,216128.0,Norte
2019-10-06 21:45:02,Beja,LOCAL-020000,3.0,0,75.0,75.0,1371.0,2.13,1094.0,1.7,52.26,122987.0,64269.0,Alentejo
2019-10-06 21:45:02,Braga,LOCAL-030000,10.0,9,347.0,319.0,11506.0,3.08,6589.0,1.76,59.73,625247.0,373460.0,Norte
2019-10-06 21:45:02,Bragança,LOCAL-040000,0.0,3,226.0,220.0,945.0,1.99,1106.0,2.33,44.62,106353.0,47460.0,Norte
2019-10-06 21:45:02,Castelo Branco,LOCAL-050000,1.0,3,120.0,119.0,2079.0,2.38,2097.0,2.4,55.14,158492.0,87388.0,Centro
2019-10-06 21:45:02,Coimbra,LOCAL-060000,3.0,6,155.0,144.0,5421.0,3.48,3172.0,2.04,52.85,294388.0,155576.0,Centro
2019-10-06 21:45:02,Évora,LOCAL-070000,0.0,3,69.0,67.0,1385.0,2.24,882.0,1.43,54.17,113909.0,61700.0,Alentejo
2019-10-06 21:45:02,Faro,LOCAL-080000,3.0,6,67.0,63.0,4260.0,2.88,2643.0,1.79,45.85,322247.0,147740.0,Algarve
2019-10-06 21:45:02,Guarda,LOCAL-090000,3.0,0,242.0,242.0,2026.0,2.64,2057.0,2.68,50.58,151535.0,76649.0,Centro
2019-10-06 21:45:02,Leiria,LOCAL-100000,2.0,8,110.0,92.0,5554.0,3.76,3581.0,2.43,53.76,274523.0,147597.0,Centro
2019-10-06 21:45:02,Lisboa,LOCAL-110000,2.0,46,134.0,57.0,4739.0,2.52,3036.0,1.62,58.45,321401.0,187854.0,Lisboa
2019-10-06 21:45:02,Madeira,LOCAL-300000,2.0,4,54.0,51.0,524.0,0.53,1743.0,1.77,49.84,197764.0,98571.0,Madeira
2019-10-06 21:45:02,Portalegre,LOCAL-120000,2.0,0,69.0,69.0,1188.0,2.32,988.0,1.93,53.13,96391.0,51212.0,Alentejo
2019-10-06 21:45:02,Porto,LOCAL-130000,9.0,31,243.0,196.0,9541.0,2.35,7524.0,1.85,57.21,709332.0,405786.0,Norte
2019-10-06 21:45:02,Santarém,LOCAL-140000,3.0,6,141.0,136.0,5147.0,2.95,3416.0,1.96,54.76,318065.0,174182.0,Centro
2019-10-06 21:45:02,Setúbal,LOCAL-150000,1.0,17,55.0,28.0,2239.0,2.34,1527.0,1.6,53.56,178498.0,95605.0,Lisboa
2019-10-06 21:45:02,Viana do Castelo,LOCAL-160000,4.0,2,208.0,205.0,3557.0,2.97,2134.0,1.78,50.53,237377.0,119940.0,Norte
2019-10-06 21:45:02,Vila Real,LOCAL-170000,2.0,3,197.0,188.0,1808.0,2.22,1985.0,2.44,44.82,181546.0,81364.0,Norte
2019-10-06 21:45:02,Viseu,LOCAL-180000,4.0,4,277.0,273.0,4839.0,2.78,3597.0,2.07,51.04,340875.0,173982.0,Centro
2019-10-06 21:50:01,Açores,LOCAL-400000,2.0,3,156.0,143.0,3433.0,4.85,1155.0,1.63,36.12,196018.0,70806.0,Açores
2019-10-06 21:50:01,Aveiro,LOCAL-010000,4.0,12,147.0,117.0,6890.0,3.03,4213.0,1.85,54.09,419998.0,227182.0,Norte
2019-10-06 21:50:01,Beja,LOCAL-020000,3.0,0,75.0,75.0,1371.0,2.13,1094.0,1.7,52.26,122987.0,64269.0,Alentejo
2019-10-06 21:50:01,Braga,LOCAL-030000,10.0,9,347.0,327.0,11859.0,3.1,6791.0,1.77,59.79,640737.0,383094.0,Norte
2019-10-06 21:50:01,Bragança,LOCAL-040000,0.0,3,226.0,220.0,945.0,1.99,1106.0,2.33,44.62,106353.0,47460.0,Norte
2019-10-06 21:50:01,Castelo Branco,LOCAL-050000,1.0,3,120.0,119.0,2079.0,2.38,2097.0,2.4,55.14,158492.0,87388.0,Centro
2019-10-06 21:50:01,Coimbra,LOCAL-060000,3.0,6,155.0,150.0,5837.0,3.46,3380.0,2.0,52.73,320177.0,168819.0,Centro
2019-10-06 21:50:01,Évora,LOCAL-070000,0.0,3,69.0,68.0,1438.0,2.24,914.0,1.43,54.24,118211.0,64113.0,Alentejo
2019-10-06 21:50:01,Faro,LOCAL-080000,3.0,6,67.0,63.0,4260.0,2.88,2643.0,1.79,45.85,322247.0,147740.0,Algarve
2019-10-06 21:50:01,Guarda,LOCAL-090000,3.0,0,242.0,242.0,2026.0,2.64,2057.0,2.68,50.58,151535.0,76649.0,Centro
2019-10-06 21:50:01,Leiria,LOCAL-100000,3.0,7,110.0,100.0,6231.0,3.7,4121.0,2.45,54.14,310750.0,168236.0,Centro
2019-10-06 21:50:01,Lisboa,LOCAL-110000,3.0,45,134.0,68.0,6637.0,2.52,4228.0,1.61,58.27,451654.0,263196.0,Lisboa
2019-10-06 21:50:01,Madeira,LOCAL-300000,2.0,4,54.0,52.0,599.0,0.54,1994.0,1.78,50.11,223114.0,111803.0,Madeira
2019-10-06 21:50:01,Portalegre,LOCAL-120000,2.0,0,69.0,69.0,1188.0,2.32,988.0,1.93,53.13,96391.0,51212.0,Alentejo
2019-10-06 21:50:01,Porto,LOCAL-130000,10.0,30,243.0,203.0,10359.0,2.35,8021.0,1.82,56.96,772463.0,440008.0,Norte
2019-10-06 21:50:01,Santarém,LOCAL-140000,5.0,4,141.0,139.0,5593.0,2.94,3743.0,1.97,54.44,349757.0,190395.0,Centro
2019-10-06 21:50:01,Setúbal,LOCAL-150000,1.0,17,55.0,30.0,2735.0,2.26,1919.0,1.59,53.25,226963.0,120858.0,Lisboa
2019-10-06 21:50:01,Viana do Castelo,LOCAL-160000,4.0,2,208.0,205.0,3557.0,2.97,2134.0,1.78,50.53,237377.0,119940.0,Norte
2019-10-06 21:50:01,Vila Real,LOCAL-170000,2.0,3,197.0,192.0,1891.0,2.24,2058.0,2.44,44.79,188112.0,84261.0,Norte
2019-10-06 21:50:01,Viseu,LOCAL-180000,4.0,4,277.0,273.0,4839.0,2.78,3597.0,2.07,51.04,340875.0,173982.0,Centro
2019-10-06 21:55:01,Açores,LOCAL-400000,2.0,3,156.0,143.0,3433.0,4.85,1155.0,1.63,36.12,196018.0,70806.0,Açores
2019-10-06 21:55:01,Aveiro,LOCAL-010000,4.0,12,147.0,118.0,6950.0,3.04,4244.0,1.85,54.08,423402.0,228957.0,Norte
2019-10-06 21:55:01,Beja,LOCAL-020000,3.0,0,75.0,75.0,1371.0,2.13,1094.0,1.7,52.26,122987.0,64269.0,Alentejo
2019-10-06 21:55:01,Braga,LOCAL-030000,10.0,9,347.0,327.0,11859.0,3.1,6791.0,1.77,59.79,640737.0,383094.0,Norte
2019-10-06 21:55:01,Bragança,LOCAL-040000,1.0,2,226.0,222.0,1169.0,2.05,1297.0,2.27,44.6,127926.0,57060.0,Norte
2019-10-06 21:55:01,Castelo Branco,LOCAL-050000,1.0,3,120.0,119.0,2079.0,2.38,2097.0,2.4,55.14,158492.0,87388.0,Centro
2019-10-06 21:55:01,Coimbra,LOCAL-060000,3.0,6,155.0,151.0,5868.0,3.46,3405.0,2.01,52.73,322032.0,169797.0,Centro
2019-10-06 21:55:01,Évora,LOCAL-070000,0.0,3,69.0,68.0,1438.0,2.24,914.0,1.43,54.24,118211.0,64113.0,Alentejo
2019-10-06 21:55:01,Faro,LOCAL-080000,3.0,6,67.0,64.0,4353.0,2.88,2710.0,1.79,45.92,329658.0,151378.0,Algarve
2019-10-06 21:55:01,Guarda,LOCAL-090000,3.0,0,242.0,242.0,2026.0,2.64,2057.0,2.68,50.58,151535.0,76649.0,Centro
2019-10-06 21:55:01,Leiria,LOCAL-100000,4.0,6,110.0,102.0,6478.0,3.65,4234.0,2.39,54.08,328103.0,177428.0,Centro
2019-10-06 21:55:01,Lisboa,LOCAL-110000,3.0,45,134.0,71.0,6952.0,2.49,4472.0,1.6,57.97,482104.0,279457.0,Lisboa
2019-10-06 21:55:01,Madeira,LOCAL-300000,2.0,4,54.0,52.0,599.0,0.54,1994.0,1.78,50.11,223114.0,111803.0,Madeira
2019-10-06 21:55:01,Portalegre,LOCAL-120000,2.0,0,69.0,69.0,1188.0,2.32,988.0,1.93,53.13,96391.0,51212.0,Alentejo
2019-10-06 21:55:01,Porto,LOCAL-130000,12.0,28,243.0,209.0,11428.0,2.34,8946.0,1.83,57.2,854610.0,488828.0,Norte
2019-10-06 21:55:01,Santarém,LOCAL-140000,5.0,4,141.0,140.0,5951.0,2.91,3947.0,1.93,54.5,375118.0,204448.0,Centro
2019-10-06 21:55:01,Setúbal,LOCAL-150000,1.0,17,55.0,28.0,2239.0,2.34,1527.0,1.6,53.56,178498.0,95605.0,Lisboa
2019-10-06 21:55:01,Viana do Castelo,LOCAL-160000,4.0,2,208.0,205.0,3557.0,2.97,2134.0,1.78,50.53,237377.0,119940.0,Norte
2019-10-06 21:55:01,Vila Real,LOCAL-170000,2.0,3,197.0,192.0,1870.0,2.24,2066.0,2.47,44.75,186681.0,83547.0,Norte
2019-10-06 21:55:01,Viseu,LOCAL-180000,4.0,4,277.0,276.0,4903.0,2.79,3640.0,2.07,51.06,343954.0,175627.0,Centro
2019-10-06 22:00:02,Açores,LOCAL-400000,2.0,3,156.0,147.0,3583.0,4.78,1229.0,1.64,36.25,206711.0,74932.0,Açores
2019-10-06 22:00:02,Aveiro,LOCAL-010000,4.0,12,147.0,120.0,7020.0,3.02,4307.0,1.85,54.13,429478.0,232474.0,Norte
2019-10-06 22:00:02,Beja,LOCAL-020000,3.0,0,75.0,75.0,1371.0,2.13,1094.0,1.7,52.26,122987.0,64269.0,Alentejo
2019-10-06 22:00:02,Braga,LOCAL-030000,11.0,8,347.0,329.0,11923.0,3.1,6827.0,1.77,59.82,643944.0,385196.0,Norte
2019-10-06 22:00:02,Bragança,LOCAL-040000,1.0,2,226.0,224.0,1172.0,2.04,1304.0,2.27,44.59,128614.0,57348.0,Norte
2019-10-06 22:00:02,Castelo Branco,LOCAL-050000,4.0,0,120.0,120.0,2250.0,2.4,2232.0,2.38,55.09,170075.0,93695.0,Centro
2019-10-06 22:00:02,Coimbra,LOCAL-060000,3.0,6,155.0,151.0,5868.0,3.46,3405.0,2.01,52.73,322032.0,169797.0,Centro
2019-10-06 22:00:02,Évora,LOCAL-070000,3.0,0,69.0,69.0,1680.0,2.27,1047.0,1.41,54.15,136696.0,74026.0,Alentejo
2019-10-06 22:00:02,Faro,LOCAL-080000,3.0,6,67.0,64.0,4353.0,2.88,2710.0,1.79,45.92,329658.0,151378.0,Algarve
2019-10-06 22:00:02,Guarda,LOCAL-090000,3.0,0,242.0,242.0,2026.0,2.64,2057.0,2.68,50.58,151535.0,76649.0,Centro
2019-10-06 22:00:02,Leiria,LOCAL-100000,4.0,6,110.0,105.0,6802.0,3.64,4424.0,2.37,53.63,348260.0,186761.0,Centro
2019-10-06 22:00:02,Lisboa,LOCAL-110000,4.0,44,134.0,76.0,7425.0,2.45,4736.0,1.56,58.06,521425.0,302721.0,Lisboa
2019-10-06 22:00:02,Madeira,LOCAL-300000,2.0,4,54.0,53.0,625.0,0.54,2064.0,1.77,50.28,231627.0,116469.0,Madeira
2019-10-06 22:00:02,Portalegre,LOCAL-120000,2.0,0,69.0,69.0,1188.0,2.32,988.0,1.93,53.13,96391.0,51212.0,Alentejo
2019-10-06 22:00:02,Porto,LOCAL-130000,14.0,26,243.0,217.0,13357.0,2.34,10372.0,1.82,57.45,994232.0,571173.0,Norte
2019-10-06 22:00:02,Santarém,LOCAL-140000,5.0,4,141.0,140.0,5951.0,2.91,3947.0,1.93,54.5,375118.0,204448.0,Centro
2019-10-06 22:00:02,Setúbal,LOCAL-150000,1.0,17,55.0,31.0,3148.0,2.15,2254.0,1.54,54.16,270421.0,146456.0,Lisboa
2019-10-06 22:00:02,Viana do Castelo,LOCAL-160000,6.0,0,208.0,208.0,3617.0,2.97,2184.0,1.79,50.6,240917.0,121898.0,Norte
2019-10-06 22:00:02,Vila Real,LOCAL-170000,2.0,3,197.0,194.0,2237.0,2.26,2352.0,2.38,45.77,215918.0,98834.0,Norte
2019-10-06 22:00:02,Viseu,LOCAL-180000,8.0,0,277.0,277.0,4991.0,2.81,3704.0,2.08,51.05,348057.0,177681.0,Centro
2019-10-06 22:05:02,Açores,LOCAL-400000,2.0,3,156.0,147.0,3583.0,4.78,1229.0,1.64,36.25,206711.0,74932.0,Açores
2019-10-06 22:05:02,Aveiro,LOCAL-010000,5.0,11,147.0,121.0,7282.0,3.05,4415.0,1.85,53.9,443403.0,238980.0,Norte
2019-10-06 22:05:02,Beja,LOCAL-020000,3.0,0,75.0,75.0,1371.0,2.13,1094.0,1.7,52.26,122987.0,64269.0,Alentejo
2019-10-06 22:05:02,Braga,LOCAL-030000,11.0,8,347.0,330.0,12094.0,3.09,6945.0,1.77,59.77,655075.0,391515.0,Norte
2019-10-06 22:05:02,Bragança,LOCAL-040000,1.0,2,226.0,224.0,1172.0,2.04,1304.0,2.27,44.59,128614.0,57348.0,Norte
2019-10-06 22:05:02,Castelo Branco,LOCAL-050000,4.0,0,120.0,120.0,2250.0,2.4,2232.0,2.38,55.09,170075.0,93695.0,Centro
2019-10-06 22:05:02,Coimbra,LOCAL-060000,3.0,6,155.0,152.0,5896.0,3.45,3432.0,2.01,52.73,324469.0,171077.0,Centro
2019-10-06 22:05:02,Évora,LOCAL-070000,3.0,0,69.0,69.0,1680.0,2.27,1047.0,1.41,54.15,136696.0,74026.0,Alentejo
2019-10-06 22:05:02,Faro,LOCAL-080000,3.0,6,67.0,64.0,4353.0,2.88,2710.0,1.79,45.92,329658.0,151378.0,Algarve
2019-10-06 22:05:02,Guarda,LOCAL-090000,3.0,0,242.0,242.0,2026.0,2.64,2057.0,2.68,50.58,151535.0,76649.0,Centro
2019-10-06 22:05:02,Leiria,LOCAL-100000,4.0,6,110.0,108.0,7041.0,3.61,4602.0,2.36,53.41,364681.0,194787.0,Centro
2019-10-06 22:05:02,Lisboa,LOCAL-110000,5.0,43,134.0,81.0,8173.0,2.41,5307.0,1.57,57.69,586951.0,338599.0,Lisboa
2019-10-06 22:05:02,Madeira,LOCAL-300000,6.0,0,54.0,54.0,697.0,0.54,2292.0,1.77,50.29,258144.0,129821.0,Madeira
2019-10-06 22:05:02,Portalegre,LOCAL-120000,2.0,0,69.0,69.0,1188.0,2.32,988.0,1.93,53.13,96391.0,51212.0,Alentejo
2019-10-06 22:05:02,Porto,LOCAL-130000,15.0,25,243.0,222.0,14046.0,2.35,10788.0,1.8,57.58,1039820.0,598684.0,Norte
2019-10-06 22:05:02,Santarém,LOCAL-140000,5.0,4,141.0,140.0,5951.0,2.91,3947.0,1.93,54.5,375118.0,204448.0,Centro
2019-10-06 22:05:02,Setúbal,LOCAL-150000,2.0,16,55.0,32.0,3641.0,2.14,2687.0,1.58,54.48,312912.0,170464.0,Lisboa
2019-10-06 22:05:02,Viana do Castelo,LOCAL-160000,6.0,0,208.0,208.0,3617.0,2.97,2184.0,1.79,50.6,240917.0,121898.0,Norte
2019-10-06 22:05:02,Vila Real,LOCAL-170000,2.0,3,197.0,195.0,2241.0,2.26,2361.0,2.38,45.74,216808.0,99161.0,Norte
2019-10-06 22:05:02,Viseu,LOCAL-180000,8.0,0,277.0,277.0,4991.0,2.81,3704.0,2.08,51.05,348057.0,177681.0,Centro
2019-10-06 22:10:01,Açores,LOCAL-400000,2.0,3,156.0,153.0,3824.0,4.75,1317.0,1.64,36.4,221158.0,80503.0,Açores
2019-10-06 22:10:01,Aveiro,LOCAL-010000,5.0,11,147.0,121.0,7282.0,3.05,4415.0,1.85,53.9,443403.0,238980.0,Norte
2019-10-06 22:10:01,Beja,LOCAL-020000,3.0,0,75.0,75.0,1371.0,2.13,1094.0,1.7,52.26,122987.0,64269.0,Alentejo
2019-10-06 22:10:01,Braga,LOCAL-030000,12.0,7,347.0,333.0,13009.0,3.08,7335.0,1.73,59.66,709130.0,423050.0,Norte
2019-10-06 22:10:01,Bragança,LOCAL-040000,1.0,2,226.0,224.0,1172.0,2.04,1304.0,2.27,44.59,128614.0,57348.0,Norte
2019-10-06 22:10:01,Castelo Branco,LOCAL-050000,4.0,0,120.0,120.0,2250.0,2.4,2232.0,2.38,55.09,170075.0,93695.0,Centro
2019-10-06 22:10:01,Coimbra,LOCAL-060000,3.0,6,155.0,152.0,5896.0,3.45,3432.0,2.01,52.73,324469.0,171077.0,Centro
2019-10-06 22:10:01,Évora,LOCAL-070000,3.0,0,69.0,69.0,1680.0,2.27,1047.0,1.41,54.15,136696.0,74026.0,Alentejo
2019-10-06 22:10:01,Faro,LOCAL-080000,6.0,3,67.0,66.0,4837.0,2.83,3038.0,1.78,45.76,373593.0,170974.0,Algarve
2019-10-06 22:10:01,Guarda,LOCAL-090000,3.0,0,242.0,242.0,2026.0,2.64,2057.0,2.68,50.58,151535.0,76649.0,Centro
2019-10-06 22:10:01,Leiria,LOCAL-100000,4.0,6,110.0,108.0,7041.0,3.61,4602.0,2.36,53.41,364681.0,194787.0,Centro
2019-10-06 22:10:01,Lisboa,LOCAL-110000,5.0,43,134.0,81.0,8173.0,2.41,5307.0,1.57,57.69,586951.0,338599.0,Lisboa
2019-10-06 22:10:01,Madeira,LOCAL-300000,6.0,0,54.0,54.0,697.0,0.54,2292.0,1.77,50.29,258144.0,129821.0,Madeira
2019-10-06 22:10:01,Portalegre,LOCAL-120000,2.0,0,69.0,69.0,1188.0,2.32,988.0,1.93,53.13,96391.0,51212.0,Alentejo
2019-10-06 22:10:01,Porto,LOCAL-130000,16.0,24,243.0,223.0,14608.0,2.34,11079.0,1.77,57.67,1083606.0,624887.0,Norte
2019-10-06 22:10:01,Santarém,LOCAL-140000,5.0,4,141.0,140.0,5951.0,2.91,3947.0,1.93,54.5,375118.0,204448.0,Centro
2019-10-06 22:10:01,Setúbal,LOCAL-150000,2.0,16,55.0,34.0,4197.0,2.14,3108.0,1.58,54.79,358401.0,196379.0,Lisboa
2019-10-06 22:10:01,Viana do Castelo,LOCAL-160000,6.0,0,208.0,208.0,3617.0,2.97,2184.0,1.79,50.6,240917.0,121898.0,Norte
2019-10-06 22:10:01,Vila Real,LOCAL-170000,5.0,0,197.0,197.0,2257.0,2.25,2397.0,2.39,45.76,219087.0,100260.0,Norte
2019-10-06 22:10:01,Viseu,LOCAL-180000,8.0,0,277.0,277.0,4991.0,2.81,3704.0,2.08,51.05,348057.0,177681.0,Centro
2019-10-06 22:15:01,Açores,LOCAL-400000,2.0,3,156.0,153.0,3824.0,4.75,1317.0,1.64,36.4,221158.0,80503.0,Açores
2019-10-06 22:15:01,Aveiro,LOCAL-010000,5.0,11,147.0,121.0,7282.0,3.05,4415.0,1.85,53.9,443403.0,238980.0,Norte
2019-10-06 22:15:01,Beja,LOCAL-020000,3.0,0,75.0,75.0,1371.0,2.13,1094.0,1.7,52.26,122987.0,64269.0,Alentejo
2019-10-06 22:15:01,Braga,LOCAL-030000,13.0,6,347.0,338.0,13685.0,3.1,7620.0,1.73,59.83,738114.0,441645.0,Norte
2019-10-06 22:15:01,Bragança,LOCAL-040000,1.0,2,226.0,224.0,1172.0,2.04,1304.0,2.27,44.59,128614.0,57348.0,Norte
2019-10-06 22:15:01,Castelo Branco,LOCAL-050000,4.0,0,120.0,120.0,2250.0,2.4,2232.0,2.38,55.09,170075.0,93695.0,Centro
2019-10-06 22:15:01,Coimbra,LOCAL-060000,5.0,4,155.0,153.0,6177.0,3.44,3550.0,1.98,52.78,340274.0,179587.0,Centro
2019-10-06 22:15:01,Évora,LOCAL-070000,3.0,0,69.0,69.0,1680.0,2.27,1047.0,1.41,54.15,136696.0,74026.0,Alentejo
2019-10-06 22:15:01,Faro,LOCAL-080000,6.0,3,67.0,66.0,4837.0,2.83,3038.0,1.78,45.76,373593.0,170974.0,Algarve
2019-10-06 22:15:01,Guarda,LOCAL-090000,3.0,0,242.0,242.0,2026.0,2.64,2057.0,2.68,50.58,151535.0,76649.0,Centro
2019-10-06 22:15:01,Leiria,LOCAL-100000,4.0,6,110.0,108.0,7041.0,3.61,4602.0,2.36,53.41,364681.0,194787.0,Centro
2019-10-06 22:15:01,Lisboa,LOCAL-110000,7.0,41,134.0,86.0,8997.0,2.38,5960.0,1.58,57.49,656467.0,377417.0,Lisboa
2019-10-06 22:15:01,Madeira,LOCAL-300000,6.0,0,54.0,54.0,697.0,0.54,2292.0,1.77,50.29,258144.0,129821.0,Madeira
2019-10-06 22:15:01,Portalegre,LOCAL-120000,2.0,0,69.0,69.0,1188.0,2.32,988.0,1.93,53.13,96391.0,51212.0,Alentejo
2019-10-06 22:15:01,Porto,LOCAL-130000,18.0,22,243.0,224.0,14873.0,2.32,11242.0,1.75,57.82,1107966.0,640624.0,Norte
2019-10-06 22:15:01,Santarém,LOCAL-140000,9.0,0,141.0,141.0,6022.0,2.91,4011.0,1.94,54.38,380489.0,206918.0,Centro
2019-10-06 22:15:01,Setúbal,LOCAL-150000,4.0,14,55.0,37.0,4544.0,2.15,3350.0,1.58,54.79,386289.0,211665.0,Lisboa
2019-10-06 22:15:01,Viana do Castelo,LOCAL-160000,6.0,0,208.0,208.0,3617.0,2.97,2199.0,1.8,50.6,240917.0,121913.0,Norte
2019-10-06 22:15:01,Vila Real,LOCAL-170000,5.0,0,197.0,197.0,2257.0,2.25,2397.0,2.39,45.76,219087.0,100260.0,Norte
2019-10-06 22:15:01,Viseu,LOCAL-180000,8.0,0,277.0,277.0,4991.0,2.81,3704.0,2.08,51.05,348057.0,177681.0,Centro
2019-10-06 22:20:02,Açores,LOCAL-400000,5.0,0,156.0,154.0,3885.0,4.72,1338.0,1.63,36.49,225345.0,82234.0,Açores
2019-10-06 22:20:02,Aveiro,LOCAL-010000,6.0,10,147.0,125.0,7786.0,3.01,4692.0,1.81,54.23,477045.0,258722.0,Norte
2019-10-06 22:20:02,Beja,LOCAL-020000,3.0,0,75.0,75.0,1371.0,2.13,1094.0,1.7,52.26,122987.0,64269.0,Alentejo
2019-10-06 22:20:02,Braga,LOCAL-030000,13.0,6,347.0,340.0,13859.0,3.11,7718.0,1.73,59.86,745422.0,446232.0,Norte
2019-10-06 22:20:02,Bragança,LOCAL-040000,1.0,2,226.0,224.0,1172.0,2.04,1304.0,2.27,44.59,128614.0,57348.0,Norte
2019-10-06 22:20:02,Castelo Branco,LOCAL-050000,4.0,0,120.0,120.0,2250.0,2.4,2232.0,2.38,55.09,170075.0,93695.0,Centro
2019-10-06 22:20:02,Coimbra,LOCAL-060000,5.0,4,155.0,153.0,6177.0,3.44,3550.0,1.98,52.78,340274.0,179587.0,Centro
2019-10-06 22:20:02,Évora,LOCAL-070000,3.0,0,69.0,69.0,1680.0,2.27,1047.0,1.41,54.15,136696.0,74026.0,Alentejo
2019-10-06 22:20:02,Faro,LOCAL-080000,9.0,0,67.0,67.0,4903.0,2.84,3064.0,1.77,45.83,376800.0,172697.0,Algarve
2019-10-06 22:20:02,Guarda,LOCAL-090000,3.0,0,242.0,242.0,2026.0,2.64,2057.0,2.68,50.58,151535.0,76649.0,Centro
2019-10-06 22:20:02,Leiria,LOCAL-100000,4.0,6,110.0,108.0,7041.0,3.61,4602.0,2.36,53.41,364681.0,194787.0,Centro
2019-10-06 22:20:02,Lisboa,LOCAL-110000,10.0,38,134.0,93.0,10704.0,2.35,7000.0,1.54,58.1,783085.0,455001.0,Lisboa
2019-10-06 22:20:02,Madeira,LOCAL-300000,6.0,0,54.0,54.0,697.0,0.54,2292.0,1.77,50.29,258144.0,129821.0,Madeira
2019-10-06 22:20:02,Portalegre,LOCAL-120000,2.0,0,69.0,69.0,1188.0,2.32,988.0,1.93,53.13,96391.0,51212.0,Alentejo
2019-10-06 22:20:02,Porto,LOCAL-130000,19.0,21,243.0,226.0,15395.0,2.3,11527.0,1.73,58.12,1149313.0,667933.0,Norte
2019-10-06 22:20:02,Santarém,LOCAL-140000,9.0,0,141.0,141.0,6022.0,2.91,4011.0,1.94,54.38,380489.0,206918.0,Centro
2019-10-06 22:20:02,Setúbal,LOCAL-150000,4.0,14,55.0,37.0,4544.0,2.15,3350.0,1.58,54.79,386289.0,211665.0,Lisboa
2019-10-06 22:20:02,Viana do Castelo,LOCAL-160000,6.0,0,208.0,208.0,3617.0,2.97,2199.0,1.8,50.6,240917.0,121913.0,Norte
2019-10-06 22:20:02,Vila Real,LOCAL-170000,5.0,0,197.0,197.0,2258.0,2.25,2397.0,2.39,45.76,219087.0,100260.0,Norte
2019-10-06 22:20:02,Viseu,LOCAL-180000,8.0,0,277.0,277.0,4991.0,2.81,3704.0,2.08,51.05,348057.0,177681.0,Centro
2019-10-06 22:25:01,Açores,LOCAL-400000,5.0,0,156.0,154.0,3885.0,4.72,1338.0,1.63,36.49,225345.0,82234.0,Açores
2019-10-06 22:25:01,Aveiro,LOCAL-010000,7.0,9,147.0,130.0,8593.0,3.02,5152.0,1.81,54.42,523425.0,284872.0,Norte
2019-10-06 22:25:01,Beja,LOCAL-020000,3.0,0,75.0,75.0,1371.0,2.13,1094.0,1.7,52.26,122987.0,64269.0,Alentejo
2019-10-06 22:25:01,Braga,LOCAL-030000,13.0,6,347.0,341.0,13878.0,3.11,7683.0,1.72,59.87,745336.0,446221.0,Norte
2019-10-06 22:25:01,Bragança,LOCAL-040000,3.0,0,226.0,225.0,1284.0,2.05,1401.0,2.24,44.83,139606.0,62579.0,Norte
2019-10-06 22:25:01,Castelo Branco,LOCAL-050000,4.0,0,120.0,120.0,2250.0,2.4,2232.0,2.38,55.09,170075.0,93695.0,Centro
2019-10-06 22:25:01,Coimbra,LOCAL-060000,5.0,4,155.0,154.0,6229.0,3.44,3577.0,1.97,52.72,343845.0,181289.0,Centro
2019-10-06 22:25:01,Évora,LOCAL-070000,3.0,0,69.0,69.0,1680.0,2.27,1047.0,1.41,54.15,136696.0,74026.0,Alentejo
2019-10-06 22:25:01,Faro,LOCAL-080000,9.0,0,67.0,67.0,4903.0,2.84,3064.0,1.77,45.83,376800.0,172697.0,Algarve
2019-10-06 22:25:01,Guarda,LOCAL-090000,3.0,0,242.0,242.0,2026.0,2.64,2057.0,2.68,50.58,151535.0,76649.0,Centro
2019-10-06 22:25:01,Leiria,LOCAL-100000,4.0,6,110.0,108.0,7041.0,3.61,4602.0,2.36,53.41,364681.0,194787.0,Centro
2019-10-06 22:25:01,Lisboa,LOCAL-110000,10.0,38,134.0,96.0,11766.0,2.33,7730.0,1.53,57.68,876557.0,505633.0,Lisboa
2019-10-06 22:25:01,Madeira,LOCAL-300000,6.0,0,54.0,54.0,697.0,0.54,2292.0,1.77,50.29,258144.0,129821.0,Madeira
2019-10-06 22:25:01,Portalegre,LOCAL-120000,2.0,0,69.0,69.0,1188.0,2.32,988.0,1.93,53.13,96391.0,51212.0,Alentejo
2019-10-06 22:25:01,Porto,LOCAL-130000,19.0,21,243.0,227.0,15678.0,2.31,11743.0,1.73,58.17,1168158.0,679534.0,Norte
2019-10-06 22:25:01,Santarém,LOCAL-140000,9.0,0,141.0,141.0,6022.0,2.91,4011.0,1.94,54.38,380489.0,206918.0,Centro
2019-10-06 22:25:01,Setúbal,LOCAL-150000,4.0,14,55.0,38.0,4577.0,2.15,3365.0,1.58,54.84,388143.0,212876.0,Lisboa
2019-10-06 22:25:01,Viana do Castelo,LOCAL-160000,6.0,0,208.0,208.0,3617.0,2.97,2199.0,1.8,50.6,240917.0,121913.0,Norte
2019-10-06 22:25:01,Vila Real,LOCAL-170000,5.0,0,197.0,197.0,2258.0,2.25,2397.0,2.39,45.76,219087.0,100260.0,Norte
2019-10-06 22:25:01,Viseu,LOCAL-180000,8.0,0,277.0,277.0,4991.0,2.81,3704.0,2.08,51.05,348057.0,177681.0,Centro
2019-10-06 22:30:01,Açores,LOCAL-400000,5.0,0,156.0,155.0,3908.0,4.72,1346.0,1.63,36.45,227182.0,82806.0,Açores
2019-10-06 22:30:01,Aveiro,LOCAL-010000,8.0,8,147.0,132.0,8703.0,3.01,5239.0,1.81,54.48,530823.0,289182.0,Norte
2019-10-06 22:30:01,Beja,LOCAL-020000,3.0,0,75.0,75.0,1371.0,2.13,1094.0,1.7,52.26,122987.0,64269.0,Alentejo
2019-10-06 22:30:01,Braga,LOCAL-030000,13.0,6,347.0,342.0,14127.0,3.11,7853.0,1.73,59.81,760585.0,454874.0,Norte
2019-10-06 22:30:01,Bragança,LOCAL-040000,3.0,0,226.0,226.0,1306.0,2.06,1416.0,2.23,44.89,141541.0,63534.0,Norte
2019-10-06 22:30:01,Castelo Branco,LOCAL-050000,4.0,0,120.0,120.0,2250.0,2.4,2232.0,2.38,55.09,170075.0,93695.0,Centro
2019-10-06 22:30:01,Coimbra,LOCAL-060000,5.0,4,155.0,154.0,6229.0,3.44,3577.0,1.97,52.72,343845.0,181289.0,Centro
2019-10-06 22:30:01,Évora,LOCAL-070000,3.0,0,69.0,69.0,1680.0,2.27,1047.0,1.41,54.15,136696.0,74026.0,Alentejo
2019-10-06 22:30:01,Faro,LOCAL-080000,9.0,0,67.0,67.0,4903.0,2.84,3064.0,1.77,45.83,376800.0,172697.0,Algarve
2019-10-06 22:30:01,Guarda,LOCAL-090000,3.0,0,242.0,242.0,2026.0,2.64,2057.0,2.68,50.58,151535.0,76649.0,Centro
2019-10-06 22:30:01,Leiria,LOCAL-100000,4.0,6,110.0,108.0,7041.0,3.61,4602.0,2.36,53.41,364681.0,194787.0,Centro
2019-10-06 22:30:01,Lisboa,LOCAL-110000,13.0,35,134.0,104.0,13451.0,2.27,9119.0,1.54,57.37,1030907.0,591383.0,Lisboa
2019-10-06 22:30:01,Madeira,LOCAL-300000,6.0,0,54.0,54.0,697.0,0.54,2292.0,1.77,50.29,258144.0,129821.0,Madeira
2019-10-06 22:30:01,Portalegre,LOCAL-120000,2.0,0,69.0,69.0,1188.0,2.32,988.0,1.93,53.13,96391.0,51212.0,Alentejo
2019-10-06 22:30:01,Porto,LOCAL-130000,20.0,20,243.0,228.0,15904.0,2.31,11848.0,1.72,58.21,1181384.0,687690.0,Norte
2019-10-06 22:30:01,Santarém,LOCAL-140000,9.0,0,141.0,141.0,6022.0,2.91,4011.0,1.94,54.38,380489.0,206918.0,Centro
2019-10-06 22:30:01,Setúbal,LOCAL-150000,4.0,14,55.0,40.0,4820.0,2.16,3521.0,1.58,54.9,405936.0,222841.0,Lisboa
2019-10-06 22:30:01,Viana do Castelo,LOCAL-160000,6.0,0,208.0,208.0,3617.0,2.97,2199.0,1.8,50.6,240917.0,121913.0,Norte
2019-10-06 22:30:01,Vila Real,LOCAL-170000,5.0,0,197.0,197.0,2258.0,2.25,2397.0,2.39,45.76,219087.0,100260.0,Norte
2019-10-06 22:30:01,Viseu,LOCAL-180000,8.0,0,277.0,277.0,4991.0,2.81,3704.0,2.08,51.05,348057.0,177681.0,Centro
2019-10-06 22:35:01,Açores,LOCAL-400000,5.0,0,156.0,155.0,3908.0,4.72,1346.0,1.63,36.45,227182.0,82806.0,Açores
2019-10-06 22:35:01,Aveiro,LOCAL-010000,9.0,7,147.0,135.0,8944.0,3.01,5400.0,1.82,54.41,546326.0,297272.0,Norte
2019-10-06 22:35:01,Beja,LOCAL-020000,3.0,0,75.0,75.0,1371.0,2.13,1094.0,1.7,52.26,122987.0,64269.0,Alentejo
2019-10-06 22:35:01,Braga,LOCAL-030000,13.0,6,347.0,342.0,14127.0,3.11,7853.0,1.73,59.81,760585.0,454874.0,Norte
2019-10-06 22:35:01,Bragança,LOCAL-040000,3.0,0,226.0,226.0,1306.0,2.06,1416.0,2.23,44.89,141541.0,63534.0,Norte
2019-10-06 22:35:01,Castelo Branco,LOCAL-050000,4.0,0,120.0,120.0,2250.0,2.4,2232.0,2.38,55.09,170075.0,93695.0,Centro
2019-10-06 22:35:01,Coimbra,LOCAL-060000,5.0,4,155.0,154.0,6229.0,3.44,3577.0,1.97,52.72,343845.0,181289.0,Centro
2019-10-06 22:35:01,Évora,LOCAL-070000,3.0,0,69.0,69.0,1680.0,2.27,1047.0,1.41,54.15,136696.0,74026.0,Alentejo
2019-10-06 22:35:01,Faro,LOCAL-080000,9.0,0,67.0,67.0,4903.0,2.84,3064.0,1.77,45.83,376800.0,172697.0,Algarve
2019-10-06 22:35:01,Guarda,LOCAL-090000,3.0,0,242.0,242.0,2026.0,2.64,2057.0,2.68,50.58,151535.0,76649.0,Centro
2019-10-06 22:35:01,Leiria,LOCAL-100000,5.0,5,110.0,109.0,7521.0,3.65,4817.0,2.34,53.39,386248.0,206209.0,Centro
2019-10-06 22:35:01,Lisboa,LOCAL-110000,17.0,31,134.0,109.0,14841.0,2.24,10051.0,1.52,56.88,1164860.0,662534.0,Lisboa
2019-10-06 22:35:01,Madeira,LOCAL-300000,6.0,0,54.0,54.0,697.0,0.54,2292.0,1.77,50.29,258144.0,129821.0,Madeira
2019-10-06 22:35:01,Portalegre,LOCAL-120000,2.0,0,69.0,69.0,1188.0,2.32,988.0,1.93,53.13,96391.0,51212.0,Alentejo
2019-10-06 22:35:01,Porto,LOCAL-130000,20.0,20,243.0,228.0,15904.0,2.31,11848.0,1.72,58.21,1181384.0,687690.0,Norte
2019-10-06 22:35:01,Santarém,LOCAL-140000,9.0,0,141.0,141.0,6022.0,2.91,4011.0,1.94,54.38,380489.0,206918.0,Centro
2019-10-06 22:35:01,Setúbal,LOCAL-150000,5.0,13,55.0,42.0,5124.0,2.16,3753.0,1.58,54.68,433248.0,236895.0,Lisboa
2019-10-06 22:35:01,Viana do Castelo,LOCAL-160000,6.0,0,208.0,208.0,3617.0,2.97,2199.0,1.8,50.6,240917.0,121913.0,Norte
2019-10-06 22:35:01,Vila Real,LOCAL-170000,5.0,0,197.0,197.0,2258.0,2.25,2397.0,2.39,45.76,219087.0,100260.0,Norte
2019-10-06 22:35:01,Viseu,LOCAL-180000,8.0,0,277.0,277.0,4991.0,2.81,3704.0,2.08,51.05,348057.0,177681.0,Centro
2019-10-06 22:40:02,Açores,LOCAL-400000,5.0,0,156.0,155.0,3908.0,4.72,1346.0,1.63,36.45,227182.0,82806.0,Açores
2019-10-06 22:40:02,Aveiro,LOCAL-010000,9.0,7,147.0,135.0,8944.0,3.01,5400.0,1.82,54.41,546326.0,297272.0,Norte
2019-10-06 22:40:02,Beja,LOCAL-020000,3.0,0,75.0,75.0,1371.0,2.13,1094.0,1.7,52.26,122987.0,64269.0,Alentejo
2019-10-06 22:40:02,Braga,LOCAL-030000,14.0,5,347.0,344.0,14386.0,3.11,7986.0,1.73,59.79,773553.0,462528.0,Norte
2019-10-06 22:40:02,Bragança,LOCAL-040000,3.0,0,226.0,226.0,1306.0,2.06,1416.0,2.23,44.89,141541.0,63534.0,Norte
2019-10-06 22:40:02,Castelo Branco,LOCAL-050000,4.0,0,120.0,120.0,2250.0,2.4,2232.0,2.38,55.09,170075.0,93695.0,Centro
2019-10-06 22:40:02,Coimbra,LOCAL-060000,9.0,0,155.0,155.0,6889.0,3.38,3814.0,1.87,53.66,380095.0,203950.0,Centro
2019-10-06 22:40:02,Évora,LOCAL-070000,3.0,0,69.0,69.0,1680.0,2.27,1047.0,1.41,54.15,136696.0,74026.0,Alentejo
2019-10-06 22:40:02,Faro,LOCAL-080000,9.0,0,67.0,67.0,4903.0,2.84,3064.0,1.77,45.83,376800.0,172697.0,Algarve
2019-10-06 22:40:02,Guarda,LOCAL-090000,3.0,0,242.0,242.0,2026.0,2.64,2057.0,2.68,50.58,151535.0,76649.0,Centro
2019-10-06 22:40:02,Leiria,LOCAL-100000,5.0,5,110.0,109.0,7521.0,3.65,4817.0,2.34,53.39,386248.0,206209.0,Centro
2019-10-06 22:40:02,Lisboa,LOCAL-110000,19.0,29,134.0,111.0,15591.0,2.24,10540.0,1.51,56.7,1230187.0,697512.0,Lisboa
2019-10-06 22:40:02,Madeira,LOCAL-300000,6.0,0,54.0,54.0,697.0,0.54,2292.0,1.77,50.29,258144.0,129821.0,Madeira
2019-10-06 22:40:02,Portalegre,LOCAL-120000,2.0,0,69.0,69.0,1188.0,2.32,988.0,1.93,53.13,96391.0,51212.0,Alentejo
2019-10-06 22:40:02,Porto,LOCAL-130000,20.0,20,243.0,228.0,15904.0,2.31,11848.0,1.72,58.21,1181384.0,687690.0,Norte
2019-10-06 22:40:02,Santarém,LOCAL-140000,9.0,0,141.0,141.0,6022.0,2.91,4011.0,1.94,54.38,380489.0,206918.0,Centro
2019-10-06 22:40:02,Setúbal,LOCAL-150000,6.0,12,55.0,43.0,5501.0,2.16,4073.0,1.6,54.47,467643.0,254703.0,Lisboa
2019-10-06 22:40:02,Viana do Castelo,LOCAL-160000,6.0,0,208.0,208.0,3617.0,2.97,2199.0,1.8,50.6,240917.0,121913.0,Norte
2019-10-06 22:40:02,Vila Real,LOCAL-170000,5.0,0,197.0,197.0,2258.0,2.25,2397.0,2.39,45.76,219087.0,100260.0,Norte
2019-10-06 22:40:02,Viseu,LOCAL-180000,8.0,0,277.0,277.0,4991.0,2.81,3704.0,2.08,51.05,348057.0,177681.0,Centro
2019-10-06 22:45:01,Açores,LOCAL-400000,5.0,0,156.0,156.0,3926.0,4.7,1363.0,1.63,36.5,228954.0,83565.0,Açores
2019-10-06 22:45:01,Aveiro,LOCAL-010000,9.0,7,147.0,135.0,8944.0,3.01,5400.0,1.82,54.41,546326.0,297272.0,Norte
2019-10-06 22:45:01,Beja,LOCAL-020000,3.0,0,75.0,75.0,1371.0,2.13,1094.0,1.7,52.26,122987.0,64269.0,Alentejo
2019-10-06 22:45:01,Braga,LOCAL-030000,19.0,0,347.0,347.0,14504.0,3.12,8029.0,1.72,59.83,778173.0,465570.0,Norte
2019-10-06 22:45:01,Bragança,LOCAL-040000,3.0,0,226.0,226.0,1306.0,2.06,1416.0,2.23,44.89,141541.0,63534.0,Norte
2019-10-06 22:45:01,Castelo Branco,LOCAL-050000,4.0,0,120.0,120.0,2250.0,2.4,2232.0,2.38,55.09,170075.0,93695.0,Centro
2019-10-06 22:45:01,Coimbra,LOCAL-060000,9.0,0,155.0,155.0,6889.0,3.38,3814.0,1.87,53.66,380095.0,203950.0,Centro
2019-10-06 22:45:01,Évora,LOCAL-070000,3.0,0,69.0,69.0,1680.0,2.27,1047.0,1.41,54.15,136696.0,74026.0,Alentejo
2019-10-06 22:45:01,Faro,LOCAL-080000,9.0,0,67.0,67.0,4903.0,2.84,3064.0,1.77,45.83,376800.0,172697.0,Algarve
2019-10-06 22:45:01,Guarda,LOCAL-090000,3.0,0,242.0,242.0,2026.0,2.64,2057.0,2.68,50.58,151535.0,76649.0,Centro
2019-10-06 22:45:01,Leiria,LOCAL-100000,5.0,5,110.0,109.0,7521.0,3.65,4817.0,2.34,53.39,386248.0,206209.0,Centro
2019-10-06 22:45:01,Lisboa,LOCAL-110000,19.0,29,134.0,111.0,15591.0,2.24,10540.0,1.51,56.7,1230187.0,697512.0,Lisboa
2019-10-06 22:45:01,Madeira,LOCAL-300000,6.0,0,54.0,54.0,697.0,0.54,2292.0,1.77,50.29,258144.0,129821.0,Madeira
2019-10-06 22:45:01,Portalegre,LOCAL-120000,2.0,0,69.0,69.0,1188.0,2.32,988.0,1.93,53.13,96391.0,51212.0,Alentejo
2019-10-06 22:45:01,Porto,LOCAL-130000,26.0,14,243.0,235.0,18005.0,2.3,13170.0,1.68,58.47,1340833.0,783964.0,Norte
2019-10-06 22:45:01,Santarém,LOCAL-140000,9.0,0,141.0,141.0,6022.0,2.91,4011.0,1.94,54.38,380489.0,206918.0,Centro
2019-10-06 22:45:01,Setúbal,LOCAL-150000,6.0,12,55.0,43.0,5501.0,2.16,4073.0,1.6,54.47,467643.0,254703.0,Lisboa
2019-10-06 22:45:01,Viana do Castelo,LOCAL-160000,6.0,0,208.0,208.0,3617.0,2.97,2199.0,1.8,50.6,240917.0,121913.0,Norte
2019-10-06 22:45:01,Vila Real,LOCAL-170000,5.0,0,197.0,197.0,2258.0,2.25,2397.0,2.39,45.76,219087.0,100260.0,Norte
2019-10-06 22:45:01,Viseu,LOCAL-180000,8.0,0,277.0,277.0,4991.0,2.81,3704.0,2.08,51.05,348057.0,177681.0,Centro
2019-10-06 22:50:01,Açores,LOCAL-400000,5.0,0,156.0,156.0,3926.0,4.7,1363.0,1.63,36.5,228954.0,83565.0,Açores
2019-10-06 22:50:01,Aveiro,LOCAL-010000,9.0,7,147.0,142.0,9785.0,3.03,5908.0,1.83,54.48,592281.0,322691.0,Norte
2019-10-06 22:50:01,Beja,LOCAL-020000,3.0,0,75.0,75.0,1371.0,2.13,1094.0,1.7,52.26,122987.0,64269.0,Alentejo
2019-10-06 22:50:01,Braga,LOCAL-030000,19.0,0,347.0,347.0,14504.0,3.12,8029.0,1.72,59.83,778173.0,465570.0,Norte
2019-10-06 22:50:01,Bragança,LOCAL-040000,3.0,0,226.0,226.0,1306.0,2.06,1416.0,2.23,44.89,141541.0,63534.0,Norte
2019-10-06 22:50:01,Castelo Branco,LOCAL-050000,4.0,0,120.0,120.0,2250.0,2.4,2232.0,2.38,55.09,170075.0,93695.0,Centro
2019-10-06 22:50:01,Coimbra,LOCAL-060000,9.0,0,155.0,155.0,6889.0,3.38,3814.0,1.87,53.66,380095.0,203950.0,Centro
2019-10-06 22:50:01,Évora,LOCAL-070000,3.0,0,69.0,69.0,1680.0,2.27,1047.0,1.41,54.15,136696.0,74026.0,Alentejo
2019-10-06 22:50:01,Faro,LOCAL-080000,9.0,0,67.0,67.0,4903.0,2.84,3064.0,1.77,45.83,376800.0,172697.0,Algarve
2019-10-06 22:50:01,Guarda,LOCAL-090000,3.0,0,242.0,242.0,2026.0,2.64,2057.0,2.68,50.58,151535.0,76649.0,Centro
2019-10-06 22:50:01,Leiria,LOCAL-100000,10.0,0,110.0,110.0,8202.0,3.67,5152.0,2.3,53.87,414969.0,223540.0,Centro
2019-10-06 22:50:01,Lisboa,LOCAL-110000,25.0,23,134.0,118.0,18434.0,2.22,12535.0,1.51,56.61,1468406.0,831301.0,Lisboa
2019-10-06 22:50:01,Madeira,LOCAL-300000,6.0,0,54.0,54.0,697.0,0.54,2292.0,1.77,50.29,258144.0,129821.0,Madeira
2019-10-06 22:50:01,Portalegre,LOCAL-120000,2.0,0,69.0,69.0,1188.0,2.32,988.0,1.93,53.13,96391.0,51212.0,Alentejo
2019-10-06 22:50:01,Porto,LOCAL-130000,28.0,12,243.0,237.0,18758.0,2.28,13641.0,1.66,58.59,1401187.0,820941.0,Norte
2019-10-06 22:50:01,Santarém,LOCAL-140000,9.0,0,141.0,141.0,6022.0,2.91,4011.0,1.94,54.38,380489.0,206918.0,Centro
2019-10-06 22:50:01,Setúbal,LOCAL-150000,7.0,11,55.0,47.0,6303.0,2.14,4702.0,1.6,53.48,550141.0,294237.0,Lisboa
2019-10-06 22:50:01,Viana do Castelo,LOCAL-160000,6.0,0,208.0,208.0,3617.0,2.97,2199.0,1.8,50.6,240917.0,121913.0,Norte
2019-10-06 22:50:01,Vila Real,LOCAL-170000,5.0,0,197.0,197.0,2258.0,2.25,2397.0,2.39,45.76,219087.0,100260.0,Norte
2019-10-06 22:50:01,Viseu,LOCAL-180000,8.0,0,277.0,276.0,4989.0,2.81,3696.0,2.08,51.05,347727.0,177508.0,Centro
2019-10-06 22:55:02,Açores,LOCAL-400000,5.0,0,156.0,156.0,3926.0,4.7,1363.0,1.63,36.5,228954.0,83565.0,Açores
2019-10-06 22:55:02,Aveiro,LOCAL-010000,11.0,5,147.0,144.0,10045.0,3.04,6041.0,1.83,54.48,606089.0,330178.0,Norte
2019-10-06 22:55:02,Beja,LOCAL-020000,3.0,0,75.0,75.0,1371.0,2.13,1094.0,1.7,52.26,122987.0,64269.0,Alentejo
2019-10-06 22:55:02,Braga,LOCAL-030000,19.0,0,347.0,347.0,14504.0,3.12,8029.0,1.72,59.83,778173.0,465570.0,Norte
2019-10-06 22:55:02,Bragança,LOCAL-040000,3.0,0,226.0,226.0,1306.0,2.06,1416.0,2.23,44.89,141541.0,63534.0,Norte
2019-10-06 22:55:02,Castelo Branco,LOCAL-050000,4.0,0,120.0,120.0,2250.0,2.4,2232.0,2.38,55.09,170075.0,93695.0,Centro
2019-10-06 22:55:02,Coimbra,LOCAL-060000,9.0,0,155.0,155.0,6889.0,3.38,3814.0,1.87,53.66,380095.0,203950.0,Centro
2019-10-06 22:55:02,Évora,LOCAL-070000,3.0,0,69.0,69.0,1680.0,2.27,1047.0,1.41,54.15,136696.0,74026.0,Alentejo
2019-10-06 22:55:02,Faro,LOCAL-080000,9.0,0,67.0,67.0,4903.0,2.84,3064.0,1.77,45.83,376800.0,172697.0,Algarve
2019-10-06 22:55:02,Guarda,LOCAL-090000,3.0,0,242.0,242.0,2026.0,2.64,2057.0,2.68,50.58,151535.0,76649.0,Centro
2019-10-06 22:55:02,Leiria,LOCAL-100000,10.0,0,110.0,110.0,8202.0,3.67,5152.0,2.3,53.87,414969.0,223540.0,Centro
2019-10-06 22:55:02,Lisboa,LOCAL-110000,25.0,23,134.0,118.0,18434.0,2.22,12535.0,1.51,56.61,1468406.0,831301.0,Lisboa
2019-10-06 22:55:02,Madeira,LOCAL-300000,6.0,0,54.0,54.0,697.0,0.54,2292.0,1.77,50.29,258144.0,129821.0,Madeira
2019-10-06 22:55:02,Portalegre,LOCAL-120000,2.0,0,69.0,69.0,1188.0,2.32,988.0,1.93,53.13,96391.0,51212.0,Alentejo
2019-10-06 22:55:02,Porto,LOCAL-130000,28.0,12,243.0,237.0,18758.0,2.28,13641.0,1.66,58.59,1401187.0,820941.0,Norte
2019-10-06 22:55:02,Santarém,LOCAL-140000,9.0,0,141.0,141.0,6022.0,2.91,4011.0,1.94,54.38,380489.0,206918.0,Centro
2019-10-06 22:55:02,Setúbal,LOCAL-150000,7.0,11,55.0,46.0,6266.0,2.14,4677.0,1.6,53.47,546364.0,292130.0,Lisboa
2019-10-06 22:55:02,Viana do Castelo,LOCAL-160000,6.0,0,208.0,208.0,3617.0,2.97,2199.0,1.8,50.6,240917.0,121913.0,Norte
2019-10-06 22:55:02,Vila Real,LOCAL-170000,5.0,0,197.0,197.0,2258.0,2.25,2397.0,2.39,45.76,219087.0,100260.0,Norte
2019-10-06 22:55:02,Viseu,LOCAL-180000,8.0,0,277.0,277.0,4995.0,2.81,3700.0,2.08,51.04,348061.0,177647.0,Centro
2019-10-06 23:00:01,Açores,LOCAL-400000,5.0,0,156.0,156.0,3926.0,4.7,1363.0,1.63,36.5,228954.0,83565.0,Açores
2019-10-06 23:00:01,Aveiro,LOCAL-010000,11.0,5,147.0,146.0,10395.0,3.02,6270.0,1.82,54.67,630414.0,344654.0,Norte
2019-10-06 23:00:01,Beja,LOCAL-020000,3.0,0,75.0,75.0,1371.0,2.13,1094.0,1.7,52.26,122987.0,64269.0,Alentejo
2019-10-06 23:00:01,Braga,LOCAL-030000,19.0,0,347.0,347.0,14504.0,3.12,8029.0,1.72,59.83,778173.0,465570.0,Norte
2019-10-06 23:00:01,Bragança,LOCAL-040000,3.0,0,226.0,226.0,1306.0,2.06,1416.0,2.23,44.89,141541.0,63534.0,Norte
2019-10-06 23:00:01,Castelo Branco,LOCAL-050000,4.0,0,120.0,120.0,2250.0,2.4,2232.0,2.38,55.09,170075.0,93695.0,Centro
2019-10-06 23:00:01,Coimbra,LOCAL-060000,9.0,0,155.0,155.0,6889.0,3.38,3814.0,1.87,53.66,380095.0,203950.0,Centro
2019-10-06 23:00:01,Évora,LOCAL-070000,3.0,0,69.0,69.0,1680.0,2.27,1047.0,1.41,54.15,136696.0,74026.0,Alentejo
2019-10-06 23:00:01,Faro,LOCAL-080000,9.0,0,67.0,67.0,4903.0,2.84,3064.0,1.77,45.83,376800.0,172697.0,Algarve
2019-10-06 23:00:01,Guarda,LOCAL-090000,3.0,0,242.0,242.0,2026.0,2.64,2057.0,2.68,50.58,151535.0,76649.0,Centro
2019-10-06 23:00:01,Leiria,LOCAL-100000,10.0,0,110.0,110.0,8202.0,3.67,5152.0,2.3,53.87,414969.0,223540.0,Centro
2019-10-06 23:00:01,Lisboa,LOCAL-110000,26.0,22,134.0,120.0,19257.0,2.23,13106.0,1.52,56.77,1521938.0,863960.0,Lisboa
2019-10-06 23:00:01,Madeira,LOCAL-300000,6.0,0,54.0,54.0,697.0,0.54,2292.0,1.77,50.29,258144.0,129821.0,Madeira
2019-10-06 23:00:01,Portalegre,LOCAL-120000,2.0,0,69.0,69.0,1188.0,2.32,988.0,1.93,53.13,96391.0,51212.0,Alentejo
2019-10-06 23:00:01,Porto,LOCAL-130000,30.0,10,243.0,239.0,19292.0,2.28,14039.0,1.66,58.56,1447059.0,847382.0,Norte
2019-10-06 23:00:01,Santarém,LOCAL-140000,9.0,0,141.0,141.0,6022.0,2.91,4011.0,1.94,54.38,380489.0,206918.0,Centro
2019-10-06 23:00:01,Setúbal,LOCAL-150000,7.0,11,55.0,46.0,6266.0,2.14,4677.0,1.6,53.47,546364.0,292130.0,Lisboa
2019-10-06 23:00:01,Viana do Castelo,LOCAL-160000,6.0,0,208.0,208.0,3617.0,2.97,2199.0,1.8,50.6,240917.0,121913.0,Norte
2019-10-06 23:00:01,Vila Real,LOCAL-170000,5.0,0,197.0,197.0,2258.0,2.25,2397.0,2.39,45.76,219087.0,100260.0,Norte
2019-10-06 23:00:01,Viseu,LOCAL-180000,8.0,0,277.0,277.0,4995.0,2.81,3700.0,2.08,51.04,348061.0,177647.0,Centro
2019-10-06 23:05:01,Açores,LOCAL-400000,5.0,0,156.0,156.0,3926.0,4.7,1363.0,1.63,36.5,228954.0,83565.0,Açores
2019-10-06 23:05:01,Aveiro,LOCAL-010000,11.0,5,147.0,146.0,10395.0,3.02,6270.0,1.82,54.67,630414.0,344654.0,Norte
2019-10-06 23:05:01,Beja,LOCAL-020000,3.0,0,75.0,75.0,1371.0,2.13,1094.0,1.7,52.26,122987.0,64269.0,Alentejo
2019-10-06 23:05:01,Braga,LOCAL-030000,19.0,0,347.0,347.0,14504.0,3.12,8029.0,1.72,59.83,778173.0,465570.0,Norte
2019-10-06 23:05:01,Bragança,LOCAL-040000,3.0,0,226.0,226.0,1306.0,2.06,1416.0,2.23,44.89,141541.0,63534.0,Norte
2019-10-06 23:05:01,Castelo Branco,LOCAL-050000,4.0,0,120.0,120.0,2250.0,2.4,2232.0,2.38,55.09,170075.0,93695.0,Centro
2019-10-06 23:05:01,Coimbra,LOCAL-060000,9.0,0,155.0,155.0,6889.0,3.38,3814.0,1.87,53.66,380095.0,203950.0,Centro
2019-10-06 23:05:01,Évora,LOCAL-070000,3.0,0,69.0,69.0,1680.0,2.27,1047.0,1.41,54.15,136696.0,74026.0,Alentejo
2019-10-06 23:05:01,Faro,LOCAL-080000,9.0,0,67.0,67.0,4903.0,2.84,3064.0,1.77,45.83,376800.0,172697.0,Algarve
2019-10-06 23:05:01,Guarda,LOCAL-090000,3.0,0,242.0,242.0,2026.0,2.64,2057.0,2.68,50.58,151535.0,76649.0,Centro
2019-10-06 23:05:01,Leiria,LOCAL-100000,10.0,0,110.0,110.0,8202.0,3.67,5152.0,2.3,53.87,414969.0,223540.0,Centro
2019-10-06 23:05:01,Lisboa,LOCAL-110000,26.0,22,134.0,121.0,19480.0,2.23,13194.0,1.51,56.86,1538771.0,874998.0,Lisboa
2019-10-06 23:05:01,Madeira,LOCAL-300000,6.0,0,54.0,54.0,697.0,0.54,2292.0,1.77,50.29,258144.0,129821.0,Madeira
2019-10-06 23:05:01,Portalegre,LOCAL-120000,2.0,0,69.0,69.0,1188.0,2.32,988.0,1.93,53.13,96391.0,51212.0,Alentejo
2019-10-06 23:05:01,Porto,LOCAL-130000,30.0,10,243.0,240.0,19726.0,2.28,14297.0,1.65,58.55,1477483.0,865138.0,Norte
2019-10-06 23:05:01,Santarém,LOCAL-140000,9.0,0,141.0,141.0,6022.0,2.91,4011.0,1.94,54.38,380489.0,206918.0,Centro
2019-10-06 23:05:01,Setúbal,LOCAL-150000,7.0,11,55.0,48.0,6695.0,2.15,4919.0,1.58,53.32,584208.0,311505.0,Lisboa
2019-10-06 23:05:01,Viana do Castelo,LOCAL-160000,6.0,0,208.0,208.0,3617.0,2.97,2199.0,1.8,50.6,240917.0,121913.0,Norte
2019-10-06 23:05:01,Vila Real,LOCAL-170000,5.0,0,197.0,197.0,2258.0,2.25,2397.0,2.39,45.76,219087.0,100260.0,Norte
2019-10-06 23:05:01,Viseu,LOCAL-180000,8.0,0,277.0,277.0,4995.0,2.81,3700.0,2.08,51.04,348061.0,177647.0,Centro
2019-10-06 23:10:02,Açores,LOCAL-400000,5.0,0,156.0,156.0,3926.0,4.7,1363.0,1.63,36.5,228954.0,83565.0,Açores
2019-10-06 23:10:02,Aveiro,LOCAL-010000,16.0,0,147.0,147.0,10642.0,3.02,6375.0,1.81,54.55,645655.0,352179.0,Norte
2019-10-06 23:10:02,Beja,LOCAL-020000,3.0,0,75.0,75.0,1371.0,2.13,1094.0,1.7,52.26,122987.0,64269.0,Alentejo
2019-10-06 23:10:02,Braga,LOCAL-030000,19.0,0,347.0,347.0,14504.0,3.12,8029.0,1.72,59.83,778173.0,465570.0,Norte
2019-10-06 23:10:02,Bragança,LOCAL-040000,3.0,0,226.0,226.0,1306.0,2.06,1416.0,2.23,44.89,141541.0,63534.0,Norte
2019-10-06 23:10:02,Castelo Branco,LOCAL-050000,4.0,0,120.0,120.0,2250.0,2.4,2232.0,2.38,55.09,170075.0,93695.0,Centro
2019-10-06 23:10:02,Coimbra,LOCAL-060000,9.0,0,155.0,155.0,6889.0,3.38,3814.0,1.87,53.66,380095.0,203950.0,Centro
2019-10-06 23:10:02,Évora,LOCAL-070000,3.0,0,69.0,69.0,1680.0,2.27,1047.0,1.41,54.15,136696.0,74026.0,Alentejo
2019-10-06 23:10:02,Faro,LOCAL-080000,9.0,0,67.0,67.0,4903.0,2.84,3064.0,1.77,45.83,376800.0,172697.0,Algarve
2019-10-06 23:10:02,Guarda,LOCAL-090000,3.0,0,242.0,242.0,2026.0,2.64,2057.0,2.68,50.58,151535.0,76649.0,Centro
2019-10-06 23:10:02,Leiria,LOCAL-100000,10.0,0,110.0,110.0,8202.0,3.67,5152.0,2.3,53.87,414969.0,223540.0,Centro
2019-10-06 23:10:02,Lisboa,LOCAL-110000,26.0,22,134.0,121.0,19480.0,2.23,13194.0,1.51,56.86,1538771.0,874998.0,Lisboa
2019-10-06 23:10:02,Madeira,LOCAL-300000,6.0,0,54.0,54.0,697.0,0.54,2292.0,1.77,50.29,258144.0,129821.0,Madeira
2019-10-06 23:10:02,Portalegre,LOCAL-120000,2.0,0,69.0,69.0,1188.0,2.32,988.0,1.93,53.13,96391.0,51212.0,Alentejo
2019-10-06 23:10:02,Porto,LOCAL-130000,30.0,10,243.0,240.0,19726.0,2.28,14297.0,1.65,58.55,1477483.0,865138.0,Norte
2019-10-06 23:10:02,Santarém,LOCAL-140000,9.0,0,141.0,141.0,6022.0,2.91,4011.0,1.94,54.38,380489.0,206918.0,Centro
2019-10-06 23:10:02,Setúbal,LOCAL-150000,7.0,11,55.0,49.0,6807.0,2.15,4997.0,1.58,53.35,594021.0,316934.0,Lisboa
2019-10-06 23:10:02,Viana do Castelo,LOCAL-160000,6.0,0,208.0,208.0,3617.0,2.97,2199.0,1.8,50.6,240917.0,121913.0,Norte
2019-10-06 23:10:02,Vila Real,LOCAL-170000,5.0,0,197.0,197.0,2258.0,2.25,2397.0,2.39,45.76,219087.0,100260.0,Norte
2019-10-06 23:10:02,Viseu,LOCAL-180000,8.0,0,277.0,277.0,4995.0,2.81,3700.0,2.08,51.04,348061.0,177647.0,Centro
2019-10-06 23:15:01,Açores,LOCAL-400000,5.0,0,156.0,156.0,3926.0,4.7,1363.0,1.63,36.5,228954.0,83565.0,Açores
2019-10-06 23:15:01,Aveiro,LOCAL-010000,16.0,0,147.0,147.0,10642.0,3.02,6375.0,1.81,54.55,645655.0,352179.0,Norte
2019-10-06 23:15:01,Beja,LOCAL-020000,3.0,0,75.0,75.0,1371.0,2.13,1094.0,1.7,52.26,122987.0,64269.0,Alentejo
2019-10-06 23:15:01,Braga,LOCAL-030000,19.0,0,347.0,347.0,14504.0,3.12,8029.0,1.72,59.83,778173.0,465570.0,Norte
2019-10-06 23:15:01,Bragança,LOCAL-040000,3.0,0,226.0,226.0,1306.0,2.06,1416.0,2.23,44.89,141541.0,63534.0,Norte
2019-10-06 23:15:01,Castelo Branco,LOCAL-050000,4.0,0,120.0,120.0,2250.0,2.4,2232.0,2.38,55.09,170075.0,93695.0,Centro
2019-10-06 23:15:01,Coimbra,LOCAL-060000,9.0,0,155.0,155.0,6889.0,3.38,3814.0,1.87,53.66,380095.0,203950.0,Centro
2019-10-06 23:15:01,Évora,LOCAL-070000,3.0,0,69.0,69.0,1680.0,2.27,1047.0,1.41,54.15,136696.0,74026.0,Alentejo
2019-10-06 23:15:01,Faro,LOCAL-080000,9.0,0,67.0,67.0,4903.0,2.84,3064.0,1.77,45.83,376800.0,172697.0,Algarve
2019-10-06 23:15:01,Guarda,LOCAL-090000,3.0,0,242.0,242.0,2026.0,2.64,2057.0,2.68,50.58,151535.0,76649.0,Centro
2019-10-06 23:15:01,Leiria,LOCAL-100000,10.0,0,110.0,110.0,8202.0,3.67,5152.0,2.3,53.87,414969.0,223540.0,Centro
2019-10-06 23:15:01,Lisboa,LOCAL-110000,28.0,20,134.0,123.0,20164.0,2.22,13668.0,1.51,56.9,1595133.0,907641.0,Lisboa
2019-10-06 23:15:01,Madeira,LOCAL-300000,6.0,0,54.0,54.0,697.0,0.54,2292.0,1.77,50.29,258144.0,129821.0,Madeira
2019-10-06 23:15:01,Portalegre,LOCAL-120000,2.0,0,69.0,69.0,1188.0,2.32,988.0,1.93,53.13,96391.0,51212.0,Alentejo
2019-10-06 23:15:01,Porto,LOCAL-130000,30.0,10,243.0,240.0,19726.0,2.28,14297.0,1.65,58.55,1477483.0,865138.0,Norte
2019-10-06 23:15:01,Santarém,LOCAL-140000,9.0,0,141.0,141.0,6022.0,2.91,4011.0,1.94,54.38,380489.0,206918.0,Centro
2019-10-06 23:15:01,Setúbal,LOCAL-150000,7.0,11,55.0,49.0,6807.0,2.15,4997.0,1.58,53.35,594021.0,316934.0,Lisboa
2019-10-06 23:15:01,Viana do Castelo,LOCAL-160000,6.0,0,208.0,208.0,3617.0,2.97,2199.0,1.8,50.6,240917.0,121913.0,Norte
2019-10-06 23:15:01,Vila Real,LOCAL-170000,5.0,0,197.0,197.0,2258.0,2.25,2397.0,2.39,45.76,219087.0,100260.0,Norte
2019-10-06 23:15:01,Viseu,LOCAL-180000,8.0,0,277.0,277.0,4995.0,2.81,3700.0,2.08,51.04,348061.0,177647.0,Centro
2019-10-06 23:20:01,Açores,LOCAL-400000,5.0,0,156.0,156.0,3926.0,4.7,1363.0,1.63,36.5,228954.0,83565.0,Açores
2019-10-06 23:20:01,Aveiro,LOCAL-010000,16.0,0,147.0,147.0,10642.0,3.02,6375.0,1.81,54.55,645655.0,352179.0,Norte
2019-10-06 23:20:01,Beja,LOCAL-020000,3.0,0,75.0,75.0,1371.0,2.13,1094.0,1.7,52.26,122987.0,64269.0,Alentejo
2019-10-06 23:20:01,Braga,LOCAL-030000,19.0,0,347.0,347.0,14504.0,3.12,8029.0,1.72,59.83,778173.0,465570.0,Norte
2019-10-06 23:20:01,Bragança,LOCAL-040000,3.0,0,226.0,226.0,1306.0,2.06,1416.0,2.23,44.89,141541.0,63534.0,Norte
2019-10-06 23:20:01,Castelo Branco,LOCAL-050000,4.0,0,120.0,120.0,2250.0,2.4,2232.0,2.38,55.09,170075.0,93695.0,Centro
2019-10-06 23:20:01,Coimbra,LOCAL-060000,9.0,0,155.0,155.0,6889.0,3.38,3814.0,1.87,53.66,380095.0,203950.0,Centro
2019-10-06 23:20:01,Évora,LOCAL-070000,3.0,0,69.0,69.0,1680.0,2.27,1047.0,1.41,54.15,136696.0,74026.0,Alentejo
2019-10-06 23:20:01,Faro,LOCAL-080000,9.0,0,67.0,67.0,4903.0,2.84,3064.0,1.77,45.83,376800.0,172697.0,Algarve
2019-10-06 23:20:01,Guarda,LOCAL-090000,3.0,0,242.0,242.0,2026.0,2.64,2057.0,2.68,50.58,151535.0,76649.0,Centro
2019-10-06 23:20:01,Leiria,LOCAL-100000,10.0,0,110.0,110.0,8202.0,3.67,5152.0,2.3,53.87,414969.0,223540.0,Centro
2019-10-06 23:20:01,Lisboa,LOCAL-110000,28.0,20,134.0,123.0,20164.0,2.22,13668.0,1.51,56.9,1595133.0,907641.0,Lisboa
2019-10-06 23:20:01,Madeira,LOCAL-300000,6.0,0,54.0,54.0,697.0,0.54,2292.0,1.77,50.29,258144.0,129821.0,Madeira
2019-10-06 23:20:01,Portalegre,LOCAL-120000,2.0,0,69.0,69.0,1188.0,2.32,988.0,1.93,53.13,96391.0,51212.0,Alentejo
2019-10-06 23:20:01,Porto,LOCAL-130000,31.0,9,243.0,241.0,20361.0,2.29,14624.0,1.65,58.71,1512448.0,887919.0,Norte
2019-10-06 23:20:01,Santarém,LOCAL-140000,9.0,0,141.0,141.0,6022.0,2.91,4011.0,1.94,54.38,380489.0,206918.0,Centro
2019-10-06 23:20:01,Setúbal,LOCAL-150000,9.0,9,55.0,50.0,6943.0,2.15,5077.0,1.57,53.44,604557.0,323102.0,Lisboa
2019-10-06 23:20:01,Viana do Castelo,LOCAL-160000,6.0,0,208.0,208.0,3617.0,2.97,2199.0,1.8,50.6,240917.0,121913.0,Norte
2019-10-06 23:20:01,Vila Real,LOCAL-170000,5.0,0,197.0,197.0,2258.0,2.25,2397.0,2.39,45.76,219087.0,100260.0,Norte
2019-10-06 23:20:01,Viseu,LOCAL-180000,8.0,0,277.0,277.0,4995.0,2.81,3700.0,2.08,51.04,348061.0,177647.0,Centro
2019-10-06 23:25:02,Açores,LOCAL-400000,5.0,0,156.0,156.0,3926.0,4.7,1363.0,1.63,36.5,228954.0,83565.0,Açores
2019-10-06 23:25:02,Aveiro,LOCAL-010000,16.0,0,147.0,147.0,10642.0,3.02,6375.0,1.81,54.55,645655.0,352179.0,Norte
2019-10-06 23:25:02,Beja,LOCAL-020000,3.0,0,75.0,75.0,1371.0,2.13,1094.0,1.7,52.26,122987.0,64269.0,Alentejo
2019-10-06 23:25:02,Braga,LOCAL-030000,19.0,0,347.0,347.0,14504.0,3.12,8029.0,1.72,59.83,778173.0,465570.0,Norte
2019-10-06 23:25:02,Bragança,LOCAL-040000,3.0,0,226.0,226.0,1306.0,2.06,1416.0,2.23,44.89,141541.0,63534.0,Norte
2019-10-06 23:25:02,Castelo Branco,LOCAL-050000,4.0,0,120.0,120.0,2250.0,2.4,2232.0,2.38,55.09,170075.0,93695.0,Centro
2019-10-06 23:25:02,Coimbra,LOCAL-060000,9.0,0,155.0,155.0,6889.0,3.38,3814.0,1.87,53.66,380095.0,203950.0,Centro
2019-10-06 23:25:02,Évora,LOCAL-070000,3.0,0,69.0,69.0,1680.0,2.27,1047.0,1.41,54.15,136696.0,74026.0,Alentejo
2019-10-06 23:25:02,Faro,LOCAL-080000,6.0,3,67.0,66.0,4837.0,2.83,3038.0,1.78,45.76,373593.0,170974.0,Algarve
2019-10-06 23:25:02,Guarda,LOCAL-090000,3.0,0,242.0,242.0,2026.0,2.64,2057.0,2.68,50.58,151535.0,76649.0,Centro
2019-10-06 23:25:02,Leiria,LOCAL-100000,10.0,0,110.0,110.0,8202.0,3.67,5152.0,2.3,53.87,414969.0,223540.0,Centro
2019-10-06 23:25:02,Lisboa,LOCAL-110000,35.0,13,134.0,129.0,22113.0,2.17,15139.0,1.49,56.98,1784826.0,1016952.0,Lisboa
2019-10-06 23:25:02,Madeira,LOCAL-300000,6.0,0,54.0,54.0,697.0,0.54,2292.0,1.77,50.29,258144.0,129821.0,Madeira
2019-10-06 23:25:02,Portalegre,LOCAL-120000,2.0,0,69.0,69.0,1188.0,2.32,988.0,1.93,53.13,96391.0,51212.0,Alentejo
2019-10-06 23:25:02,Porto,LOCAL-130000,31.0,9,243.0,241.0,20361.0,2.29,14624.0,1.65,58.71,1512448.0,887919.0,Norte
2019-10-06 23:25:02,Santarém,LOCAL-140000,9.0,0,141.0,141.0,6022.0,2.91,4011.0,1.94,54.38,380489.0,206918.0,Centro
2019-10-06 23:25:02,Setúbal,LOCAL-150000,9.0,9,55.0,50.0,6943.0,2.15,5077.0,1.57,53.44,604557.0,323102.0,Lisboa
2019-10-06 23:25:02,Viana do Castelo,LOCAL-160000,6.0,0,208.0,208.0,3617.0,2.97,2199.0,1.8,50.6,240917.0,121913.0,Norte
2019-10-06 23:25:02,Vila Real,LOCAL-170000,5.0,0,197.0,197.0,2258.0,2.25,2397.0,2.39,45.76,219087.0,100260.0,Norte
2019-10-06 23:25:02,Viseu,LOCAL-180000,8.0,0,277.0,277.0,4995.0,2.81,3700.0,2.08,51.04,348061.0,177647.0,Centro
2019-10-06 23:30:01,Açores,LOCAL-400000,5.0,0,156.0,156.0,3926.0,4.7,1363.0,1.63,36.5,228954.0,83565.0,Açores
2019-10-06 23:30:01,Aveiro,LOCAL-010000,16.0,0,147.0,147.0,10642.0,3.02,6375.0,1.81,54.55,645655.0,352179.0,Norte
2019-10-06 23:30:01,Beja,LOCAL-020000,3.0,0,75.0,75.0,1371.0,2.13,1094.0,1.7,52.26,122987.0,64269.0,Alentejo
2019-10-06 23:30:01,Braga,LOCAL-030000,19.0,0,347.0,347.0,14504.0,3.12,8029.0,1.72,59.83,778173.0,465570.0,Norte
2019-10-06 23:30:01,Bragança,LOCAL-040000,3.0,0,226.0,226.0,1306.0,2.06,1416.0,2.23,44.89,141541.0,63534.0,Norte
2019-10-06 23:30:01,Castelo Branco,LOCAL-050000,4.0,0,120.0,120.0,2250.0,2.4,2232.0,2.38,55.09,170075.0,93695.0,Centro
2019-10-06 23:30:01,Coimbra,LOCAL-060000,9.0,0,155.0,155.0,6889.0,3.38,3814.0,1.87,53.66,380095.0,203950.0,Centro
2019-10-06 23:30:01,Évora,LOCAL-070000,3.0,0,69.0,69.0,1680.0,2.27,1047.0,1.41,54.15,136696.0,74026.0,Alentejo
2019-10-06 23:30:01,Faro,LOCAL-080000,9.0,0,67.0,67.0,4900.0,2.84,3069.0,1.78,45.83,376801.0,172699.0,Algarve
2019-10-06 23:30:01,Guarda,LOCAL-090000,3.0,0,242.0,242.0,2026.0,2.64,2057.0,2.68,50.58,151535.0,76649.0,Centro
2019-10-06 23:30:01,Leiria,LOCAL-100000,10.0,0,110.0,110.0,8202.0,3.67,5152.0,2.3,53.87,414969.0,223540.0,Centro
2019-10-06 23:30:01,Lisboa,LOCAL-110000,35.0,13,134.0,129.0,22113.0,2.17,15139.0,1.49,56.98,1784826.0,1016952.0,Lisboa
2019-10-06 23:30:01,Madeira,LOCAL-300000,6.0,0,54.0,54.0,697.0,0.54,2292.0,1.77,50.29,258144.0,129821.0,Madeira
2019-10-06 23:30:01,Portalegre,LOCAL-120000,2.0,0,69.0,69.0,1188.0,2.32,988.0,1.93,53.13,96391.0,51212.0,Alentejo
2019-10-06 23:30:01,Porto,LOCAL-130000,32.0,8,243.0,242.0,20665.0,2.28,14809.0,1.63,58.64,1548193.0,907812.0,Norte
2019-10-06 23:30:01,Santarém,LOCAL-140000,9.0,0,141.0,141.0,6022.0,2.91,4011.0,1.94,54.38,380489.0,206918.0,Centro
2019-10-06 23:30:01,Setúbal,LOCAL-150000,9.0,9,55.0,50.0,6943.0,2.15,5077.0,1.57,53.44,604557.0,323102.0,Lisboa
2019-10-06 23:30:01,Viana do Castelo,LOCAL-160000,6.0,0,208.0,208.0,3617.0,2.97,2199.0,1.8,50.6,240917.0,121913.0,Norte
2019-10-06 23:30:01,Vila Real,LOCAL-170000,5.0,0,197.0,197.0,2258.0,2.25,2397.0,2.39,45.76,219087.0,100260.0,Norte
2019-10-06 23:30:01,Viseu,LOCAL-180000,8.0,0,277.0,277.0,4995.0,2.81,3700.0,2.08,51.04,348061.0,177647.0,Centro
2019-10-06 23:35:02,Açores,LOCAL-400000,5.0,0,156.0,156.0,3926.0,4.7,1363.0,1.63,36.5,228954.0,83565.0,Açores
2019-10-06 23:35:02,Aveiro,LOCAL-010000,16.0,0,147.0,147.0,10642.0,3.02,6375.0,1.81,54.55,645655.0,352179.0,Norte
2019-10-06 23:35:02,Beja,LOCAL-020000,3.0,0,75.0,75.0,1371.0,2.13,1094.0,1.7,52.26,122987.0,64269.0,Alentejo
2019-10-06 23:35:02,Braga,LOCAL-030000,19.0,0,347.0,347.0,14504.0,3.12,8029.0,1.72,59.83,778173.0,465570.0,Norte
2019-10-06 23:35:02,Bragança,LOCAL-040000,3.0,0,226.0,226.0,1306.0,2.06,1416.0,2.23,44.89,141541.0,63534.0,Norte
2019-10-06 23:35:02,Castelo Branco,LOCAL-050000,4.0,0,120.0,120.0,2250.0,2.4,2232.0,2.38,55.09,170075.0,93695.0,Centro
2019-10-06 23:35:02,Coimbra,LOCAL-060000,9.0,0,155.0,155.0,6889.0,3.38,3814.0,1.87,53.66,380095.0,203950.0,Centro
2019-10-06 23:35:02,Évora,LOCAL-070000,3.0,0,69.0,69.0,1680.0,2.27,1047.0,1.41,54.15,136696.0,74026.0,Alentejo
2019-10-06 23:35:02,Faro,LOCAL-080000,9.0,0,67.0,67.0,4900.0,2.84,3069.0,1.78,45.83,376801.0,172699.0,Algarve
2019-10-06 23:35:02,Guarda,LOCAL-090000,3.0,0,242.0,242.0,2026.0,2.64,2057.0,2.68,50.58,151535.0,76649.0,Centro
2019-10-06 23:35:02,Leiria,LOCAL-100000,10.0,0,110.0,110.0,8202.0,3.67,5152.0,2.3,53.87,414969.0,223540.0,Centro
2019-10-06 23:35:02,Lisboa,LOCAL-110000,35.0,13,134.0,129.0,22113.0,2.17,15139.0,1.49,56.98,1784826.0,1016952.0,Lisboa
2019-10-06 23:35:02,Madeira,LOCAL-300000,6.0,0,54.0,54.0,697.0,0.54,2292.0,1.77,50.29,258144.0,129821.0,Madeira
2019-10-06 23:35:02,Portalegre,LOCAL-120000,2.0,0,69.0,69.0,1188.0,2.32,988.0,1.93,53.13,96391.0,51212.0,Alentejo
2019-10-06 23:35:02,Porto,LOCAL-130000,32.0,8,243.0,242.0,20665.0,2.28,14809.0,1.63,58.64,1548193.0,907812.0,Norte
2019-10-06 23:35:02,Santarém,LOCAL-140000,9.0,0,141.0,141.0,6022.0,2.91,4011.0,1.94,54.38,380489.0,206918.0,Centro
2019-10-06 23:35:02,Setúbal,LOCAL-150000,10.0,8,55.0,52.0,7511.0,2.13,5422.0,1.54,53.58,657503.0,352316.0,Lisboa
2019-10-06 23:35:02,Viana do Castelo,LOCAL-160000,6.0,0,208.0,208.0,3617.0,2.97,2199.0,1.8,50.6,240917.0,121913.0,Norte
2019-10-06 23:35:02,Vila Real,LOCAL-170000,5.0,0,197.0,197.0,2258.0,2.25,2397.0,2.39,45.76,219087.0,100260.0,Norte
2019-10-06 23:35:02,Viseu,LOCAL-180000,8.0,0,277.0,277.0,4995.0,2.81,3700.0,2.08,51.04,348061.0,177647.0,Centro
2019-10-06 23:40:01,Açores,LOCAL-400000,5.0,0,156.0,156.0,3926.0,4.7,1363.0,1.63,36.5,228954.0,83565.0,Açores
2019-10-06 23:40:01,Aveiro,LOCAL-010000,16.0,0,147.0,147.0,10642.0,3.02,6375.0,1.81,54.55,645655.0,352179.0,Norte
2019-10-06 23:40:01,Beja,LOCAL-020000,3.0,0,75.0,75.0,1371.0,2.13,1094.0,1.7,52.26,122987.0,64269.0,Alentejo
2019-10-06 23:40:01,Braga,LOCAL-030000,19.0,0,347.0,347.0,14504.0,3.12,8029.0,1.72,59.83,778173.0,465570.0,Norte
2019-10-06 23:40:01,Bragança,LOCAL-040000,3.0,0,226.0,226.0,1306.0,2.06,1416.0,2.23,44.89,141541.0,63534.0,Norte
2019-10-06 23:40:01,Castelo Branco,LOCAL-050000,4.0,0,120.0,120.0,2250.0,2.4,2232.0,2.38,55.09,170075.0,93695.0,Centro
2019-10-06 23:40:01,Coimbra,LOCAL-060000,9.0,0,155.0,155.0,6889.0,3.38,3814.0,1.87,53.66,380095.0,203950.0,Centro
2019-10-06 23:40:01,Évora,LOCAL-070000,3.0,0,69.0,69.0,1680.0,2.27,1047.0,1.41,54.15,136696.0,74026.0,Alentejo
2019-10-06 23:40:01,Faro,LOCAL-080000,9.0,0,67.0,67.0,4900.0,2.84,3069.0,1.78,45.83,376801.0,172699.0,Algarve
2019-10-06 23:40:01,Guarda,LOCAL-090000,3.0,0,242.0,242.0,2026.0,2.64,2057.0,2.68,50.58,151535.0,76649.0,Centro
2019-10-06 23:40:01,Leiria,LOCAL-100000,10.0,0,110.0,110.0,8202.0,3.67,5152.0,2.3,53.87,414969.0,223540.0,Centro
2019-10-06 23:40:01,Lisboa,LOCAL-110000,39.0,9,134.0,132.0,22963.0,2.15,15721.0,1.47,57.07,1867901.0,1065997.0,Lisboa
2019-10-06 23:40:01,Madeira,LOCAL-300000,6.0,0,54.0,54.0,697.0,0.54,2292.0,1.77,50.29,258144.0,129821.0,Madeira
2019-10-06 23:40:01,Portalegre,LOCAL-120000,2.0,0,69.0,69.0,1188.0,2.32,988.0,1.93,53.13,96391.0,51212.0,Alentejo
2019-10-06 23:40:01,Porto,LOCAL-130000,32.0,8,243.0,242.0,20665.0,2.28,14809.0,1.63,58.64,1548193.0,907812.0,Norte
2019-10-06 23:40:01,Santarém,LOCAL-140000,9.0,0,141.0,141.0,6022.0,2.91,4011.0,1.94,54.38,380489.0,206918.0,Centro
2019-10-06 23:40:01,Setúbal,LOCAL-150000,10.0,8,55.0,52.0,7511.0,2.13,5422.0,1.54,53.58,657503.0,352316.0,Lisboa
2019-10-06 23:40:01,Viana do Castelo,LOCAL-160000,6.0,0,208.0,208.0,3617.0,2.97,2199.0,1.8,50.6,240917.0,121913.0,Norte
2019-10-06 23:40:01,Vila Real,LOCAL-170000,5.0,0,197.0,197.0,2258.0,2.25,2397.0,2.39,45.76,219087.0,100260.0,Norte
2019-10-06 23:40:01,Viseu,LOCAL-180000,8.0,0,277.0,277.0,4995.0,2.81,3700.0,2.08,51.04,348061.0,177647.0,Centro
2019-10-06 23:45:02,Açores,LOCAL-400000,5.0,0,156.0,156.0,3926.0,4.7,1363.0,1.63,36.5,228954.0,83565.0,Açores
2019-10-06 23:45:02,Aveiro,LOCAL-010000,16.0,0,147.0,147.0,10642.0,3.02,6375.0,1.81,54.55,645655.0,352179.0,Norte
2019-10-06 23:45:02,Beja,LOCAL-020000,3.0,0,75.0,75.0,1371.0,2.13,1094.0,1.7,52.26,122987.0,64269.0,Alentejo
2019-10-06 23:45:02,Braga,LOCAL-030000,19.0,0,347.0,347.0,14504.0,3.12,8029.0,1.72,59.83,778173.0,465570.0,Norte
2019-10-06 23:45:02,Bragança,LOCAL-040000,3.0,0,226.0,226.0,1306.0,2.06,1416.0,2.23,44.89,141541.0,63534.0,Norte
2019-10-06 23:45:02,Castelo Branco,LOCAL-050000,4.0,0,120.0,120.0,2250.0,2.4,2232.0,2.38,55.09,170075.0,93695.0,Centro
2019-10-06 23:45:02,Coimbra,LOCAL-060000,9.0,0,155.0,155.0,6889.0,3.38,3814.0,1.87,53.66,380095.0,203950.0,Centro
2019-10-06 23:45:02,Évora,LOCAL-070000,3.0,0,69.0,69.0,1680.0,2.27,1047.0,1.41,54.15,136696.0,74026.0,Alentejo
2019-10-06 23:45:02,Faro,LOCAL-080000,9.0,0,67.0,67.0,4900.0,2.84,3069.0,1.78,45.83,376801.0,172699.0,Algarve
2019-10-06 23:45:02,Guarda,LOCAL-090000,3.0,0,242.0,242.0,2026.0,2.64,2057.0,2.68,50.58,151535.0,76649.0,Centro
2019-10-06 23:45:02,Leiria,LOCAL-100000,10.0,0,110.0,110.0,8202.0,3.67,5152.0,2.3,53.87,414969.0,223540.0,Centro
2019-10-06 23:45:02,Lisboa,LOCAL-110000,39.0,9,134.0,132.0,22963.0,2.15,15721.0,1.47,57.07,1867901.0,1065997.0,Lisboa
2019-10-06 23:45:02,Madeira,LOCAL-300000,6.0,0,54.0,54.0,697.0,0.54,2292.0,1.77,50.29,258144.0,129821.0,Madeira
2019-10-06 23:45:02,Portalegre,LOCAL-120000,2.0,0,69.0,69.0,1188.0,2.32,988.0,1.93,53.13,96391.0,51212.0,Alentejo
2019-10-06 23:45:02,Porto,LOCAL-130000,40.0,0,243.0,243.0,21233.0,2.27,15185.0,1.63,58.59,1594688.0,934379.0,Norte
2019-10-06 23:45:02,Santarém,LOCAL-140000,9.0,0,141.0,141.0,6022.0,2.91,4011.0,1.94,54.38,380489.0,206918.0,Centro
2019-10-06 23:45:02,Setúbal,LOCAL-150000,10.0,8,55.0,52.0,7511.0,2.13,5422.0,1.54,53.58,657503.0,352316.0,Lisboa
2019-10-06 23:45:02,Viana do Castelo,LOCAL-160000,6.0,0,208.0,208.0,3617.0,2.97,2199.0,1.8,50.6,240917.0,121913.0,Norte
2019-10-06 23:45:02,Vila Real,LOCAL-170000,5.0,0,197.0,197.0,2258.0,2.25,2397.0,2.39,45.76,219087.0,100260.0,Norte
2019-10-06 23:45:02,Viseu,LOCAL-180000,8.0,0,277.0,277.0,4995.0,2.81,3700.0,2.08,51.04,348061.0,177647.0,Centro
2019-10-06 23:50:02,Açores,LOCAL-400000,5.0,0,156.0,156.0,3926.0,4.7,1363.0,1.63,36.5,228954.0,83565.0,Açores
2019-10-06 23:50:02,Aveiro,LOCAL-010000,16.0,0,147.0,147.0,10642.0,3.02,6375.0,1.81,54.55,645655.0,352179.0,Norte
2019-10-06 23:50:02,Beja,LOCAL-020000,3.0,0,75.0,75.0,1371.0,2.13,1094.0,1.7,52.26,122987.0,64269.0,Alentejo
2019-10-06 23:50:02,Braga,LOCAL-030000,19.0,0,347.0,347.0,14504.0,3.12,8029.0,1.72,59.83,778173.0,465570.0,Norte
2019-10-06 23:50:02,Bragança,LOCAL-040000,3.0,0,226.0,226.0,1306.0,2.06,1416.0,2.23,44.89,141541.0,63534.0,Norte
2019-10-06 23:50:02,Castelo Branco,LOCAL-050000,4.0,0,120.0,120.0,2250.0,2.4,2232.0,2.38,55.09,170075.0,93695.0,Centro
2019-10-06 23:50:02,Coimbra,LOCAL-060000,9.0,0,155.0,155.0,6889.0,3.38,3814.0,1.87,53.66,380095.0,203950.0,Centro
2019-10-06 23:50:02,Évora,LOCAL-070000,3.0,0,69.0,69.0,1680.0,2.27,1047.0,1.41,54.15,136696.0,74026.0,Alentejo
2019-10-06 23:50:02,Faro,LOCAL-080000,9.0,0,67.0,67.0,4900.0,2.84,3069.0,1.78,45.83,376801.0,172699.0,Algarve
2019-10-06 23:50:02,Guarda,LOCAL-090000,3.0,0,242.0,242.0,2026.0,2.64,2057.0,2.68,50.58,151535.0,76649.0,Centro
2019-10-06 23:50:02,Leiria,LOCAL-100000,10.0,0,110.0,110.0,8202.0,3.67,5152.0,2.3,53.87,414969.0,223540.0,Centro
2019-10-06 23:50:02,Lisboa,LOCAL-110000,39.0,9,134.0,132.0,22963.0,2.15,15721.0,1.47,57.07,1867901.0,1065997.0,Lisboa
2019-10-06 23:50:02,Madeira,LOCAL-300000,6.0,0,54.0,54.0,697.0,0.54,2292.0,1.77,50.29,258144.0,129821.0,Madeira
2019-10-06 23:50:02,Portalegre,LOCAL-120000,2.0,0,69.0,69.0,1188.0,2.32,988.0,1.93,53.13,96391.0,51212.0,Alentejo
2019-10-06 23:50:02,Porto,LOCAL-130000,40.0,0,243.0,243.0,21233.0,2.27,15185.0,1.63,58.59,1594688.0,934379.0,Norte
2019-10-06 23:50:02,Santarém,LOCAL-140000,9.0,0,141.0,141.0,6022.0,2.91,4011.0,1.94,54.38,380489.0,206918.0,Centro
2019-10-06 23:50:02,Setúbal,LOCAL-150000,10.0,8,55.0,52.0,7511.0,2.13,5422.0,1.54,53.58,657503.0,352316.0,Lisboa
2019-10-06 23:50:02,Viana do Castelo,LOCAL-160000,6.0,0,208.0,208.0,3617.0,2.97,2199.0,1.8,50.6,240917.0,121913.0,Norte
2019-10-06 23:50:02,Vila Real,LOCAL-170000,5.0,0,197.0,197.0,2258.0,2.25,2397.0,2.39,45.76,219087.0,100260.0,Norte
2019-10-06 23:50:02,Viseu,LOCAL-180000,8.0,0,277.0,277.0,4995.0,2.81,3700.0,2.08,51.04,348061.0,177647.0,Centro
2019-10-06 23:55:01,Açores,LOCAL-400000,5.0,0,156.0,156.0,3926.0,4.7,1363.0,1.63,36.5,228954.0,83565.0,Açores
2019-10-06 23:55:01,Aveiro,LOCAL-010000,16.0,0,147.0,147.0,10642.0,3.02,6375.0,1.81,54.55,645655.0,352179.0,Norte
2019-10-06 23:55:01,Beja,LOCAL-020000,3.0,0,75.0,75.0,1371.0,2.13,1094.0,1.7,52.26,122987.0,64269.0,Alentejo
2019-10-06 23:55:01,Braga,LOCAL-030000,19.0,0,347.0,347.0,14504.0,3.12,8029.0,1.72,59.83,778173.0,465570.0,Norte
2019-10-06 23:55:01,Bragança,LOCAL-040000,3.0,0,226.0,226.0,1306.0,2.06,1416.0,2.23,44.89,141541.0,63534.0,Norte
2019-10-06 23:55:01,Castelo Branco,LOCAL-050000,4.0,0,120.0,120.0,2250.0,2.4,2232.0,2.38,55.09,170075.0,93695.0,Centro
2019-10-06 23:55:01,Coimbra,LOCAL-060000,9.0,0,155.0,155.0,6889.0,3.38,3814.0,1.87,53.66,380095.0,203950.0,Centro
2019-10-06 23:55:01,Évora,LOCAL-070000,3.0,0,69.0,69.0,1680.0,2.27,1047.0,1.41,54.15,136696.0,74026.0,Alentejo
2019-10-06 23:55:01,Faro,LOCAL-080000,9.0,0,67.0,67.0,4900.0,2.84,3069.0,1.78,45.83,376801.0,172699.0,Algarve
2019-10-06 23:55:01,Guarda,LOCAL-090000,3.0,0,242.0,242.0,2026.0,2.64,2057.0,2.68,50.58,151535.0,76649.0,Centro
2019-10-06 23:55:01,Leiria,LOCAL-100000,10.0,0,110.0,110.0,8202.0,3.67,5152.0,2.3,53.88,415065.0,223632.0,Centro
2019-10-06 23:55:01,Lisboa,LOCAL-110000,39.0,9,134.0,132.0,22963.0,2.15,15721.0,1.47,57.07,1867901.0,1065997.0,Lisboa
2019-10-06 23:55:01,Madeira,LOCAL-300000,6.0,0,54.0,54.0,697.0,0.54,2292.0,1.77,50.29,258144.0,129821.0,Madeira
2019-10-06 23:55:01,Portalegre,LOCAL-120000,2.0,0,69.0,69.0,1188.0,2.32,988.0,1.93,53.13,96391.0,51212.0,Alentejo
2019-10-06 23:55:01,Porto,LOCAL-130000,40.0,0,243.0,243.0,21233.0,2.27,15185.0,1.63,58.59,1594688.0,934379.0,Norte
2019-10-06 23:55:01,Santarém,LOCAL-140000,9.0,0,141.0,141.0,6022.0,2.91,4011.0,1.94,54.38,380489.0,206918.0,Centro
2019-10-06 23:55:01,Setúbal,LOCAL-150000,10.0,8,55.0,52.0,7511.0,2.13,5422.0,1.54,53.58,657503.0,352316.0,Lisboa
2019-10-06 23:55:01,Viana do Castelo,LOCAL-160000,6.0,0,208.0,208.0,3617.0,2.97,2199.0,1.8,50.6,240917.0,121913.0,Norte
2019-10-06 23:55:01,Vila Real,LOCAL-170000,5.0,0,197.0,197.0,2258.0,2.25,2397.0,2.39,45.76,219087.0,100260.0,Norte
2019-10-06 23:55:01,Viseu,LOCAL-180000,8.0,0,277.0,277.0,4995.0,2.81,3700.0,2.08,51.04,348061.0,177647.0,Centro
2019-10-07 00:00:02,Açores,LOCAL-400000,5.0,0,156.0,156.0,3926.0,4.7,1363.0,1.63,36.5,228954.0,83565.0,Açores
2019-10-07 00:00:02,Aveiro,LOCAL-010000,16.0,0,147.0,147.0,10642.0,3.02,6375.0,1.81,54.55,645655.0,352179.0,Norte
2019-10-07 00:00:02,Beja,LOCAL-020000,3.0,0,75.0,75.0,1371.0,2.13,1094.0,1.7,52.26,122987.0,64269.0,Alentejo
2019-10-07 00:00:02,Braga,LOCAL-030000,19.0,0,347.0,347.0,14504.0,3.12,8029.0,1.72,59.83,778173.0,465570.0,Norte
2019-10-07 00:00:02,Bragança,LOCAL-040000,3.0,0,226.0,226.0,1306.0,2.06,1416.0,2.23,44.89,141541.0,63534.0,Norte
2019-10-07 00:00:02,Castelo Branco,LOCAL-050000,4.0,0,120.0,120.0,2250.0,2.4,2232.0,2.38,55.09,170075.0,93695.0,Centro
2019-10-07 00:00:02,Coimbra,LOCAL-060000,9.0,0,155.0,155.0,6889.0,3.38,3814.0,1.87,53.66,380095.0,203950.0,Centro
2019-10-07 00:00:02,Évora,LOCAL-070000,3.0,0,69.0,69.0,1680.0,2.27,1047.0,1.41,54.15,136696.0,74026.0,Alentejo
2019-10-07 00:00:02,Faro,LOCAL-080000,9.0,0,67.0,67.0,4900.0,2.84,3069.0,1.78,45.83,376801.0,172699.0,Algarve
2019-10-07 00:00:02,Guarda,LOCAL-090000,3.0,0,242.0,242.0,2026.0,2.64,2057.0,2.68,50.58,151535.0,76649.0,Centro
2019-10-07 00:00:02,Leiria,LOCAL-100000,10.0,0,110.0,110.0,8202.0,3.67,5152.0,2.3,53.88,415065.0,223632.0,Centro
2019-10-07 00:00:02,Lisboa,LOCAL-110000,39.0,9,134.0,132.0,22961.0,2.15,15729.0,1.48,57.07,1867900.0,1065978.0,Lisboa
2019-10-07 00:00:02,Madeira,LOCAL-300000,6.0,0,54.0,54.0,697.0,0.54,2292.0,1.77,50.29,258144.0,129821.0,Madeira
2019-10-07 00:00:02,Portalegre,LOCAL-120000,2.0,0,69.0,69.0,1188.0,2.32,988.0,1.93,53.13,96391.0,51212.0,Alentejo
2019-10-07 00:00:02,Porto,LOCAL-130000,40.0,0,243.0,243.0,21233.0,2.27,15185.0,1.63,58.59,1594688.0,934379.0,Norte
2019-10-07 00:00:02,Santarém,LOCAL-140000,9.0,0,141.0,141.0,6022.0,2.91,4011.0,1.94,54.38,380489.0,206918.0,Centro
2019-10-07 00:00:02,Setúbal,LOCAL-150000,11.0,7,55.0,53.0,7693.0,2.12,5528.0,1.53,53.74,673902.0,362157.0,Lisboa
2019-10-07 00:00:02,Viana do Castelo,LOCAL-160000,6.0,0,208.0,208.0,3617.0,2.97,2199.0,1.8,50.6,240917.0,121913.0,Norte
2019-10-07 00:00:02,Vila Real,LOCAL-170000,5.0,0,197.0,197.0,2258.0,2.25,2397.0,2.39,45.76,219087.0,100260.0,Norte
2019-10-07 00:00:02,Viseu,LOCAL-180000,8.0,0,277.0,277.0,4995.0,2.81,3700.0,2.08,51.04,348061.0,177647.0,Centro
2019-10-07 00:05:01,Açores,LOCAL-400000,5.0,0,156.0,156.0,3926.0,4.7,1363.0,1.63,36.5,228954.0,83565.0,Açores
2019-10-07 00:05:01,Aveiro,LOCAL-010000,16.0,0,147.0,147.0,10642.0,3.02,6375.0,1.81,54.55,645655.0,352179.0,Norte
2019-10-07 00:05:01,Beja,LOCAL-020000,3.0,0,75.0,75.0,1371.0,2.13,1094.0,1.7,52.26,122987.0,64269.0,Alentejo
2019-10-07 00:05:01,Braga,LOCAL-030000,19.0,0,347.0,347.0,14504.0,3.12,8029.0,1.72,59.83,778173.0,465570.0,Norte
2019-10-07 00:05:01,Bragança,LOCAL-040000,3.0,0,226.0,226.0,1306.0,2.06,1416.0,2.23,44.89,141541.0,63534.0,Norte
2019-10-07 00:05:01,Castelo Branco,LOCAL-050000,4.0,0,120.0,120.0,2250.0,2.4,2232.0,2.38,55.09,170075.0,93695.0,Centro
2019-10-07 00:05:01,Coimbra,LOCAL-060000,9.0,0,155.0,155.0,6889.0,3.38,3814.0,1.87,53.66,380095.0,203950.0,Centro
2019-10-07 00:05:01,Évora,LOCAL-070000,3.0,0,69.0,69.0,1680.0,2.27,1047.0,1.41,54.15,136696.0,74026.0,Alentejo
2019-10-07 00:05:01,Faro,LOCAL-080000,9.0,0,67.0,67.0,4900.0,2.84,3069.0,1.78,45.83,376801.0,172699.0,Algarve
2019-10-07 00:05:01,Guarda,LOCAL-090000,3.0,0,242.0,242.0,2026.0,2.64,2057.0,2.68,50.58,151535.0,76649.0,Centro
2019-10-07 00:05:01,Leiria,LOCAL-100000,10.0,0,110.0,110.0,8202.0,3.67,5152.0,2.3,53.88,415065.0,223632.0,Centro
2019-10-07 00:05:01,Lisboa,LOCAL-110000,39.0,9,134.0,132.0,22961.0,2.15,15729.0,1.48,57.07,1867900.0,1065978.0,Lisboa
2019-10-07 00:05:01,Madeira,LOCAL-300000,6.0,0,54.0,54.0,697.0,0.54,2292.0,1.77,50.29,258144.0,129821.0,Madeira
2019-10-07 00:05:01,Portalegre,LOCAL-120000,2.0,0,69.0,69.0,1188.0,2.32,988.0,1.93,53.13,96391.0,51212.0,Alentejo
2019-10-07 00:05:01,Porto,LOCAL-130000,40.0,0,243.0,243.0,21233.0,2.27,15185.0,1.63,58.59,1594688.0,934379.0,Norte
2019-10-07 00:05:01,Santarém,LOCAL-140000,9.0,0,141.0,141.0,6022.0,2.91,4011.0,1.94,54.38,380489.0,206918.0,Centro
2019-10-07 00:05:01,Setúbal,LOCAL-150000,11.0,7,55.0,53.0,7693.0,2.12,5528.0,1.53,53.74,673902.0,362157.0,Lisboa
2019-10-07 00:05:01,Viana do Castelo,LOCAL-160000,6.0,0,208.0,208.0,3617.0,2.97,2199.0,1.8,50.6,240917.0,121913.0,Norte
2019-10-07 00:05:01,Vila Real,LOCAL-170000,5.0,0,197.0,197.0,2258.0,2.25,2397.0,2.39,45.76,219087.0,100260.0,Norte
2019-10-07 00:05:01,Viseu,LOCAL-180000,8.0,0,277.0,277.0,4995.0,2.81,3700.0,2.08,51.04,348061.0,177647.0,Centro
2019-10-07 00:10:02,Açores,LOCAL-400000,5.0,0,156.0,156.0,3926.0,4.7,1363.0,1.63,36.5,228954.0,83565.0,Açores
2019-10-07 00:10:02,Aveiro,LOCAL-010000,16.0,0,147.0,147.0,10642.0,3.02,6375.0,1.81,54.55,645655.0,352179.0,Norte
2019-10-07 00:10:02,Beja,LOCAL-020000,3.0,0,75.0,75.0,1371.0,2.13,1094.0,1.7,52.26,122987.0,64269.0,Alentejo
2019-10-07 00:10:02,Braga,LOCAL-030000,19.0,0,347.0,347.0,14504.0,3.12,8029.0,1.72,59.83,778173.0,465570.0,Norte
2019-10-07 00:10:02,Bragança,LOCAL-040000,3.0,0,226.0,226.0,1306.0,2.06,1416.0,2.23,44.89,141541.0,63534.0,Norte
2019-10-07 00:10:02,Castelo Branco,LOCAL-050000,4.0,0,120.0,120.0,2250.0,2.4,2232.0,2.38,55.09,170075.0,93695.0,Centro
2019-10-07 00:10:02,Coimbra,LOCAL-060000,9.0,0,155.0,155.0,6889.0,3.38,3814.0,1.87,53.66,380095.0,203950.0,Centro
2019-10-07 00:10:02,Évora,LOCAL-070000,3.0,0,69.0,69.0,1680.0,2.27,1047.0,1.41,54.15,136696.0,74026.0,Alentejo
2019-10-07 00:10:02,Faro,LOCAL-080000,9.0,0,67.0,67.0,4900.0,2.84,3069.0,1.78,45.83,376801.0,172699.0,Algarve
2019-10-07 00:10:02,Guarda,LOCAL-090000,3.0,0,242.0,242.0,2026.0,2.64,2057.0,2.68,50.58,151535.0,76649.0,Centro
2019-10-07 00:10:02,Leiria,LOCAL-100000,10.0,0,110.0,110.0,8202.0,3.67,5152.0,2.3,53.88,415065.0,223632.0,Centro
2019-10-07 00:10:02,Lisboa,LOCAL-110000,39.0,9,134.0,132.0,22961.0,2.15,15729.0,1.48,57.07,1867900.0,1065978.0,Lisboa
2019-10-07 00:10:02,Madeira,LOCAL-300000,6.0,0,54.0,54.0,697.0,0.54,2292.0,1.77,50.29,258144.0,129821.0,Madeira
2019-10-07 00:10:02,Portalegre,LOCAL-120000,2.0,0,69.0,69.0,1188.0,2.32,988.0,1.93,53.13,96391.0,51212.0,Alentejo
2019-10-07 00:10:02,Porto,LOCAL-130000,40.0,0,243.0,243.0,21233.0,2.27,15185.0,1.63,58.59,1594688.0,934379.0,Norte
2019-10-07 00:10:02,Santarém,LOCAL-140000,9.0,0,141.0,141.0,6022.0,2.91,4011.0,1.94,54.38,380489.0,206918.0,Centro
2019-10-07 00:10:02,Setúbal,LOCAL-150000,11.0,7,55.0,53.0,7693.0,2.12,5528.0,1.53,53.74,673902.0,362157.0,Lisboa
2019-10-07 00:10:02,Viana do Castelo,LOCAL-160000,6.0,0,208.0,208.0,3617.0,2.97,2199.0,1.8,50.6,240917.0,121913.0,Norte
2019-10-07 00:10:02,Vila Real,LOCAL-170000,5.0,0,197.0,197.0,2258.0,2.25,2397.0,2.39,45.76,219087.0,100260.0,Norte
2019-10-07 00:10:02,Viseu,LOCAL-180000,8.0,0,277.0,277.0,4995.0,2.81,3700.0,2.08,51.04,348061.0,177647.0,Centro
2019-10-07 00:15:01,Açores,LOCAL-400000,5.0,0,156.0,156.0,3926.0,4.7,1363.0,1.63,36.5,228954.0,83565.0,Açores
2019-10-07 00:15:01,Aveiro,LOCAL-010000,16.0,0,147.0,147.0,10642.0,3.02,6375.0,1.81,54.55,645655.0,352179.0,Norte
2019-10-07 00:15:01,Beja,LOCAL-020000,3.0,0,75.0,75.0,1371.0,2.13,1094.0,1.7,52.26,122987.0,64269.0,Alentejo
2019-10-07 00:15:01,Braga,LOCAL-030000,19.0,0,347.0,347.0,14504.0,3.12,8029.0,1.72,59.83,778173.0,465570.0,Norte
2019-10-07 00:15:01,Bragança,LOCAL-040000,3.0,0,226.0,226.0,1306.0,2.06,1416.0,2.23,44.89,141541.0,63534.0,Norte
2019-10-07 00:15:01,Castelo Branco,LOCAL-050000,4.0,0,120.0,120.0,2250.0,2.4,2232.0,2.38,55.09,170075.0,93695.0,Centro
2019-10-07 00:15:01,Coimbra,LOCAL-060000,9.0,0,155.0,155.0,6889.0,3.38,3814.0,1.87,53.66,380095.0,203950.0,Centro
2019-10-07 00:15:01,Évora,LOCAL-070000,3.0,0,69.0,69.0,1680.0,2.27,1047.0,1.41,54.15,136696.0,74026.0,Alentejo
2019-10-07 00:15:01,Faro,LOCAL-080000,9.0,0,67.0,67.0,4900.0,2.84,3069.0,1.78,45.83,376801.0,172699.0,Algarve
2019-10-07 00:15:01,Guarda,LOCAL-090000,3.0,0,242.0,242.0,2026.0,2.64,2057.0,2.68,50.58,151535.0,76649.0,Centro
2019-10-07 00:15:01,Leiria,LOCAL-100000,10.0,0,110.0,110.0,8202.0,3.67,5152.0,2.3,53.88,415065.0,223632.0,Centro
2019-10-07 00:15:01,Lisboa,LOCAL-110000,39.0,9,134.0,133.0,23176.0,2.16,15838.0,1.47,57.11,1881850.0,1074728.0,Lisboa
2019-10-07 00:15:01,Madeira,LOCAL-300000,6.0,0,54.0,54.0,697.0,0.54,2292.0,1.77,50.29,258144.0,129821.0,Madeira
2019-10-07 00:15:01,Portalegre,LOCAL-120000,2.0,0,69.0,69.0,1188.0,2.32,988.0,1.93,53.13,96391.0,51212.0,Alentejo
2019-10-07 00:15:01,Porto,LOCAL-130000,40.0,0,243.0,243.0,21233.0,2.27,15185.0,1.63,58.59,1594688.0,934379.0,Norte
2019-10-07 00:15:01,Santarém,LOCAL-140000,9.0,0,141.0,141.0,6022.0,2.91,4011.0,1.94,54.38,380489.0,206918.0,Centro
2019-10-07 00:15:01,Setúbal,LOCAL-150000,12.0,6,55.0,54.0,7884.0,2.1,5730.0,1.53,53.5,700511.0,374752.0,Lisboa
2019-10-07 00:15:01,Viana do Castelo,LOCAL-160000,6.0,0,208.0,208.0,3617.0,2.97,2199.0,1.8,50.6,240917.0,121913.0,Norte
2019-10-07 00:15:01,Vila Real,LOCAL-170000,5.0,0,197.0,197.0,2258.0,2.25,2397.0,2.39,45.76,219087.0,100260.0,Norte
2019-10-07 00:15:01,Viseu,LOCAL-180000,8.0,0,277.0,277.0,4995.0,2.81,3700.0,2.08,51.04,348061.0,177647.0,Centro
2019-10-07 00:20:02,Açores,LOCAL-400000,5.0,0,156.0,156.0,3926.0,4.7,1363.0,1.63,36.5,228954.0,83565.0,Açores
2019-10-07 00:20:02,Aveiro,LOCAL-010000,16.0,0,147.0,147.0,10642.0,3.02,6375.0,1.81,54.55,645655.0,352179.0,Norte
2019-10-07 00:20:02,Beja,LOCAL-020000,3.0,0,75.0,75.0,1371.0,2.13,1094.0,1.7,52.26,122987.0,64269.0,Alentejo
2019-10-07 00:20:02,Braga,LOCAL-030000,19.0,0,347.0,347.0,14504.0,3.12,8029.0,1.72,59.83,778173.0,465570.0,Norte
2019-10-07 00:20:02,Bragança,LOCAL-040000,3.0,0,226.0,226.0,1306.0,2.06,1416.0,2.23,44.89,141541.0,63534.0,Norte
2019-10-07 00:20:02,Castelo Branco,LOCAL-050000,4.0,0,120.0,120.0,2250.0,2.4,2232.0,2.38,55.09,170075.0,93695.0,Centro
2019-10-07 00:20:02,Coimbra,LOCAL-060000,9.0,0,155.0,155.0,6889.0,3.38,3814.0,1.87,53.66,380095.0,203950.0,Centro
2019-10-07 00:20:02,Évora,LOCAL-070000,3.0,0,69.0,69.0,1680.0,2.27,1047.0,1.41,54.15,136696.0,74026.0,Alentejo
2019-10-07 00:20:02,Faro,LOCAL-080000,9.0,0,67.0,67.0,4900.0,2.84,3069.0,1.78,45.83,376801.0,172699.0,Algarve
2019-10-07 00:20:02,Guarda,LOCAL-090000,3.0,0,242.0,242.0,2026.0,2.64,2057.0,2.68,50.58,151535.0,76649.0,Centro
2019-10-07 00:20:02,Leiria,LOCAL-100000,10.0,0,110.0,110.0,8202.0,3.67,5152.0,2.3,53.88,415065.0,223632.0,Centro
2019-10-07 00:20:02,Lisboa,LOCAL-110000,39.0,9,134.0,133.0,23176.0,2.16,15838.0,1.47,57.11,1881850.0,1074728.0,Lisboa
2019-10-07 00:20:02,Madeira,LOCAL-300000,6.0,0,54.0,54.0,697.0,0.54,2292.0,1.77,50.29,258144.0,129821.0,Madeira
2019-10-07 00:20:02,Portalegre,LOCAL-120000,2.0,0,69.0,69.0,1188.0,2.32,988.0,1.93,53.13,96391.0,51212.0,Alentejo
2019-10-07 00:20:02,Porto,LOCAL-130000,40.0,0,243.0,243.0,21233.0,2.27,15185.0,1.63,58.59,1594688.0,934379.0,Norte
2019-10-07 00:20:02,Santarém,LOCAL-140000,9.0,0,141.0,141.0,6022.0,2.91,4011.0,1.94,54.38,380489.0,206918.0,Centro
2019-10-07 00:20:02,Setúbal,LOCAL-150000,12.0,6,55.0,54.0,7884.0,2.1,5730.0,1.53,53.5,700511.0,374752.0,Lisboa
2019-10-07 00:20:02,Viana do Castelo,LOCAL-160000,6.0,0,208.0,208.0,3617.0,2.97,2199.0,1.8,50.6,240917.0,121913.0,Norte
2019-10-07 00:20:02,Vila Real,LOCAL-170000,5.0,0,197.0,197.0,2258.0,2.25,2397.0,2.39,45.76,219087.0,100260.0,Norte
2019-10-07 00:20:02,Viseu,LOCAL-180000,8.0,0,277.0,277.0,4995.0,2.81,3700.0,2.08,51.04,348061.0,177647.0,Centro
2019-10-07 00:25:01,Açores,LOCAL-400000,5.0,0,156.0,156.0,3926.0,4.7,1363.0,1.63,36.5,228954.0,83565.0,Açores
2019-10-07 00:25:01,Aveiro,LOCAL-010000,16.0,0,147.0,147.0,10642.0,3.02,6375.0,1.81,54.55,645655.0,352179.0,Norte
2019-10-07 00:25:01,Beja,LOCAL-020000,3.0,0,75.0,75.0,1371.0,2.13,1094.0,1.7,52.26,122987.0,64269.0,Alentejo
2019-10-07 00:25:01,Braga,LOCAL-030000,19.0,0,347.0,347.0,14504.0,3.12,8029.0,1.72,59.83,778173.0,465570.0,Norte
2019-10-07 00:25:01,Bragança,LOCAL-040000,3.0,0,226.0,226.0,1306.0,2.06,1416.0,2.23,44.89,141541.0,63534.0,Norte
2019-10-07 00:25:01,Castelo Branco,LOCAL-050000,4.0,0,120.0,120.0,2250.0,2.4,2232.0,2.38,55.09,170075.0,93695.0,Centro
2019-10-07 00:25:01,Coimbra,LOCAL-060000,9.0,0,155.0,155.0,6889.0,3.38,3814.0,1.87,53.66,380095.0,203950.0,Centro
2019-10-07 00:25:01,Évora,LOCAL-070000,3.0,0,69.0,69.0,1680.0,2.27,1047.0,1.41,54.15,136696.0,74026.0,Alentejo
2019-10-07 00:25:01,Faro,LOCAL-080000,9.0,0,67.0,67.0,4900.0,2.84,3069.0,1.78,45.83,376801.0,172699.0,Algarve
2019-10-07 00:25:01,Guarda,LOCAL-090000,3.0,0,242.0,242.0,2026.0,2.64,2057.0,2.68,50.58,151535.0,76649.0,Centro
2019-10-07 00:25:01,Leiria,LOCAL-100000,10.0,0,110.0,110.0,8202.0,3.67,5152.0,2.3,53.88,415065.0,223632.0,Centro
2019-10-07 00:25:01,Lisboa,LOCAL-110000,39.0,9,134.0,133.0,23176.0,2.16,15838.0,1.47,57.11,1881850.0,1074728.0,Lisboa
2019-10-07 00:25:01,Madeira,LOCAL-300000,6.0,0,54.0,54.0,697.0,0.54,2292.0,1.77,50.29,258144.0,129821.0,Madeira
2019-10-07 00:25:01,Portalegre,LOCAL-120000,2.0,0,69.0,69.0,1188.0,2.32,988.0,1.93,53.13,96391.0,51212.0,Alentejo
2019-10-07 00:25:01,Porto,LOCAL-130000,40.0,0,243.0,243.0,21233.0,2.27,15185.0,1.63,58.59,1594688.0,934379.0,Norte
2019-10-07 00:25:01,Santarém,LOCAL-140000,9.0,0,141.0,141.0,6022.0,2.91,4011.0,1.94,54.38,380489.0,206918.0,Centro
2019-10-07 00:25:01,Setúbal,LOCAL-150000,18.0,0,55.0,55.0,8191.0,2.07,6038.0,1.53,53.64,736683.0,395160.0,Lisboa
2019-10-07 00:25:01,Viana do Castelo,LOCAL-160000,6.0,0,208.0,208.0,3617.0,2.97,2199.0,1.8,50.6,240917.0,121913.0,Norte
2019-10-07 00:25:01,Vila Real,LOCAL-170000,5.0,0,197.0,197.0,2258.0,2.25,2397.0,2.39,45.76,219087.0,100260.0,Norte
2019-10-07 00:25:01,Viseu,LOCAL-180000,8.0,0,277.0,277.0,4995.0,2.81,3700.0,2.08,51.04,348061.0,177647.0,Centro
2019-10-07 00:30:02,Açores,LOCAL-400000,5.0,0,156.0,156.0,3926.0,4.7,1363.0,1.63,36.5,228954.0,83565.0,Açores
2019-10-07 00:30:02,Aveiro,LOCAL-010000,16.0,0,147.0,147.0,10642.0,3.02,6375.0,1.81,54.55,645655.0,352179.0,Norte
2019-10-07 00:30:02,Beja,LOCAL-020000,3.0,0,75.0,75.0,1371.0,2.13,1094.0,1.7,52.26,122987.0,64269.0,Alentejo
2019-10-07 00:30:02,Braga,LOCAL-030000,19.0,0,347.0,347.0,14504.0,3.12,8029.0,1.72,59.83,778173.0,465570.0,Norte
2019-10-07 00:30:02,Bragança,LOCAL-040000,3.0,0,226.0,226.0,1306.0,2.06,1416.0,2.23,44.89,141541.0,63534.0,Norte
2019-10-07 00:30:02,Castelo Branco,LOCAL-050000,4.0,0,120.0,120.0,2250.0,2.4,2232.0,2.38,55.09,170075.0,93695.0,Centro
2019-10-07 00:30:02,Coimbra,LOCAL-060000,9.0,0,155.0,155.0,6889.0,3.38,3814.0,1.87,53.66,380095.0,203950.0,Centro
2019-10-07 00:30:02,Évora,LOCAL-070000,3.0,0,69.0,69.0,1680.0,2.27,1047.0,1.41,54.15,136696.0,74026.0,Alentejo
2019-10-07 00:30:02,Faro,LOCAL-080000,9.0,0,67.0,67.0,4900.0,2.84,3069.0,1.78,45.83,376801.0,172699.0,Algarve
2019-10-07 00:30:02,Guarda,LOCAL-090000,3.0,0,242.0,242.0,2026.0,2.64,2057.0,2.68,50.58,151535.0,76649.0,Centro
2019-10-07 00:30:02,Leiria,LOCAL-100000,10.0,0,110.0,110.0,8202.0,3.67,5152.0,2.3,53.88,415065.0,223632.0,Centro
2019-10-07 00:30:02,Lisboa,LOCAL-110000,48.0,0,134.0,134.0,23702.0,2.15,16081.0,1.46,57.33,1921047.0,1101346.0,Lisboa
2019-10-07 00:30:02,Madeira,LOCAL-300000,6.0,0,54.0,54.0,697.0,0.54,2292.0,1.77,50.29,258144.0,129821.0,Madeira
2019-10-07 00:30:02,Portalegre,LOCAL-120000,2.0,0,69.0,69.0,1188.0,2.32,988.0,1.93,53.13,96391.0,51212.0,Alentejo
2019-10-07 00:30:02,Porto,LOCAL-130000,40.0,0,243.0,243.0,21233.0,2.27,15185.0,1.63,58.59,1594688.0,934379.0,Norte
2019-10-07 00:30:02,Santarém,LOCAL-140000,9.0,0,141.0,141.0,6022.0,2.91,4011.0,1.94,54.38,380489.0,206918.0,Centro
2019-10-07 00:30:02,Setúbal,LOCAL-150000,18.0,0,55.0,55.0,8191.0,2.07,6038.0,1.53,53.64,736683.0,395160.0,Lisboa
2019-10-07 00:30:02,Viana do Castelo,LOCAL-160000,6.0,0,208.0,208.0,3617.0,2.97,2199.0,1.8,50.6,240917.0,121913.0,Norte
2019-10-07 00:30:02,Vila Real,LOCAL-170000,5.0,0,197.0,197.0,2258.0,2.25,2397.0,2.39,45.76,219087.0,100260.0,Norte
2019-10-07 00:30:02,Viseu,LOCAL-180000,8.0,0,277.0,277.0,4995.0,2.81,3700.0,2.08,51.04,348061.0,177647.0,Centro
2019-10-07 00:35:01,Açores,LOCAL-400000,5.0,0,156.0,156.0,3926.0,4.7,1363.0,1.63,36.5,228954.0,83565.0,Açores
2019-10-07 00:35:01,Aveiro,LOCAL-010000,16.0,0,147.0,147.0,10642.0,3.02,6375.0,1.81,54.55,645655.0,352179.0,Norte
2019-10-07 00:35:01,Beja,LOCAL-020000,3.0,0,75.0,75.0,1371.0,2.13,1094.0,1.7,52.26,122987.0,64269.0,Alentejo
2019-10-07 00:35:01,Braga,LOCAL-030000,19.0,0,347.0,347.0,14504.0,3.12,8029.0,1.72,59.83,778173.0,465570.0,Norte
2019-10-07 00:35:01,Bragança,LOCAL-040000,3.0,0,226.0,226.0,1306.0,2.06,1416.0,2.23,44.89,141541.0,63534.0,Norte
2019-10-07 00:35:01,Castelo Branco,LOCAL-050000,4.0,0,120.0,120.0,2250.0,2.4,2232.0,2.38,55.09,170075.0,93695.0,Centro
2019-10-07 00:35:01,Coimbra,LOCAL-060000,9.0,0,155.0,155.0,6889.0,3.38,3814.0,1.87,53.66,380095.0,203950.0,Centro
2019-10-07 00:35:01,Évora,LOCAL-070000,3.0,0,69.0,69.0,1680.0,2.27,1047.0,1.41,54.15,136696.0,74026.0,Alentejo
2019-10-07 00:35:01,Faro,LOCAL-080000,9.0,0,67.0,67.0,4900.0,2.84,3069.0,1.78,45.83,376801.0,172699.0,Algarve
2019-10-07 00:35:01,Guarda,LOCAL-090000,3.0,0,242.0,242.0,2026.0,2.64,2057.0,2.68,50.58,151535.0,76649.0,Centro
2019-10-07 00:35:01,Leiria,LOCAL-100000,10.0,0,110.0,110.0,8202.0,3.67,5152.0,2.3,53.88,415065.0,223632.0,Centro
2019-10-07 00:35:01,Lisboa,LOCAL-110000,48.0,0,134.0,134.0,23702.0,2.15,16081.0,1.46,57.33,1921047.0,1101346.0,Lisboa
2019-10-07 00:35:01,Madeira,LOCAL-300000,6.0,0,54.0,54.0,697.0,0.54,2292.0,1.77,50.29,258144.0,129821.0,Madeira
2019-10-07 00:35:01,Portalegre,LOCAL-120000,2.0,0,69.0,69.0,1188.0,2.32,988.0,1.93,53.13,96391.0,51212.0,Alentejo
2019-10-07 00:35:01,Porto,LOCAL-130000,40.0,0,243.0,243.0,21233.0,2.27,15185.0,1.63,58.59,1594688.0,934379.0,Norte
2019-10-07 00:35:01,Santarém,LOCAL-140000,9.0,0,141.0,141.0,6022.0,2.91,4011.0,1.94,54.38,380489.0,206918.0,Centro
2019-10-07 00:35:01,Setúbal,LOCAL-150000,18.0,0,55.0,55.0,8191.0,2.07,6038.0,1.53,53.64,736683.0,395160.0,Lisboa
2019-10-07 00:35:01,Viana do Castelo,LOCAL-160000,6.0,0,208.0,208.0,3617.0,2.97,2199.0,1.8,50.6,240917.0,121913.0,Norte
2019-10-07 00:35:01,Vila Real,LOCAL-170000,5.0,0,197.0,197.0,2258.0,2.25,2397.0,2.39,45.76,219087.0,100260.0,Norte
2019-10-07 00:35:01,Viseu,LOCAL-180000,8.0,0,277.0,277.0,4995.0,2.81,3700.0,2.08,51.04,348061.0,177647.0,Centro
