Data,Freguesia,Código Territorial,Total Mandatos,Mandatos Disponíveis,Votos Brancos,Percentagem Votos Brancos,Votos Nulos,Percentagem Votos Nulos,Percentagem Votantes,Votantes Inscritos,Total de Votos,Concelho,Distrito,Região
2019-12-03 11:13:36,Aguada de Cima,LOCAL-010103,0.0,0,54,3.07,34,1.93,47.14,3729,1758,Águeda,Aveiro,Norte
2019-12-03 11:13:36,Fermentelos,LOCAL-010109,0.0,0,53,3.33,32,2.01,56.09,2840,1593,Águeda,Aveiro,Norte
2019-12-03 11:13:36,Macinhata do Vouga,LOCAL-010112,0.0,0,57,3.81,26,1.74,49.8,3008,1498,Águeda,Aveiro,Norte
2019-12-03 11:13:36,Valongo do Vouga,LOCAL-010119,0.0,0,88,3.93,37,1.65,51.67,4329,2237,Águeda,Aveiro,Norte
2019-12-03 11:13:36,Águeda e Borralha,LOCAL-010121,0.0,0,209,3.2,103,1.58,53.56,12178,6523,Águeda,Aveiro,Norte
2019-12-03 11:13:36,Barrô e Aguada de Baixo,LOCAL-010122,0.0,0,66,4.45,21,1.42,49.65,2985,1482,Águeda,Aveiro,Norte
2019-12-03 11:13:36,"Belazaima do Chão, Castanheira do Vouga e Agadão",LOCAL-010123,0.0,0,33,4.3,11,1.43,56.47,1360,768,Águeda,Aveiro,Norte
2019-12-03 11:13:36,Recardães e Espinhel,LOCAL-010124,0.0,0,113,3.81,73,2.46,55.19,5374,2966,Águeda,Aveiro,Norte
2019-12-03 11:13:36,Travassô e Óis da Ribeira,LOCAL-010125,0.0,0,41,3.24,20,1.58,62.73,2015,1264,Águeda,Aveiro,Norte
2019-12-03 11:13:36,"Trofa, Segadães e Lamas do Vouga",LOCAL-010126,0.0,0,68,3.02,28,1.24,55.09,4086,2251,Águeda,Aveiro,Norte
2019-12-03 11:13:36,Préstimo e Macieira de Alcoba,LOCAL-010127,0.0,0,10,2.45,8,1.96,51.45,793,408,Águeda,Aveiro,Norte
2019-12-03 11:13:36,Alquerubim,LOCAL-010202,0.0,0,28,2.69,30,2.89,50.68,2050,1039,Albergaria-a-Velha,Aveiro,Norte
2019-12-03 11:13:36,Angeja,LOCAL-010203,0.0,0,31,3.12,24,2.42,54.44,1824,993,Albergaria-a-Velha,Aveiro,Norte
2019-12-03 11:13:36,Branca,LOCAL-010204,0.0,0,61,2.27,39,1.45,54.28,4961,2693,Albergaria-a-Velha,Aveiro,Norte
2019-12-03 11:13:36,Ribeira de Fráguas,LOCAL-010206,0.0,0,31,3.52,18,2.04,59.81,1473,881,Albergaria-a-Velha,Aveiro,Norte
2019-12-03 11:13:36,Albergaria-a-Velha e Valmaior,LOCAL-010209,0.0,0,144,2.87,87,1.73,51.8,9703,5026,Albergaria-a-Velha,Aveiro,Norte
2019-12-03 11:13:36,São João de Loure e Frossos,LOCAL-010210,0.0,0,42,2.87,31,2.12,57.82,2532,1464,Albergaria-a-Velha,Aveiro,Norte
2019-12-03 11:13:36,Avelãs de Caminho,LOCAL-010304,0.0,0,13,2.34,12,2.16,50.18,1106,555,Anadia,Aveiro,Norte
2019-12-03 11:13:36,Avelãs de Cima,LOCAL-010305,0.0,0,37,3.63,22,2.16,53.66,1897,1018,Anadia,Aveiro,Norte
2019-12-03 11:13:36,Moita,LOCAL-010307,0.0,0,30,2.64,23,2.02,52.11,2184,1138,Anadia,Aveiro,Norte
2019-12-03 11:13:36,Sangalhos,LOCAL-010309,0.0,0,84,4.56,30,1.63,50.52,3648,1843,Anadia,Aveiro,Norte
2019-12-03 11:13:36,São Lourenço do Bairro,LOCAL-010310,0.0,0,47,4.22,23,2.06,50.02,2229,1115,Anadia,Aveiro,Norte
2019-12-03 11:13:36,Vila Nova de Monsarros,LOCAL-010312,0.0,0,33,4.43,14,1.88,47.97,1553,745,Anadia,Aveiro,Norte
2019-12-03 11:13:36,Vilarinho do Bairro,LOCAL-010313,0.0,0,55,4.08,35,2.6,49.22,2739,1348,Anadia,Aveiro,Norte
2019-12-03 11:13:36,"Amoreira da Gândara, Paredes do Bairro e Ancas",LOCAL-010316,0.0,0,52,3.76,36,2.6,54.93,2516,1382,Anadia,Aveiro,Norte
2019-12-03 11:13:36,Arcos e Mogofores,LOCAL-010317,0.0,0,120,3.97,36,1.19,53.27,5681,3026,Anadia,Aveiro,Norte
2019-12-03 11:13:36,"Tamengos, Aguim e Óis do Bairro",LOCAL-010318,0.0,0,74,4.63,37,2.32,52.12,3066,1598,Anadia,Aveiro,Norte
2019-12-03 11:13:36,Alvarenga,LOCAL-010402,0.0,0,20,3.58,8,1.43,57.41,972,558,Arouca,Aveiro,Norte
2019-12-03 11:13:36,Chave,LOCAL-010407,0.0,0,16,2.2,8,1.1,63.57,1142,726,Arouca,Aveiro,Norte
2019-12-03 11:13:36,Escariz,LOCAL-010409,0.0,0,41,3.57,24,2.09,60.74,1890,1148,Arouca,Aveiro,Norte
2019-12-03 11:13:36,Fermedo,LOCAL-010411,0.0,0,19,2.71,6,0.86,58.24,1202,700,Arouca,Aveiro,Norte
2019-12-03 11:13:36,Mansores,LOCAL-010413,0.0,0,19,3.14,6,0.99,60.78,997,606,Arouca,Aveiro,Norte
2019-12-03 11:13:36,Moldes,LOCAL-010414,0.0,0,18,2.77,9,1.39,57.69,1125,649,Arouca,Aveiro,Norte
2019-12-03 11:13:36,Rossas,LOCAL-010415,0.0,0,36,4.28,14,1.66,59.55,1414,842,Arouca,Aveiro,Norte
2019-12-03 11:13:36,Santa Eulália,LOCAL-010416,0.0,0,64,5.45,33,2.81,58.06,2022,1174,Arouca,Aveiro,Norte
2019-12-03 11:13:36,São Miguel do Mato,LOCAL-010417,0.0,0,5,1.61,3,0.96,50.08,621,311,Arouca,Aveiro,Norte
2019-12-03 11:13:36,Tropeço,LOCAL-010418,0.0,0,22,3.89,12,2.12,53.8,1052,566,Arouca,Aveiro,Norte
2019-12-03 11:13:36,Urrô,LOCAL-010419,0.0,0,19,3.78,3,0.6,56.58,889,503,Arouca,Aveiro,Norte
2019-12-03 11:13:36,Várzea,LOCAL-010420,0.0,0,8,2.73,5,1.71,65.26,449,293,Arouca,Aveiro,Norte
2019-12-03 11:13:36,Arouca e Burgo,LOCAL-010421,0.0,0,109,4.13,25,0.95,55.74,4736,2640,Arouca,Aveiro,Norte
2019-12-03 11:13:36,Cabreiros e Albergaria da Serra,LOCAL-010422,0.0,0,2,1.89,1,0.94,38.41,276,106,Arouca,Aveiro,Norte
2019-12-03 11:13:36,Canelas e Espiunca,LOCAL-010423,0.0,0,17,3.29,7,1.35,51.49,1004,517,Arouca,Aveiro,Norte
2019-12-03 11:13:36,Covelo de Paivó e Janarde,LOCAL-010424,0.0,0,2,1.74,1,0.87,54.25,212,115,Arouca,Aveiro,Norte
2019-12-03 11:13:36,Aradas,LOCAL-010501,0.0,0,162,3.56,53,1.17,53.85,8447,4549,Aveiro,Aveiro,Norte
2019-12-03 11:13:36,Cacia,LOCAL-010502,0.0,0,106,3.22,48,1.46,53.58,6139,3289,Aveiro,Aveiro,Norte
2019-12-03 11:13:36,Esgueira,LOCAL-010505,0.0,0,210,3.35,103,1.64,52.4,11951,6262,Aveiro,Aveiro,Norte
2019-12-03 11:13:36,Oliveirinha,LOCAL-010508,0.0,0,96,4.31,42,1.89,53.14,4191,2227,Aveiro,Aveiro,Norte
2019-12-03 11:13:36,São Bernardo,LOCAL-010510,0.0,0,105,3.91,52,1.94,59.49,4510,2683,Aveiro,Aveiro,Norte
2019-12-03 11:13:36,São Jacinto,LOCAL-010511,0.0,0,7,1.81,3,0.78,44.88,860,386,Aveiro,Aveiro,Norte
2019-12-03 11:13:36,Santa Joana,LOCAL-010513,0.0,0,114,2.9,75,1.91,54.39,7220,3927,Aveiro,Aveiro,Norte
2019-12-03 11:13:36,Eixo e Eirol,LOCAL-010515,0.0,0,95,3.39,70,2.5,50.87,5502,2799,Aveiro,Aveiro,Norte
2019-12-03 11:13:36,"Requeixo, Nossa Senhora de Fátima e Nariz",LOCAL-010516,0.0,0,70,3.41,56,2.73,51.24,4007,2053,Aveiro,Aveiro,Norte
2019-12-03 11:13:36,Glória e Vera Cruz,LOCAL-010517,0.0,0,289,2.71,130,1.22,59.29,18014,10681,Aveiro,Aveiro,Norte
2019-12-03 11:13:36,Fornos,LOCAL-010602,0.0,0,11,1.56,13,1.85,58.62,1201,704,Castelo de Paiva,Aveiro,Norte
2019-12-03 11:13:36,Real,LOCAL-010606,0.0,0,21,3.5,10,1.67,55.0,1091,600,Castelo de Paiva,Aveiro,Norte
2019-12-03 11:13:36,Santa Maria de Sardoura,LOCAL-010607,0.0,0,29,2.45,26,2.2,56.98,2078,1184,Castelo de Paiva,Aveiro,Norte
2019-12-03 11:13:36,São Martinho de Sardoura,LOCAL-010608,0.0,0,17,1.64,21,2.03,62.67,1653,1036,Castelo de Paiva,Aveiro,Norte
2019-12-03 11:13:36,"Raiva, Pedorido e Paraíso",LOCAL-010610,0.0,0,53,2.5,57,2.69,53.87,3930,2117,Castelo de Paiva,Aveiro,Norte
2019-12-03 11:13:36,Sobrado e Bairros,LOCAL-010611,0.0,0,41,1.67,46,1.88,59.14,4146,2452,Castelo de Paiva,Aveiro,Norte
2019-12-03 11:13:36,Espinho,LOCAL-010702,0.0,0,129,2.12,82,1.35,60.48,10063,6086,Espinho,Aveiro,Norte
2019-12-03 11:13:36,Paramos,LOCAL-010704,0.0,0,28,1.65,25,1.47,54.8,3106,1702,Espinho,Aveiro,Norte
2019-12-03 11:13:36,Silvalde,LOCAL-010705,0.0,0,75,2.36,63,1.98,54.22,5854,3174,Espinho,Aveiro,Norte
2019-12-03 11:13:36,Anta e Guetim,LOCAL-010706,0.0,0,155,2.39,109,1.68,59.86,10821,6477,Espinho,Aveiro,Norte
2019-12-03 11:13:36,Avanca,LOCAL-010801,0.0,0,85,2.99,53,1.86,53.72,5300,2847,Estarreja,Aveiro,Norte
2019-12-03 11:13:36,Pardilhó,LOCAL-010805,0.0,0,52,3.38,21,1.37,40.78,3769,1537,Estarreja,Aveiro,Norte
2019-12-03 11:13:36,Salreu,LOCAL-010806,0.0,0,60,3.38,31,1.75,52.14,3404,1775,Estarreja,Aveiro,Norte
2019-12-03 11:13:36,Beduído e Veiros,LOCAL-010808,0.0,0,129,2.91,81,1.83,48.79,9081,4431,Estarreja,Aveiro,Norte
2019-12-03 11:13:36,Canelas e Fermelã,LOCAL-010809,0.0,0,51,3.68,16,1.16,55.85,2480,1385,Estarreja,Aveiro,Norte
2019-12-03 11:13:36,Argoncilhe,LOCAL-010901,0.0,0,82,1.81,67,1.48,60.82,7442,4526,Santa Maria da Feira,Aveiro,Norte
2019-12-03 11:13:36,Arrifana,LOCAL-010902,0.0,0,72,2.34,63,2.05,54.03,5684,3071,Santa Maria da Feira,Aveiro,Norte
2019-12-03 11:13:36,Escapães,LOCAL-010904,0.0,0,41,2.39,28,1.63,57.21,2994,1713,Santa Maria da Feira,Aveiro,Norte
2019-12-03 11:13:36,Fiães,LOCAL-010907,0.0,0,118,3.07,64,1.66,55.66,6915,3849,Santa Maria da Feira,Aveiro,Norte
2019-12-03 11:13:36,Fornos,LOCAL-010908,0.0,0,53,3.13,37,2.19,55.86,3029,1692,Santa Maria da Feira,Aveiro,Norte
2019-12-03 11:13:36,Lourosa,LOCAL-010913,0.0,0,105,2.4,101,2.31,56.57,7744,4381,Santa Maria da Feira,Aveiro,Norte
2019-12-03 11:13:36,Milheirós de Poiares,LOCAL-010914,0.0,0,45,2.32,40,2.06,58.23,3328,1938,Santa Maria da Feira,Aveiro,Norte
2019-12-03 11:13:36,Mozelos,LOCAL-010916,0.0,0,81,2.04,58,1.46,61.53,6442,3964,Santa Maria da Feira,Aveiro,Norte
2019-12-03 11:13:36,Nogueira da Regedoura,LOCAL-010917,0.0,0,77,2.47,50,1.6,60.5,5160,3122,Santa Maria da Feira,Aveiro,Norte
2019-12-03 11:13:36,São Paio de Oleiros,LOCAL-010918,0.0,0,55,2.57,39,1.83,62.22,3433,2136,Santa Maria da Feira,Aveiro,Norte
2019-12-03 11:13:36,Paços de Brandão,LOCAL-010919,0.0,0,68,2.5,48,1.76,62.57,4355,2725,Santa Maria da Feira,Aveiro,Norte
2019-12-03 11:13:36,Rio Meão,LOCAL-010921,0.0,0,57,2.18,50,1.91,59.92,4369,2618,Santa Maria da Feira,Aveiro,Norte
2019-12-03 11:13:36,Romariz,LOCAL-010922,0.0,0,45,2.97,35,2.31,51.55,2937,1514,Santa Maria da Feira,Aveiro,Norte
2019-12-03 11:13:36,Sanguedo,LOCAL-010924,0.0,0,33,1.89,32,1.83,56.01,3119,1747,Santa Maria da Feira,Aveiro,Norte
2019-12-03 11:13:36,Santa Maria de Lamas,LOCAL-010925,0.0,0,70,2.54,48,1.74,61.65,4477,2760,Santa Maria da Feira,Aveiro,Norte
2019-12-03 11:13:36,São João de Ver,LOCAL-010926,0.0,0,172,3.28,96,1.83,55.39,9479,5250,Santa Maria da Feira,Aveiro,Norte
2019-12-03 11:13:36,Caldas de São Jorge e Pigeiros,LOCAL-010932,0.0,0,62,3.06,26,1.28,57.85,3502,2026,Santa Maria da Feira,Aveiro,Norte
2019-12-03 11:13:36,"Canedo, Vale e Vila Maior",LOCAL-010933,0.0,0,265,6.19,99,2.31,48.96,8738,4278,Santa Maria da Feira,Aveiro,Norte
2019-12-03 11:13:36,"Lobão, Gião, Louredo e Guisande",LOCAL-010934,0.0,0,163,3.38,94,1.95,51.12,9447,4829,Santa Maria da Feira,Aveiro,Norte
2019-12-03 11:13:36,"Santa Maria da Feira, Travanca, Sanfins e Espargo",LOCAL-010935,0.0,0,268,2.69,162,1.63,58.94,16883,9950,Santa Maria da Feira,Aveiro,Norte
2019-12-03 11:13:36,São Miguel de Souto e Mosteirô,LOCAL-010936,0.0,0,92,2.7,78,2.29,56.18,6057,3403,Santa Maria da Feira,Aveiro,Norte
2019-12-03 11:13:36,Gafanha da Encarnação,LOCAL-011005,0.0,0,87,4.08,30,1.41,41.27,5163,2131,Ílhavo,Aveiro,Norte
2019-12-03 11:13:36,Gafanha da Nazaré,LOCAL-011006,0.0,0,262,4.03,108,1.66,46.72,13925,6506,Ílhavo,Aveiro,Norte
2019-12-03 11:13:36,Gafanha do Carmo,LOCAL-011007,0.0,0,33,4.81,15,2.19,41.38,1658,686,Ílhavo,Aveiro,Norte
2019-12-03 11:13:36,Ílhavo (São Salvador),LOCAL-011008,0.0,0,247,3.28,105,1.4,49.37,15241,7525,Ílhavo,Aveiro,Norte
2019-12-03 11:13:36,Barcouço,LOCAL-011102,0.0,0,36,3.92,23,2.51,48.47,1894,918,Mealhada,Aveiro,Norte
2019-12-03 11:13:36,Casal Comba,LOCAL-011103,0.0,0,54,3.88,21,1.51,46.79,2975,1392,Mealhada,Aveiro,Norte
2019-12-03 11:13:36,Luso,LOCAL-011104,0.0,0,37,3.14,21,1.78,52.05,2267,1180,Mealhada,Aveiro,Norte
2019-12-03 11:13:36,Pampilhosa,LOCAL-011106,0.0,0,59,3.15,38,2.03,53.47,3503,1873,Mealhada,Aveiro,Norte
2019-12-03 11:13:36,Vacariça,LOCAL-011107,0.0,0,23,2.74,17,2.03,50.6,1656,838,Mealhada,Aveiro,Norte
2019-12-03 11:13:36,"Mealhada, Ventosa do Bairro e Antes",LOCAL-011109,0.0,0,142,4.7,52,1.72,51.93,5816,3020,Mealhada,Aveiro,Norte
2019-12-03 11:13:36,Bunheiro,LOCAL-011201,0.0,0,25,2.2,15,1.32,46.71,2428,1134,Murtosa,Aveiro,Norte
2019-12-03 11:13:36,Monte,LOCAL-011202,0.0,0,26,4.17,17,2.72,40.34,1547,624,Murtosa,Aveiro,Norte
2019-12-03 11:13:36,Murtosa,LOCAL-011203,0.0,0,40,3.25,16,1.3,38.14,3225,1230,Murtosa,Aveiro,Norte
2019-12-03 11:13:36,Torreira,LOCAL-011204,0.0,0,27,2.53,16,1.5,39.54,2696,1066,Murtosa,Aveiro,Norte
2019-12-03 11:13:36,Carregosa,LOCAL-011301,0.0,0,50,2.57,43,2.21,63.18,3085,1949,Oliveira de Azeméis,Aveiro,Norte
2019-12-03 11:13:36,Cesar,LOCAL-011302,0.0,0,37,2.33,22,1.38,57.9,2746,1590,Oliveira de Azeméis,Aveiro,Norte
2019-12-03 11:13:36,Fajões,LOCAL-011303,0.0,0,25,1.68,36,2.41,54.91,2717,1492,Oliveira de Azeméis,Aveiro,Norte
2019-12-03 11:13:36,Loureiro,LOCAL-011304,0.0,0,44,2.36,36,1.93,58.5,3183,1862,Oliveira de Azeméis,Aveiro,Norte
2019-12-03 11:13:36,Macieira de Sarnes,LOCAL-011305,0.0,0,31,2.95,14,1.33,61.71,1703,1051,Oliveira de Azeméis,Aveiro,Norte
2019-12-03 11:13:36,Ossela,LOCAL-011310,0.0,0,26,2.5,33,3.17,58.39,1781,1040,Oliveira de Azeméis,Aveiro,Norte
2019-12-03 11:13:36,São Martinho da Gândara,LOCAL-011315,0.0,0,22,2.11,21,2.01,59.75,1749,1045,Oliveira de Azeméis,Aveiro,Norte
2019-12-03 11:13:36,São Roque,LOCAL-011318,0.0,0,76,2.84,42,1.57,58.6,4563,2674,Oliveira de Azeméis,Aveiro,Norte
2019-12-03 11:13:36,Vila de Cucujães,LOCAL-011319,0.0,0,132,2.51,92,1.75,56.29,9354,5265,Oliveira de Azeméis,Aveiro,Norte
2019-12-03 11:13:36,Nogueira do Cravo e Pindelo,LOCAL-011320,0.0,0,65,2.25,81,2.81,61.59,4686,2886,Oliveira de Azeméis,Aveiro,Norte
2019-12-03 11:13:36,"O. Azeméis, Riba-Ul, Ul, Macinhata Seixa, Madail",LOCAL-011321,0.0,0,230,2.25,160,1.57,55.08,18557,10222,Oliveira de Azeméis,Aveiro,Norte
2019-12-03 11:13:36,"Pinheiro da Bemposta, Travanca e Palmaz",LOCAL-011322,0.0,0,82,2.54,54,1.67,50.49,6405,3234,Oliveira de Azeméis,Aveiro,Norte
2019-12-03 11:13:36,Oiã,LOCAL-011403,0.0,0,126,3.66,64,1.86,50.54,6804,3439,Oliveira do Bairro,Aveiro,Norte
2019-12-03 11:13:36,Oliveira do Bairro,LOCAL-011404,0.0,0,128,4.6,69,2.48,48.58,5724,2781,Oliveira do Bairro,Aveiro,Norte
2019-12-03 11:13:36,Palhaça,LOCAL-011405,0.0,0,56,4.11,24,1.76,55.99,2436,1364,Oliveira do Bairro,Aveiro,Norte
2019-12-03 11:13:36,"Bustos, Troviscal e Mamarrosa",LOCAL-011407,0.0,0,84,2.75,70,2.29,51.47,5933,3054,Oliveira do Bairro,Aveiro,Norte
2019-12-03 11:13:36,Cortegaça,LOCAL-011502,0.0,0,61,2.95,36,1.74,61.99,3331,2065,Ovar,Aveiro,Norte
2019-12-03 11:13:36,Esmoriz,LOCAL-011503,0.0,0,152,2.39,101,1.59,58.28,10892,6348,Ovar,Aveiro,Norte
2019-12-03 11:13:36,Maceda,LOCAL-011504,0.0,0,53,3.1,44,2.57,54.09,3163,1711,Ovar,Aveiro,Norte
2019-12-03 11:13:36,Válega,LOCAL-011507,0.0,0,97,3.23,63,2.1,49.47,6079,3007,Ovar,Aveiro,Norte
2019-12-03 11:13:36,"Ovar, S.João, Arada e S.Vicente de Pereira Jusã",LOCAL-011509,0.0,0,503,3.41,270,1.83,54.69,26956,14741,Ovar,Aveiro,Norte
2019-12-03 11:13:36,São João da Madeira,LOCAL-011601,0.0,0,312,2.73,185,1.62,57.05,20047,11436,São João da Madeira,Aveiro,Norte
2019-12-03 11:13:36,Couto de Esteves,LOCAL-011702,0.0,0,16,3.38,7,1.48,61.27,772,473,Sever do Vouga,Aveiro,Norte
2019-12-03 11:13:36,Pessegueiro do Vouga,LOCAL-011704,0.0,0,23,2.23,22,2.13,62.55,1650,1032,Sever do Vouga,Aveiro,Norte
2019-12-03 11:13:36,Rocas do Vouga,LOCAL-011705,0.0,0,28,3.4,17,2.07,52.76,1560,823,Sever do Vouga,Aveiro,Norte
2019-12-03 11:13:36,Sever do Vouga,LOCAL-011706,0.0,0,55,3.73,29,1.96,60.34,2446,1476,Sever do Vouga,Aveiro,Norte
2019-12-03 11:13:36,Talhadas,LOCAL-011708,0.0,0,10,1.39,8,1.11,65.04,1104,718,Sever do Vouga,Aveiro,Norte
2019-12-03 11:13:36,Cedrim e Paradela,LOCAL-011710,0.0,0,20,2.5,14,1.75,60.82,1317,801,Sever do Vouga,Aveiro,Norte
2019-12-03 11:13:36,Silva Escura e Dornelas,LOCAL-011711,0.0,0,46,3.91,29,2.47,57.73,2037,1176,Sever do Vouga,Aveiro,Norte
2019-12-03 11:13:36,Calvão,LOCAL-011801,0.0,0,29,2.72,17,1.6,55.18,1930,1065,Vagos,Aveiro,Norte
2019-12-03 11:13:36,Gafanha da Boa Hora,LOCAL-011804,0.0,0,33,3.12,16,1.51,34.63,3058,1059,Vagos,Aveiro,Norte
2019-12-03 11:13:36,Ouca,LOCAL-011805,0.0,0,17,2.01,20,2.36,51.96,1630,847,Vagos,Aveiro,Norte
2019-12-03 11:13:36,Sosa,LOCAL-011807,0.0,0,44,3.42,22,1.71,48.29,2661,1285,Vagos,Aveiro,Norte
2019-12-03 11:13:36,Santo André de Vagos,LOCAL-011810,0.0,0,22,2.28,27,2.8,47.89,2011,963,Vagos,Aveiro,Norte
2019-12-03 11:13:36,Fonte de Angeão e Covão do Lobo,LOCAL-011812,0.0,0,29,2.57,35,3.11,50.47,2233,1127,Vagos,Aveiro,Norte
2019-12-03 11:13:36,Ponte de Vagos e Santa Catarina,LOCAL-011813,0.0,0,38,2.67,34,2.39,51.63,2754,1422,Vagos,Aveiro,Norte
2019-12-03 11:13:36,Vagos e Santo António,LOCAL-011814,0.0,0,85,2.69,62,1.97,55.34,5701,3155,Vagos,Aveiro,Norte
2019-12-03 11:13:36,Arões,LOCAL-011901,0.0,0,29,3.91,11,1.48,54.72,1356,742,Vale de Cambra,Aveiro,Norte
2019-12-03 11:13:36,São Pedro de Castelões,LOCAL-011902,0.0,0,109,2.79,117,3.0,59.79,6528,3903,Vale de Cambra,Aveiro,Norte
2019-12-03 11:13:36,Cepelos,LOCAL-011903,0.0,0,21,2.78,18,2.38,58.11,1301,756,Vale de Cambra,Aveiro,Norte
2019-12-03 11:13:36,Junqueira,LOCAL-011905,0.0,0,17,2.97,21,3.66,63.31,905,573,Vale de Cambra,Aveiro,Norte
2019-12-03 11:13:36,Macieira de Cambra,LOCAL-011906,0.0,0,58,2.32,56,2.24,59.79,4181,2500,Vale de Cambra,Aveiro,Norte
2019-12-03 11:13:36,Roge,LOCAL-011907,0.0,0,19,2.01,15,1.59,59.35,1594,946,Vale de Cambra,Aveiro,Norte
2019-12-03 11:13:36,"Vila Chã, Codal e Vila Cova de Perrinho",LOCAL-011910,0.0,0,99,3.26,68,2.24,62.96,4824,3037,Vale de Cambra,Aveiro,Norte
2019-12-03 11:13:36,Ervidel,LOCAL-020102,0.0,0,4,0.89,4,0.89,53.76,837,450,Aljustrel,Beja,Alentejo
2019-12-03 11:13:36,Messejana,LOCAL-020103,0.0,0,9,2.13,5,1.18,56.64,745,422,Aljustrel,Beja,Alentejo
2019-12-03 11:13:36,São João de Negrilhos,LOCAL-020104,0.0,0,17,2.29,10,1.35,58.66,1265,742,Aljustrel,Beja,Alentejo
2019-12-03 11:13:36,Aljustrel e Rio de Moinhos,LOCAL-020106,0.0,0,41,1.48,36,1.3,52.3,5293,2768,Aljustrel,Beja,Alentejo
2019-12-03 11:13:36,Rosário,LOCAL-020203,0.0,0,7,2.64,9,3.4,46.65,568,265,Almodôvar,Beja,Alentejo
2019-12-03 11:13:36,Santa Cruz,LOCAL-020205,0.0,0,1,0.34,3,1.01,55.31,537,297,Almodôvar,Beja,Alentejo
2019-12-03 11:13:36,São Barnabé,LOCAL-020206,0.0,0,6,2.93,4,1.95,50.87,403,205,Almodôvar,Beja,Alentejo
2019-12-03 11:13:36,Aldeia dos Fernandes,LOCAL-020208,0.0,0,2,0.74,4,1.49,54.34,495,269,Almodôvar,Beja,Alentejo
2019-12-03 11:13:36,Almodôvar e Graça dos Padrões,LOCAL-020209,0.0,0,28,1.53,30,1.63,53.7,3419,1836,Almodôvar,Beja,Alentejo
2019-12-03 11:13:36,Santa Clara-a-Nova e Gomes Aires,LOCAL-020210,0.0,0,12,2.95,11,2.7,49.76,818,407,Almodôvar,Beja,Alentejo
2019-12-03 11:13:36,Alvito,LOCAL-020301,0.0,0,12,2.36,11,2.17,53.93,942,508,Alvito,Beja,Alentejo
2019-12-03 11:13:36,Vila Nova da Baronia,LOCAL-020302,0.0,0,6,1.25,14,2.92,49.84,961,479,Alvito,Beja,Alentejo
2019-12-03 11:13:36,Barrancos,LOCAL-020401,0.0,0,21,3.17,9,1.36,49.85,1330,663,Barrancos,Beja,Alentejo
2019-12-03 11:13:36,Baleizão,LOCAL-020502,0.0,0,5,1.21,10,2.42,54.55,759,414,Beja,Beja,Alentejo
2019-12-03 11:13:36,Beringel,LOCAL-020503,0.0,0,8,1.28,10,1.6,54.35,1150,625,Beja,Beja,Alentejo
2019-12-03 11:13:36,Cabeça Gorda,LOCAL-020504,0.0,0,4,0.71,13,2.3,48.66,1159,564,Beja,Beja,Alentejo
2019-12-03 11:13:36,Nossa Senhora das Neves,LOCAL-020506,0.0,0,14,1.98,11,1.56,49.75,1419,706,Beja,Beja,Alentejo
2019-12-03 11:13:36,Santa Clara de Louredo,LOCAL-020510,0.0,0,4,1.18,7,2.06,60.86,557,339,Beja,Beja,Alentejo
2019-12-03 11:13:36,São Matias,LOCAL-020516,0.0,0,10,4.02,1,0.4,55.33,450,249,Beja,Beja,Alentejo
2019-12-03 11:13:36,Albernoa e Trindade,LOCAL-020519,0.0,0,6,1.53,9,2.3,50.19,781,392,Beja,Beja,Alentejo
2019-12-03 11:13:36,Beja (Salvador e Santa Maria da Feira),LOCAL-020520,0.0,0,105,2.37,87,1.96,50.19,8823,4428,Beja,Beja,Alentejo
2019-12-03 11:13:36,Beja (Santiago Maior e São João Baptista),LOCAL-020521,0.0,0,183,2.78,114,1.73,56.42,11656,6576,Beja,Beja,Alentejo
2019-12-03 11:13:36,Salvada e Quintos,LOCAL-020522,0.0,0,21,3.51,10,1.67,56.62,1058,599,Beja,Beja,Alentejo
2019-12-03 11:13:36,Santa Vitória e Mombeja,LOCAL-020523,0.0,0,2,0.51,5,1.27,51.57,766,395,Beja,Beja,Alentejo
2019-12-03 11:13:36,Trigaches e São Brissos,LOCAL-020524,0.0,0,3,1.23,6,2.46,52.81,462,244,Beja,Beja,Alentejo
2019-12-03 11:13:36,Entradas,LOCAL-020603,0.0,0,3,1.02,8,2.72,52.04,565,294,Castro Verde,Beja,Alentejo
2019-12-03 11:13:36,Santa Bárbara de Padrões,LOCAL-020604,0.0,0,5,1.19,7,1.66,55.98,752,421,Castro Verde,Beja,Alentejo
2019-12-03 11:13:36,São Marcos da Ataboeira,LOCAL-020605,0.0,0,3,1.81,0,0.0,58.25,285,166,Castro Verde,Beja,Alentejo
2019-12-03 11:13:36,Castro Verde e Casével,LOCAL-020606,0.0,0,65,2.63,28,1.13,54.6,4524,2470,Castro Verde,Beja,Alentejo
2019-12-03 11:13:36,Cuba,LOCAL-020701,0.0,0,32,2.16,23,1.55,57.74,2563,1480,Cuba,Beja,Alentejo
2019-12-03 11:13:36,Faro do Alentejo,LOCAL-020702,0.0,0,0,0.0,4,1.61,53.78,463,249,Cuba,Beja,Alentejo
2019-12-03 11:13:36,Vila Alva,LOCAL-020703,0.0,0,4,1.94,1,0.49,61.13,337,206,Cuba,Beja,Alentejo
2019-12-03 11:13:36,Vila Ruiva,LOCAL-020704,0.0,0,4,1.78,7,3.11,54.22,415,225,Cuba,Beja,Alentejo
2019-12-03 11:13:36,Figueira dos Cavaleiros,LOCAL-020803,0.0,0,6,0.94,9,1.41,58.59,1089,638,Ferreira do Alentejo,Beja,Alentejo
2019-12-03 11:13:36,Odivelas,LOCAL-020804,0.0,0,3,1.29,5,2.15,55.08,423,233,Ferreira do Alentejo,Beja,Alentejo
2019-12-03 11:13:36,Alfundão e Peroguarda,LOCAL-020807,0.0,0,8,1.56,1,0.19,52.56,978,514,Ferreira do Alentejo,Beja,Alentejo
2019-12-03 11:13:36,Ferreira do Alentejo e Canhestros,LOCAL-020808,0.0,0,53,2.71,32,1.63,48.32,4052,1958,Ferreira do Alentejo,Beja,Alentejo
2019-12-03 11:13:36,Alcaria Ruiva,LOCAL-020901,0.0,0,5,1.47,10,2.95,52.48,646,339,Mértola,Beja,Alentejo
2019-12-03 11:13:36,Corte do Pinto,LOCAL-020902,0.0,0,11,2.88,3,0.79,51.0,749,382,Mértola,Beja,Alentejo
2019-12-03 11:13:36,Espírito Santo,LOCAL-020903,0.0,0,0,0.0,1,0.68,51.4,286,147,Mértola,Beja,Alentejo
2019-12-03 11:13:36,Mértola,LOCAL-020904,0.0,0,41,2.93,27,1.93,60.54,2311,1399,Mértola,Beja,Alentejo
2019-12-03 11:13:36,Santana de Cambas,LOCAL-020905,0.0,0,13,3.81,5,1.47,51.28,665,341,Mértola,Beja,Alentejo
2019-12-03 11:13:36,São João dos Caldeireiros,LOCAL-020906,0.0,0,6,2.33,5,1.95,53.43,481,257,Mértola,Beja,Alentejo
2019-12-03 11:13:36,"S.Mig. Pinheiro, S.Pedro Solis, S.Sebastião Carros",LOCAL-020910,0.0,0,12,2.6,6,1.3,53.72,860,462,Mértola,Beja,Alentejo
2019-12-03 11:13:36,Amareleja,LOCAL-021001,0.0,0,19,2.44,14,1.79,39.82,1959,780,Moura,Beja,Alentejo
2019-12-03 11:13:36,Póvoa de São Miguel,LOCAL-021002,0.0,0,3,0.96,3,0.96,43.02,723,311,Moura,Beja,Alentejo
2019-12-03 11:13:36,Sobral da Adiça,LOCAL-021008,0.0,0,4,1.1,2,0.55,44.72,814,364,Moura,Beja,Alentejo
2019-12-03 11:13:36,Santo Agostinho e São João Baptista e Santo Amador,LOCAL-021009,0.0,0,63,2.0,19,0.6,43.13,7294,3146,Moura,Beja,Alentejo
2019-12-03 11:13:36,Safara e Santo Aleixo da Restauração,LOCAL-021010,0.0,0,4,0.64,9,1.43,42.85,1468,629,Moura,Beja,Alentejo
2019-12-03 11:13:36,Relíquias,LOCAL-021102,0.0,0,8,2.25,5,1.41,51.45,690,355,Odemira,Beja,Alentejo
2019-12-03 11:13:36,Sabóia,LOCAL-021103,0.0,0,9,1.99,15,3.31,57.41,789,453,Odemira,Beja,Alentejo
2019-12-03 11:13:36,São Luís,LOCAL-021106,0.0,0,19,2.25,19,2.25,53.38,1585,846,Odemira,Beja,Alentejo
2019-12-03 11:13:36,São Martinho das Amoreiras,LOCAL-021107,0.0,0,10,2.45,8,1.96,56.35,724,408,Odemira,Beja,Alentejo
2019-12-03 11:13:36,Vila Nova de Milfontes,LOCAL-021111,0.0,0,45,2.28,33,1.67,46.14,4278,1974,Odemira,Beja,Alentejo
2019-12-03 11:13:36,Luzianes-Gare,LOCAL-021115,0.0,0,1,0.57,0,0.0,60.9,289,176,Odemira,Beja,Alentejo
2019-12-03 11:13:36,Boavista dos Pinheiros,LOCAL-021116,0.0,0,17,2.2,11,1.43,61.05,1263,771,Odemira,Beja,Alentejo
2019-12-03 11:13:36,Longueira/Almograve,LOCAL-021117,0.0,0,17,3.37,11,2.18,50.7,994,504,Odemira,Beja,Alentejo
2019-12-03 11:13:36,Colos,LOCAL-021118,0.0,0,15,3.14,12,2.51,58.72,814,478,Odemira,Beja,Alentejo
2019-12-03 11:13:36,Santa Clara-a-Velha,LOCAL-021119,0.0,0,10,2.68,7,1.88,62.58,596,373,Odemira,Beja,Alentejo
2019-12-03 11:13:36,São Salvador e Santa Maria,LOCAL-021120,0.0,0,23,1.61,26,1.82,56.53,2528,1429,Odemira,Beja,Alentejo
2019-12-03 11:13:36,São Teotónio,LOCAL-021121,0.0,0,64,2.57,65,2.61,55.95,4447,2488,Odemira,Beja,Alentejo
2019-12-03 11:13:36,Vale de Santiago,LOCAL-021122,0.0,0,12,2.4,6,1.2,61.25,818,501,Odemira,Beja,Alentejo
2019-12-03 11:13:36,Ourique,LOCAL-021203,0.0,0,43,3.3,28,2.15,55.32,2359,1305,Ourique,Beja,Alentejo
2019-12-03 11:13:36,Santana da Serra,LOCAL-021206,0.0,0,8,2.31,4,1.15,53.8,645,347,Ourique,Beja,Alentejo
2019-12-03 11:13:36,Garvão e Santa Luzia,LOCAL-021207,0.0,0,5,1.08,18,3.9,56.48,818,462,Ourique,Beja,Alentejo
2019-12-03 11:13:36,Panoias e Conceição,LOCAL-021208,0.0,0,4,1.22,13,3.96,65.34,502,328,Ourique,Beja,Alentejo
2019-12-03 11:13:36,Brinches,LOCAL-021302,0.0,0,2,0.52,11,2.84,46.25,839,388,Serpa,Beja,Alentejo
2019-12-03 11:13:36,Pias,LOCAL-021303,0.0,0,24,1.97,16,1.31,54.19,2246,1217,Serpa,Beja,Alentejo
2019-12-03 11:13:36,Vila Verde de Ficalho,LOCAL-021307,0.0,0,13,1.84,8,1.13,59.5,1190,708,Serpa,Beja,Alentejo
2019-12-03 11:13:36,Serpa (Salvador e Santa Maria),LOCAL-021308,0.0,0,40,1.59,49,1.94,49.3,5116,2522,Serpa,Beja,Alentejo
2019-12-03 11:13:36,Vila Nova de São Bento e Vale de Vargo,LOCAL-021309,0.0,0,36,2.12,27,1.59,50.6,3354,1697,Serpa,Beja,Alentejo
2019-12-03 11:13:36,Pedrógão,LOCAL-021401,0.0,0,0,0.0,5,1.22,45.4,903,410,Vidigueira,Beja,Alentejo
2019-12-03 11:13:36,Selmes,LOCAL-021402,0.0,0,5,1.58,7,2.22,46.33,682,316,Vidigueira,Beja,Alentejo
2019-12-03 11:13:36,Vidigueira,LOCAL-021403,0.0,0,39,3.4,23,2.01,47.53,2413,1147,Vidigueira,Beja,Alentejo
2019-12-03 11:13:36,Vila de Frades,LOCAL-021404,0.0,0,4,0.97,5,1.21,55.07,750,413,Vidigueira,Beja,Alentejo
2019-12-03 11:13:36,Barreiros,LOCAL-030102,0.0,0,22,5.14,7,1.64,60.97,702,428,Amares,Braga,Norte
2019-12-03 11:13:36,Bico,LOCAL-030104,0.0,0,12,3.01,15,3.76,56.28,709,399,Amares,Braga,Norte
2019-12-03 11:13:36,Caires,LOCAL-030105,0.0,0,17,3.48,11,2.25,61.31,796,488,Amares,Braga,Norte
2019-12-03 11:13:36,Carrazedo,LOCAL-030107,0.0,0,15,3.79,8,2.02,55.23,717,396,Amares,Braga,Norte
2019-12-03 11:13:36,Dornelas,LOCAL-030108,0.0,0,21,7.07,2,0.67,59.05,503,297,Amares,Braga,Norte
2019-12-03 11:13:36,Fiscal,LOCAL-030111,0.0,0,15,3.73,10,2.49,62.81,640,402,Amares,Braga,Norte
2019-12-03 11:13:36,Goães,LOCAL-030112,0.0,0,12,3.57,4,1.19,59.68,563,336,Amares,Braga,Norte
2019-12-03 11:13:36,Lago,LOCAL-030113,0.0,0,28,2.84,21,2.13,56.5,1745,986,Amares,Braga,Norte
2019-12-03 11:13:36,Rendufe,LOCAL-030118,0.0,0,16,2.58,20,3.23,59.9,1035,620,Amares,Braga,Norte
2019-12-03 11:13:36,Bouro (Santa Maria),LOCAL-030119,0.0,0,6,1.42,6,1.42,56.8,743,422,Amares,Braga,Norte
2019-12-03 11:13:36,Bouro (Santa Marta),LOCAL-030120,0.0,0,13,4.38,3,1.01,64.01,464,297,Amares,Braga,Norte
2019-12-03 11:13:36,Amares e Figueiredo,LOCAL-030125,0.0,0,63,4.4,39,2.72,55.48,2581,1432,Amares,Braga,Norte
2019-12-03 11:13:36,"Caldelas, Sequeiros e Paranhos",LOCAL-030126,0.0,0,16,2.49,14,2.18,60.11,1068,642,Amares,Braga,Norte
2019-12-03 11:13:36,"Ferreiros, Prozelo e Besteiros",LOCAL-030127,0.0,0,64,2.87,35,1.57,53.82,4140,2228,Amares,Braga,Norte
2019-12-03 11:13:36,Torre e Portela,LOCAL-030128,0.0,0,7,2.17,6,1.86,57.07,566,323,Amares,Braga,Norte
2019-12-03 11:13:36,"Vilela, Seramil e Paredes Secas",LOCAL-030129,0.0,0,11,3.36,6,1.83,60.44,541,327,Amares,Braga,Norte
2019-12-03 11:13:36,Abade de Neiva,LOCAL-030201,0.0,0,45,3.67,20,1.63,68.32,1793,1225,Barcelos,Braga,Norte
2019-12-03 11:13:36,Aborim,LOCAL-030202,0.0,0,27,5.97,6,1.33,59.87,755,452,Barcelos,Braga,Norte
2019-12-03 11:13:36,Adães,LOCAL-030203,0.0,0,17,3.7,7,1.53,70.72,649,459,Barcelos,Braga,Norte
2019-12-03 11:13:36,Airó,LOCAL-030205,0.0,0,26,4.37,9,1.51,66.33,897,595,Barcelos,Braga,Norte
2019-12-03 11:13:36,Aldreu,LOCAL-030206,0.0,0,17,4.37,10,2.57,54.87,709,389,Barcelos,Braga,Norte
2019-12-03 11:13:36,Alvelos,LOCAL-030208,0.0,0,31,2.4,15,1.16,68.76,1882,1294,Barcelos,Braga,Norte
2019-12-03 11:13:36,Arcozelo,LOCAL-030209,0.0,0,227,3.41,122,1.83,58.72,11329,6652,Barcelos,Braga,Norte
2019-12-03 11:13:36,Areias,LOCAL-030210,0.0,0,17,2.73,18,2.89,64.86,959,622,Barcelos,Braga,Norte
2019-12-03 11:13:36,Balugães,LOCAL-030212,0.0,0,24,4.65,10,1.94,67.54,764,516,Barcelos,Braga,Norte
2019-12-03 11:13:36,Barcelinhos,LOCAL-030213,0.0,0,32,2.93,23,2.11,68.92,1583,1091,Barcelos,Braga,Norte
2019-12-03 11:13:36,Barqueiros,LOCAL-030215,0.0,0,16,1.8,9,1.01,52.23,1702,889,Barcelos,Braga,Norte
2019-12-03 11:13:36,Cambeses,LOCAL-030216,0.0,0,26,3.65,11,1.54,60.22,1184,713,Barcelos,Braga,Norte
2019-12-03 11:13:36,Carapeços,LOCAL-030218,0.0,0,47,3.78,27,2.17,63.78,1949,1243,Barcelos,Braga,Norte
2019-12-03 11:13:36,Carvalhal,LOCAL-030220,0.0,0,27,3.31,15,1.84,69.15,1180,816,Barcelos,Braga,Norte
2019-12-03 11:13:36,Carvalhas,LOCAL-030221,0.0,0,5,1.33,4,1.07,57.08,657,375,Barcelos,Braga,Norte
2019-12-03 11:13:36,Cossourado,LOCAL-030224,0.0,0,11,2.38,9,1.95,59.23,780,462,Barcelos,Braga,Norte
2019-12-03 11:13:36,Cristelo,LOCAL-030228,0.0,0,28,3.21,14,1.6,53.07,1645,873,Barcelos,Braga,Norte
2019-12-03 11:13:36,Fornelos,LOCAL-030234,0.0,0,7,1.62,11,2.54,60.99,710,433,Barcelos,Braga,Norte
2019-12-03 11:13:36,Fragoso,LOCAL-030235,0.0,0,36,3.18,24,2.12,58.36,1938,1131,Barcelos,Braga,Norte
2019-12-03 11:13:36,Gilmonde,LOCAL-030237,0.0,0,50,5.46,13,1.42,63.39,1445,916,Barcelos,Braga,Norte
2019-12-03 11:13:36,Lama,LOCAL-030242,0.0,0,28,3.82,13,1.77,64.07,1144,733,Barcelos,Braga,Norte
2019-12-03 11:13:36,Lijó,LOCAL-030243,0.0,0,56,4.06,27,1.96,66.25,2080,1378,Barcelos,Braga,Norte
2019-12-03 11:13:36,Macieira de Rates,LOCAL-030244,0.0,0,33,2.96,22,1.97,70.06,1590,1114,Barcelos,Braga,Norte
2019-12-03 11:13:36,Manhente,LOCAL-030245,0.0,0,46,4.07,23,2.04,68.15,1658,1130,Barcelos,Braga,Norte
2019-12-03 11:13:36,Martim,LOCAL-030247,0.0,0,38,3.21,37,3.13,59.93,1974,1183,Barcelos,Braga,Norte
2019-12-03 11:13:36,Moure,LOCAL-030252,0.0,0,21,3.9,11,2.04,67.46,799,539,Barcelos,Braga,Norte
2019-12-03 11:13:36,Oliveira,LOCAL-030254,0.0,0,26,4.41,13,2.2,61.91,953,590,Barcelos,Braga,Norte
2019-12-03 11:13:36,Palme,LOCAL-030255,0.0,0,17,3.17,10,1.86,57.56,933,537,Barcelos,Braga,Norte
2019-12-03 11:13:36,Panque,LOCAL-030256,0.0,0,8,2.23,12,3.34,57.17,628,359,Barcelos,Braga,Norte
2019-12-03 11:13:36,Paradela,LOCAL-030257,0.0,0,15,3.32,7,1.55,62.69,721,452,Barcelos,Braga,Norte
2019-12-03 11:13:36,Pereira,LOCAL-030259,0.0,0,30,3.82,17,2.16,68.89,1141,786,Barcelos,Braga,Norte
2019-12-03 11:13:36,Perelhal,LOCAL-030260,0.0,0,28,2.84,479,48.63,63.75,1545,985,Barcelos,Braga,Norte
2019-12-03 11:13:36,Pousa,LOCAL-030261,0.0,0,36,3.07,21,1.79,59.13,1982,1172,Barcelos,Braga,Norte
2019-12-03 11:13:36,Remelhe,LOCAL-030263,0.0,0,37,4.76,17,2.19,62.94,1236,778,Barcelos,Braga,Norte
2019-12-03 11:13:36,Roriz,LOCAL-030264,0.0,0,50,4.37,15,1.31,61.16,1872,1145,Barcelos,Braga,Norte
2019-12-03 11:13:36,Rio Covo (Santa Eugénia),LOCAL-030265,0.0,0,38,4.18,12,1.32,64.86,1403,910,Barcelos,Braga,Norte
2019-12-03 11:13:36,Galegos (Santa Maria),LOCAL-030268,0.0,0,52,3.04,28,1.64,67.31,2539,1709,Barcelos,Braga,Norte
2019-12-03 11:13:36,Galegos (São Martinho),LOCAL-030272,0.0,0,43,4.26,22,2.18,58.05,1740,1010,Barcelos,Braga,Norte
2019-12-03 11:13:36,Tamel (São Veríssimo),LOCAL-030277,0.0,0,57,3.39,31,1.84,63.34,2654,1681,Barcelos,Braga,Norte
2019-12-03 11:13:36,Silva,LOCAL-030279,0.0,0,19,3.3,8,1.39,70.59,816,576,Barcelos,Braga,Norte
2019-12-03 11:13:36,Ucha,LOCAL-030282,0.0,0,39,4.57,17,1.99,64.77,1317,853,Barcelos,Braga,Norte
2019-12-03 11:13:36,Várzea,LOCAL-030283,0.0,0,37,3.51,18,1.71,65.83,1601,1054,Barcelos,Braga,Norte
2019-12-03 11:13:36,Vila Seca,LOCAL-030287,0.0,0,27,4.08,12,1.82,64.87,1019,661,Barcelos,Braga,Norte
2019-12-03 11:13:36,Alheira e Igreja Nova,LOCAL-030290,0.0,0,38,4.79,14,1.77,52.0,1525,793,Barcelos,Braga,Norte
2019-12-03 11:13:36,Alvito (São Pedro e São Martinho) e Couto,LOCAL-030291,0.0,0,45,5.44,20,2.42,65.58,1261,827,Barcelos,Braga,Norte
2019-12-03 11:13:36,Areias de Vilar e Encourados,LOCAL-030292,0.0,0,32,3.19,11,1.1,61.13,1639,1002,Barcelos,Braga,Norte
2019-12-03 11:13:36,"Barcelos, Vila Boa e Vila Frescainha",LOCAL-030293,0.0,0,187,2.9,87,1.35,64.05,10075,6453,Barcelos,Braga,Norte
2019-12-03 11:13:36,Campo e Tamel (São Pedro Fins),LOCAL-030294,0.0,0,52,5.96,16,1.83,65.37,1334,872,Barcelos,Braga,Norte
2019-12-03 11:13:36,Carreira e Fonte Coberta,LOCAL-030295,0.0,0,34,2.98,19,1.66,64.09,1782,1142,Barcelos,Braga,Norte
2019-12-03 11:13:36,"Chorente, Góios, Courel, Pedra Furada e Gueral",LOCAL-030296,0.0,0,40,2.74,12,0.82,63.99,2280,1459,Barcelos,Braga,Norte
2019-12-03 11:13:36,Creixomil e Mariz,LOCAL-030297,0.0,0,33,4.37,11,1.46,70.06,1079,756,Barcelos,Braga,Norte
2019-12-03 11:13:36,Durrães e Tregosa,LOCAL-030298,0.0,0,31,3.78,8,0.98,65.86,1245,820,Barcelos,Braga,Norte
2019-12-03 11:13:36,Gamil e Midões,LOCAL-030299,0.0,0,27,3.14,16,1.86,67.91,1265,859,Barcelos,Braga,Norte
2019-12-03 11:13:36,"Milhazes, Vilar de Figos e Faria",LOCAL-0302FA,0.0,0,39,3.12,19,1.52,66.9,1870,1251,Barcelos,Braga,Norte
2019-12-03 11:13:36,Negreiros e Chavão,LOCAL-0302FB,0.0,0,36,2.63,23,1.68,66.36,2063,1369,Barcelos,Braga,Norte
2019-12-03 11:13:36,Quintiães e Aguiar,LOCAL-0302FC,0.0,0,18,2.74,12,1.83,63.44,1034,656,Barcelos,Braga,Norte
2019-12-03 11:13:36,Sequeade e Bastuço (São João e Santo Estevão),LOCAL-0302FD,0.0,0,33,3.13,31,2.94,61.65,1713,1056,Barcelos,Braga,Norte
2019-12-03 11:13:36,Silveiros e Rio Covo (Santa Eulália),LOCAL-0302FE,0.0,0,38,3.38,17,1.51,61.96,1814,1124,Barcelos,Braga,Norte
2019-12-03 11:13:36,Tamel (Santa Leocádia) e Vilar do Monte,LOCAL-0302FF,0.0,0,26,3.35,18,2.32,65.16,1191,776,Barcelos,Braga,Norte
2019-12-03 11:13:36,"Viatodos, Grimancelos, Minhotães, Monte de Fralães",LOCAL-0302FG,0.0,0,69,3.02,34,1.49,66.75,3426,2287,Barcelos,Braga,Norte
2019-12-03 11:13:36,Vila Cova e Feitos,LOCAL-0302FH,0.0,0,62,4.47,28,2.02,61.85,2241,1386,Barcelos,Braga,Norte
2019-12-03 11:13:36,Adaúfe,LOCAL-030301,0.0,0,70,3.55,32,1.62,55.32,3563,1971,Braga,Braga,Norte
2019-12-03 11:13:36,Espinho,LOCAL-030312,0.0,0,13,1.94,8,1.19,61.62,1089,671,Braga,Braga,Norte
2019-12-03 11:13:36,Esporões,LOCAL-030313,0.0,0,37,3.71,22,2.21,66.03,1510,997,Braga,Braga,Norte
2019-12-03 11:13:36,Figueiredo,LOCAL-030315,0.0,0,27,3.7,9,1.23,69.3,1052,729,Braga,Braga,Norte
2019-12-03 11:13:36,Gualtar,LOCAL-030319,0.0,0,137,4.01,43,1.26,63.81,5352,3415,Braga,Braga,Norte
2019-12-03 11:13:36,Lamas,LOCAL-030322,0.0,0,25,5.06,8,1.62,70.07,705,494,Braga,Braga,Norte
2019-12-03 11:13:36,Mire de Tibães,LOCAL-030325,0.0,0,49,3.49,26,1.85,63.45,2216,1406,Braga,Braga,Norte
2019-12-03 11:13:36,Padim da Graça,LOCAL-030330,0.0,0,24,2.6,10,1.08,61.96,1488,922,Braga,Braga,Norte
2019-12-03 11:13:36,Palmeira,LOCAL-030331,0.0,0,102,3.39,42,1.4,60.21,4994,3007,Braga,Braga,Norte
2019-12-03 11:13:36,Pedralva,LOCAL-030334,0.0,0,17,2.81,10,1.65,56.69,1069,606,Braga,Braga,Norte
2019-12-03 11:13:36,Priscos,LOCAL-030336,0.0,0,31,4.31,17,2.36,61.64,1168,720,Braga,Braga,Norte
2019-12-03 11:13:36,Ruilhe,LOCAL-030338,0.0,0,20,3.16,5,0.79,60.29,1050,633,Braga,Braga,Norte
2019-12-03 11:13:36,Braga (São Vicente),LOCAL-030349,0.0,0,250,3.66,109,1.6,59.07,11565,6832,Braga,Braga,Norte
2019-12-03 11:13:36,Braga (São Vítor),LOCAL-030351,0.0,0,359,2.58,140,1.01,54.33,25595,13906,Braga,Braga,Norte
2019-12-03 11:13:36,Sequeira,LOCAL-030354,0.0,0,38,3.52,22,2.04,63.32,1704,1079,Braga,Braga,Norte
2019-12-03 11:13:36,Sobreposta,LOCAL-030355,0.0,0,20,2.9,14,2.03,56.88,1213,690,Braga,Braga,Norte
2019-12-03 11:13:36,Tadim,LOCAL-030356,0.0,0,27,4.02,14,2.08,66.14,1016,672,Braga,Braga,Norte
2019-12-03 11:13:36,Tebosa,LOCAL-030357,0.0,0,22,3.58,10,1.63,63.23,971,614,Braga,Braga,Norte
2019-12-03 11:13:36,Arentim e Cunha,LOCAL-030363,0.0,0,53,5.49,14,1.45,70.96,1360,965,Braga,Braga,Norte
2019-12-03 11:13:36,"Braga (Maximinos, Sé e Cividade)",LOCAL-030364,0.0,0,238,3.17,111,1.48,56.79,13225,7510,Braga,Braga,Norte
2019-12-03 11:13:36,Braga (São José de São Lázaro e São João do Souto),LOCAL-030365,0.0,0,160,2.18,75,1.02,57.18,12832,7337,Braga,Braga,Norte
2019-12-03 11:13:36,Cabreiros e Passos (São Julião),LOCAL-030366,0.0,0,36,2.76,25,1.92,65.76,1980,1302,Braga,Braga,Norte
2019-12-03 11:13:36,"Celeirós, Aveleda e Vimieiro",LOCAL-030367,0.0,0,122,3.28,82,2.21,62.19,5974,3715,Braga,Braga,Norte
2019-12-03 11:13:36,Crespos e Pousada,LOCAL-030368,0.0,0,12,1.63,10,1.36,60.69,1216,738,Braga,Braga,Norte
2019-12-03 11:13:36,Escudeiros e Penso (Santo Estêvão e São Vicente),LOCAL-030369,0.0,0,45,4.17,17,1.57,63.98,1688,1080,Braga,Braga,Norte
2019-12-03 11:13:36,Este (São Pedro e São Mamede),LOCAL-030370,0.0,0,78,3.37,33,1.43,62.45,3702,2312,Braga,Braga,Norte
2019-12-03 11:13:36,Ferreiros e Gondizalves,LOCAL-030371,0.0,0,187,3.75,99,1.98,59.66,8369,4993,Braga,Braga,Norte
2019-12-03 11:13:36,Guisande e Oliveira (São Pedro),LOCAL-030372,0.0,0,21,3.39,20,3.23,68.78,900,619,Braga,Braga,Norte
2019-12-03 11:13:36,Lomar e Arcos,LOCAL-030373,0.0,0,124,3.27,64,1.69,61.22,6194,3792,Braga,Braga,Norte
2019-12-03 11:13:36,"Merelim (São Paio), Panoias e Parada de Tibães",LOCAL-030374,0.0,0,95,3.51,36,1.33,62.48,4326,2703,Braga,Braga,Norte
2019-12-03 11:13:36,Merelim (São Pedro) e Frossos,LOCAL-030375,0.0,0,79,3.12,56,2.21,66.91,3781,2530,Braga,Braga,Norte
2019-12-03 11:13:36,Morreira e Trandeiras,LOCAL-030376,0.0,0,48,5.65,4,0.47,68.38,1243,850,Braga,Braga,Norte
2019-12-03 11:13:36,"Nogueira, Fraião e Lamaçães",LOCAL-030377,0.0,0,328,3.66,110,1.23,67.47,13292,8968,Braga,Braga,Norte
2019-12-03 11:13:36,Nogueiró e Tenões,LOCAL-030378,0.0,0,90,2.87,28,0.89,67.15,4664,3132,Braga,Braga,Norte
2019-12-03 11:13:36,"Real, Dume e Semelhe",LOCAL-030379,0.0,0,229,3.41,114,1.7,61.09,11001,6720,Braga,Braga,Norte
2019-12-03 11:13:36,Santa Lucrécia de Algeriz e Navarra,LOCAL-030380,0.0,0,29,5.01,12,2.07,65.06,890,579,Braga,Braga,Norte
2019-12-03 11:13:36,Vilaça e Fradelos,LOCAL-030381,0.0,0,38,3.93,15,1.55,68.39,1414,967,Braga,Braga,Norte
2019-12-03 11:13:36,Abadim,LOCAL-030401,0.0,0,7,1.82,6,1.56,70.9,543,385,Cabeceiras de Basto,Braga,Norte
2019-12-03 11:13:36,Basto,LOCAL-030404,0.0,0,10,2.16,6,1.3,51.91,892,463,Cabeceiras de Basto,Braga,Norte
2019-12-03 11:13:36,Bucos,LOCAL-030405,0.0,0,3,0.87,5,1.45,61.43,560,344,Cabeceiras de Basto,Braga,Norte
2019-12-03 11:13:36,Cabeceiras de Basto,LOCAL-030406,0.0,0,6,1.51,3,0.76,55.76,712,397,Cabeceiras de Basto,Braga,Norte
2019-12-03 11:13:36,Cavez,LOCAL-030407,0.0,0,15,2.35,6,0.94,38.42,1658,637,Cabeceiras de Basto,Braga,Norte
2019-12-03 11:13:36,Faia,LOCAL-030408,0.0,0,3,1.0,4,1.34,53.11,563,299,Cabeceiras de Basto,Braga,Norte
2019-12-03 11:13:36,Pedraça,LOCAL-030413,0.0,0,10,2.65,10,2.65,48.03,785,377,Cabeceiras de Basto,Braga,Norte
2019-12-03 11:13:36,Rio Douro,LOCAL-030415,0.0,0,5,1.01,8,1.61,46.89,1060,497,Cabeceiras de Basto,Braga,Norte
2019-12-03 11:13:36,Alvite e Passos,LOCAL-030418,0.0,0,10,1.63,11,1.79,54.86,1121,615,Cabeceiras de Basto,Braga,Norte
2019-12-03 11:13:36,Arco de Baúlhe e Vila Nune,LOCAL-030419,0.0,0,5,0.48,29,2.8,51.26,2023,1037,Cabeceiras de Basto,Braga,Norte
2019-12-03 11:13:36,Gondiães e Vilar de Cunhas,LOCAL-030420,0.0,0,2,0.93,7,3.26,36.69,586,215,Cabeceiras de Basto,Braga,Norte
2019-12-03 11:13:36,"Refojos de Basto, Outeiro e Painzela",LOCAL-030421,0.0,0,68,1.93,83,2.35,54.05,6533,3531,Cabeceiras de Basto,Braga,Norte
2019-12-03 11:13:36,Agilde,LOCAL-030501,0.0,0,13,2.12,13,2.12,55.82,1100,614,Celorico de Basto,Braga,Norte
2019-12-03 11:13:36,Arnóia,LOCAL-030502,0.0,0,12,1.48,11,1.36,55.03,1470,809,Celorico de Basto,Braga,Norte
2019-12-03 11:13:36,Borba de Montanha,LOCAL-030503,0.0,0,8,1.33,13,2.16,51.36,1174,603,Celorico de Basto,Braga,Norte
2019-12-03 11:13:36,Codeçoso,LOCAL-030508,0.0,0,3,1.33,4,1.77,59.47,380,226,Celorico de Basto,Braga,Norte
2019-12-03 11:13:36,Fervença,LOCAL-030510,0.0,0,12,1.88,16,2.5,55.65,1150,640,Celorico de Basto,Braga,Norte
2019-12-03 11:13:36,Moreira do Castelo,LOCAL-030515,0.0,0,5,1.54,9,2.77,57.32,567,325,Celorico de Basto,Braga,Norte
2019-12-03 11:13:36,Rego,LOCAL-030517,0.0,0,9,1.53,14,2.38,49.96,1177,588,Celorico de Basto,Braga,Norte
2019-12-03 11:13:36,Ribas,LOCAL-030518,0.0,0,5,1.04,10,2.08,54.36,883,480,Celorico de Basto,Braga,Norte
2019-12-03 11:13:36,Basto (São Clemente),LOCAL-030520,0.0,0,10,1.43,12,1.71,49.47,1415,700,Celorico de Basto,Braga,Norte
2019-12-03 11:13:36,Vale de Bouro,LOCAL-030521,0.0,0,8,2.23,7,1.95,47.8,751,359,Celorico de Basto,Braga,Norte
2019-12-03 11:13:36,"Britelo, Gémeos e Ourilhe",LOCAL-030523,0.0,0,28,1.5,32,1.72,56.21,3318,1865,Celorico de Basto,Braga,Norte
2019-12-03 11:13:36,Caçarilhe e Infesta,LOCAL-030524,0.0,0,2,0.69,4,1.37,43.18,674,291,Celorico de Basto,Braga,Norte
2019-12-03 11:13:36,Canedo de Basto e Corgo,LOCAL-030525,0.0,0,13,1.94,11,1.64,55.66,1202,669,Celorico de Basto,Braga,Norte
2019-12-03 11:13:36,Carvalho e Basto (Santa Tecla),LOCAL-030526,0.0,0,12,2.89,6,1.45,45.5,912,415,Celorico de Basto,Braga,Norte
2019-12-03 11:13:36,"Veade, Gagos e Molares",LOCAL-030527,0.0,0,20,2.02,13,1.31,55.65,1779,990,Celorico de Basto,Braga,Norte
2019-12-03 11:13:36,Antas,LOCAL-030601,0.0,0,47,3.96,25,2.11,57.07,2080,1187,Esposende,Braga,Norte
2019-12-03 11:13:36,Forjães,LOCAL-030608,0.0,0,48,3.38,16,1.13,58.62,2424,1421,Esposende,Braga,Norte
2019-12-03 11:13:36,Gemeses,LOCAL-030610,0.0,0,15,2.45,27,4.42,57.42,1064,611,Esposende,Braga,Norte
2019-12-03 11:13:36,Vila Chã,LOCAL-030615,0.0,0,20,3.11,15,2.33,47.42,1358,644,Esposende,Braga,Norte
2019-12-03 11:13:36,Apúlia e Fão,LOCAL-030616,0.0,0,125,3.2,63,1.61,54.15,7221,3910,Esposende,Braga,Norte
2019-12-03 11:13:36,Belinho e Mar,LOCAL-030617,0.0,0,59,3.72,40,2.53,51.66,3066,1584,Esposende,Braga,Norte
2019-12-03 11:13:36,"Esposende, Marinhas e Gandra",LOCAL-030618,0.0,0,171,2.71,118,1.87,56.77,11131,6319,Esposende,Braga,Norte
2019-12-03 11:13:36,Fonte Boa e Rio Tinto,LOCAL-030619,0.0,0,25,2.28,16,1.46,65.91,1666,1098,Esposende,Braga,Norte
2019-12-03 11:13:36,Palmeira de Faro e Curvos,LOCAL-030620,0.0,0,49,2.9,39,2.31,58.78,2870,1687,Esposende,Braga,Norte
2019-12-03 11:13:36,Armil,LOCAL-030705,0.0,0,14,3.08,5,1.1,66.86,679,454,Fafe,Braga,Norte
2019-12-03 11:13:36,Estorãos,LOCAL-030708,0.0,0,18,1.86,22,2.27,50.29,1927,969,Fafe,Braga,Norte
2019-12-03 11:13:36,Fafe,LOCAL-030709,0.0,0,249,2.88,170,1.96,56.74,15249,8653,Fafe,Braga,Norte
2019-12-03 11:13:36,Fornelos,LOCAL-030712,0.0,0,13,1.74,7,0.93,52.12,1437,749,Fafe,Braga,Norte
2019-12-03 11:13:36,Golães,LOCAL-030714,0.0,0,37,3.24,17,1.49,54.52,2093,1141,Fafe,Braga,Norte
2019-12-03 11:13:36,Medelo,LOCAL-030716,0.0,0,28,3.55,26,3.3,57.13,1381,789,Fafe,Braga,Norte
2019-12-03 11:13:36,Passos,LOCAL-030719,0.0,0,15,2.91,9,1.74,51.19,1008,516,Fafe,Braga,Norte
2019-12-03 11:13:36,Quinchães,LOCAL-030722,0.0,0,36,2.9,22,1.77,58.38,2129,1243,Fafe,Braga,Norte
2019-12-03 11:13:36,Regadas,LOCAL-030723,0.0,0,25,2.69,16,1.72,59.03,1572,928,Fafe,Braga,Norte
2019-12-03 11:13:36,Revelhe,LOCAL-030724,0.0,0,15,3.96,4,1.06,50.53,750,379,Fafe,Braga,Norte
2019-12-03 11:13:36,Ribeiros,LOCAL-030725,0.0,0,9,2.6,6,1.73,59.35,583,346,Fafe,Braga,Norte
2019-12-03 11:13:36,Arões (Santa Cristina),LOCAL-030726,0.0,0,20,2.81,9,1.27,51.6,1378,711,Fafe,Braga,Norte
2019-12-03 11:13:36,São Gens,LOCAL-030728,0.0,0,20,2.12,16,1.7,54.67,1725,943,Fafe,Braga,Norte
2019-12-03 11:13:36,Silvares (São Martinho),LOCAL-030729,0.0,0,17,2.2,13,1.68,62.88,1231,774,Fafe,Braga,Norte
2019-12-03 11:13:36,Arões (São Romão),LOCAL-030730,0.0,0,61,3.53,23,1.33,52.22,3309,1728,Fafe,Braga,Norte
2019-12-03 11:13:36,Travassós,LOCAL-030733,0.0,0,30,4.06,19,2.57,44.38,1665,739,Fafe,Braga,Norte
2019-12-03 11:13:36,Vinhós,LOCAL-030736,0.0,0,6,1.72,5,1.43,51.25,681,349,Fafe,Braga,Norte
2019-12-03 11:13:36,"Aboim, Felgueiras, Gontim e Pedraído",LOCAL-030737,0.0,0,14,2.77,8,1.58,44.74,1131,506,Fafe,Braga,Norte
2019-12-03 11:13:36,Agrela e Serafão,LOCAL-030738,0.0,0,21,3.13,7,1.04,54.96,1219,670,Fafe,Braga,Norte
2019-12-03 11:13:36,Antime e Silvares (São Clemente),LOCAL-030739,0.0,0,27,2.17,20,1.61,63.35,1962,1243,Fafe,Braga,Norte
2019-12-03 11:13:36,"Ardegão, Arnozela e Seidões",LOCAL-030740,0.0,0,15,2.5,10,1.67,53.24,1125,599,Fafe,Braga,Norte
2019-12-03 11:13:36,Cepães e Fareja,LOCAL-030741,0.0,0,39,3.42,18,1.58,56.21,2030,1141,Fafe,Braga,Norte
2019-12-03 11:13:36,Freitas e Vila Cova,LOCAL-030742,0.0,0,2,0.47,10,2.35,51.52,825,425,Fafe,Braga,Norte
2019-12-03 11:13:36,Monte e Queimadela,LOCAL-030743,0.0,0,9,2.17,8,1.93,35.23,1178,415,Fafe,Braga,Norte
2019-12-03 11:13:36,Moreira do Rei e Várzea Cova,LOCAL-030744,0.0,0,30,2.89,8,0.77,51.51,2017,1039,Fafe,Braga,Norte
2019-12-03 11:13:36,Aldão,LOCAL-030801,0.0,0,24,3.18,15,1.99,61.9,1218,754,Guimarães,Braga,Norte
2019-12-03 11:13:36,Azurém,LOCAL-030804,0.0,0,153,3.19,42,0.88,62.25,7698,4792,Guimarães,Braga,Norte
2019-12-03 11:13:36,Barco,LOCAL-030806,0.0,0,41,5.18,13,1.64,57.27,1383,792,Guimarães,Braga,Norte
2019-12-03 11:13:36,Brito,LOCAL-030807,0.0,0,85,3.06,41,1.48,64.25,4324,2778,Guimarães,Braga,Norte
2019-12-03 11:13:36,Caldelas,LOCAL-030808,0.0,0,114,3.22,54,1.52,59.64,5939,3542,Guimarães,Braga,Norte
2019-12-03 11:13:36,Costa,LOCAL-030812,0.0,0,88,3.06,35,1.22,67.48,4259,2874,Guimarães,Braga,Norte
2019-12-03 11:13:36,Creixomil,LOCAL-030813,0.0,0,144,2.58,65,1.16,63.37,8817,5587,Guimarães,Braga,Norte
2019-12-03 11:13:36,Fermentões,LOCAL-030815,0.0,0,99,3.31,30,1.0,59.44,5032,2991,Guimarães,Braga,Norte
2019-12-03 11:13:36,Gonça,LOCAL-030820,0.0,0,13,2.28,8,1.4,65.29,873,570,Guimarães,Braga,Norte
2019-12-03 11:13:36,Gondar,LOCAL-030821,0.0,0,46,3.05,18,1.19,63.71,2367,1508,Guimarães,Braga,Norte
2019-12-03 11:13:36,Guardizela,LOCAL-030823,0.0,0,32,2.28,11,0.78,68.12,2061,1404,Guimarães,Braga,Norte
2019-12-03 11:13:36,Infantas,LOCAL-030824,0.0,0,21,2.19,16,1.67,62.72,1529,959,Guimarães,Braga,Norte
2019-12-03 11:13:36,Longos,LOCAL-030827,0.0,0,25,3.56,7,1.0,50.47,1393,703,Guimarães,Braga,Norte
2019-12-03 11:13:36,Lordelo,LOCAL-030828,0.0,0,64,2.76,27,1.16,61.83,3757,2323,Guimarães,Braga,Norte
2019-12-03 11:13:36,Mesão Frio,LOCAL-030830,0.0,0,74,2.85,27,1.04,64.21,4037,2592,Guimarães,Braga,Norte
2019-12-03 11:13:36,Moreira de Cónegos,LOCAL-030831,0.0,0,51,1.87,33,1.21,63.33,4301,2724,Guimarães,Braga,Norte
2019-12-03 11:13:36,Nespereira,LOCAL-030832,0.0,0,41,2.76,17,1.14,62.06,2393,1485,Guimarães,Braga,Norte
2019-12-03 11:13:36,Pencelo,LOCAL-030835,0.0,0,16,2.28,10,1.42,62.96,1115,702,Guimarães,Braga,Norte
2019-12-03 11:13:36,Pinheiro,LOCAL-030836,0.0,0,22,3.36,8,1.22,62.68,1045,655,Guimarães,Braga,Norte
2019-12-03 11:13:36,Polvoreira,LOCAL-030837,0.0,0,67,3.28,16,0.78,65.2,3135,2044,Guimarães,Braga,Norte
2019-12-03 11:13:36,Ponte,LOCAL-030838,0.0,0,122,3.48,49,1.4,59.7,5871,3505,Guimarães,Braga,Norte
2019-12-03 11:13:36,Ronfe,LOCAL-030840,0.0,0,108,3.96,36,1.32,67.34,4054,2730,Guimarães,Braga,Norte
2019-12-03 11:13:36,Prazins (Santa Eufémia),LOCAL-030842,0.0,0,21,3.02,11,1.58,62.14,1120,696,Guimarães,Braga,Norte
2019-12-03 11:13:36,Selho (São Cristóvão),LOCAL-030850,0.0,0,39,3.03,17,1.32,64.42,2001,1289,Guimarães,Braga,Norte
2019-12-03 11:13:36,Selho (São Jorge),LOCAL-030854,0.0,0,137,3.93,43,1.23,66.2,5261,3483,Guimarães,Braga,Norte
2019-12-03 11:13:36,Candoso (São Martinho),LOCAL-030857,0.0,0,23,2.79,13,1.58,68.84,1197,824,Guimarães,Braga,Norte
2019-12-03 11:13:36,Sande (São Martinho),LOCAL-030858,0.0,0,46,3.53,17,1.3,54.09,2411,1304,Guimarães,Braga,Norte
2019-12-03 11:13:36,São Torcato,LOCAL-030865,0.0,0,74,3.73,30,1.51,62.61,3169,1984,Guimarães,Braga,Norte
2019-12-03 11:13:36,Serzedelo,LOCAL-030866,0.0,0,59,2.87,28,1.36,63.91,3220,2058,Guimarães,Braga,Norte
2019-12-03 11:13:36,Silvares,LOCAL-030868,0.0,0,36,2.65,19,1.4,64.93,2096,1361,Guimarães,Braga,Norte
2019-12-03 11:13:36,Urgezes,LOCAL-030871,0.0,0,101,3.2,42,1.33,63.82,4942,3154,Guimarães,Braga,Norte
2019-12-03 11:13:36,Abação e Gémeos,LOCAL-030875,0.0,0,50,3.43,18,1.23,62.43,2337,1459,Guimarães,Braga,Norte
2019-12-03 11:13:36,"Airão Santa Maria, Airão São João e Vermil",LOCAL-030876,0.0,0,72,3.16,29,1.27,72.0,3168,2281,Guimarães,Braga,Norte
2019-12-03 11:13:36,Arosa e Castelões,LOCAL-030877,0.0,0,18,4.57,5,1.27,53.24,740,394,Guimarães,Braga,Norte
2019-12-03 11:13:36,Atães e Rendufe,LOCAL-030878,0.0,0,48,3.73,22,1.71,55.42,2324,1288,Guimarães,Braga,Norte
2019-12-03 11:13:36,Briteiros Santo Estêvão e Donim,LOCAL-030879,0.0,0,39,3.42,11,0.96,55.29,2062,1140,Guimarães,Braga,Norte
2019-12-03 11:13:36,Briteiros São Salvador e Briteiros Santa Leocádia,LOCAL-030880,0.0,0,22,2.49,11,1.24,52.25,1692,884,Guimarães,Braga,Norte
2019-12-03 11:13:36,Candoso São Tiago e Mascotelos,LOCAL-030881,0.0,0,66,3.1,25,1.17,66.82,3189,2131,Guimarães,Braga,Norte
2019-12-03 11:13:36,Conde e Gandarela,LOCAL-030882,0.0,0,33,2.22,19,1.28,68.2,2176,1484,Guimarães,Braga,Norte
2019-12-03 11:13:36,"Leitões, Oleiros e Figueiredo",LOCAL-030883,0.0,0,27,3.04,9,1.01,67.27,1320,888,Guimarães,Braga,Norte
2019-12-03 11:13:36,"Oliveira, São Paio e São Sebastião",LOCAL-030884,0.0,0,98,2.17,55,1.22,61.86,7312,4523,Guimarães,Braga,Norte
2019-12-03 11:13:36,Prazins Santo Tirso e Corvite,LOCAL-030885,0.0,0,43,3.99,20,1.85,62.81,1718,1079,Guimarães,Braga,Norte
2019-12-03 11:13:36,Sande São Lourenço e Balazar,LOCAL-030886,0.0,0,32,3.82,13,1.55,49.35,1696,837,Guimarães,Braga,Norte
2019-12-03 11:13:36,Sande Vila Nova e Sande São Clemente,LOCAL-030887,0.0,0,78,3.93,25,1.26,61.84,3210,1985,Guimarães,Braga,Norte
2019-12-03 11:13:36,Selho São Lourenço e Gominhães,LOCAL-030888,0.0,0,35,2.72,18,1.4,63.25,2038,1289,Guimarães,Braga,Norte
2019-12-03 11:13:36,Serzedo e Calvos,LOCAL-030889,0.0,0,38,3.06,19,1.53,59.81,2075,1241,Guimarães,Braga,Norte
2019-12-03 11:13:36,"Souto Santa Maria, Souto São Salvador e Gondomar",LOCAL-030890,0.0,0,24,2.16,20,1.8,51.99,2141,1113,Guimarães,Braga,Norte
2019-12-03 11:13:36,Tabuadelo e São Faustino,LOCAL-030891,0.0,0,37,2.43,20,1.31,67.24,2265,1523,Guimarães,Braga,Norte
2019-12-03 11:13:36,Covelas,LOCAL-030906,0.0,0,12,4.43,6,2.21,68.26,397,271,Póvoa de Lanhoso,Braga,Norte
2019-12-03 11:13:36,Ferreiros,LOCAL-030908,0.0,0,4,1.85,4,1.85,60.17,359,216,Póvoa de Lanhoso,Braga,Norte
2019-12-03 11:13:36,Galegos,LOCAL-030912,0.0,0,10,3.26,5,1.63,51.95,591,307,Póvoa de Lanhoso,Braga,Norte
2019-12-03 11:13:36,Garfe,LOCAL-030913,0.0,0,22,3.73,9,1.53,50.69,1164,590,Póvoa de Lanhoso,Braga,Norte
2019-12-03 11:13:36,Geraz do Minho,LOCAL-030914,0.0,0,9,2.6,10,2.89,68.24,507,346,Póvoa de Lanhoso,Braga,Norte
2019-12-03 11:13:36,Lanhoso,LOCAL-030915,0.0,0,11,2.8,6,1.53,53.91,729,393,Póvoa de Lanhoso,Braga,Norte
2019-12-03 11:13:36,Monsul,LOCAL-030917,0.0,0,15,3.61,5,1.2,56.68,734,416,Póvoa de Lanhoso,Braga,Norte
2019-12-03 11:13:36,Póvoa de Lanhoso (Nossa Senhora do Amparo),LOCAL-030919,0.0,0,84,2.99,34,1.21,54.26,5177,2809,Póvoa de Lanhoso,Braga,Norte
2019-12-03 11:13:36,Rendufinho,LOCAL-030921,0.0,0,7,1.92,12,3.3,54.33,670,364,Póvoa de Lanhoso,Braga,Norte
2019-12-03 11:13:36,Santo Emilião,LOCAL-030922,0.0,0,11,2.35,12,2.56,51.6,907,468,Póvoa de Lanhoso,Braga,Norte
2019-12-03 11:13:36,São João de Rei,LOCAL-030923,0.0,0,5,2.22,4,1.78,57.4,392,225,Póvoa de Lanhoso,Braga,Norte
2019-12-03 11:13:36,Serzedelo,LOCAL-030924,0.0,0,9,2.39,3,0.8,51.29,735,377,Póvoa de Lanhoso,Braga,Norte
2019-12-03 11:13:36,Sobradelo da Goma,LOCAL-030925,0.0,0,10,2.49,6,1.5,50.95,787,401,Póvoa de Lanhoso,Braga,Norte
2019-12-03 11:13:36,Taíde,LOCAL-030926,0.0,0,34,3.88,21,2.4,50.09,1749,876,Póvoa de Lanhoso,Braga,Norte
2019-12-03 11:13:36,Travassos,LOCAL-030927,0.0,0,5,1.32,2,0.53,56.21,676,380,Póvoa de Lanhoso,Braga,Norte
2019-12-03 11:13:36,Vilela,LOCAL-030929,0.0,0,9,2.49,18,4.99,59.77,604,361,Póvoa de Lanhoso,Braga,Norte
2019-12-03 11:13:36,Águas Santas e Moure,LOCAL-030930,0.0,0,5,1.4,3,0.84,60.68,590,358,Póvoa de Lanhoso,Braga,Norte
2019-12-03 11:13:36,Calvos e Frades,LOCAL-030931,0.0,0,9,2.15,2,0.48,56.78,738,419,Póvoa de Lanhoso,Braga,Norte
2019-12-03 11:13:36,Campos e Louredo,LOCAL-030932,0.0,0,23,2.53,30,3.3,62.2,1463,910,Póvoa de Lanhoso,Braga,Norte
2019-12-03 11:13:36,Esperança e Brunhais,LOCAL-030933,0.0,0,12,3.52,7,2.05,49.85,684,341,Póvoa de Lanhoso,Braga,Norte
2019-12-03 11:13:36,Fonte Arcada e Oliveira,LOCAL-030934,0.0,0,25,2.74,7,0.77,54.74,1668,913,Póvoa de Lanhoso,Braga,Norte
2019-12-03 11:13:36,"Verim, Friande e Ajude",LOCAL-030935,0.0,0,7,1.85,4,1.06,52.28,723,378,Póvoa de Lanhoso,Braga,Norte
2019-12-03 11:13:36,Balança,LOCAL-031001,0.0,0,6,2.73,7,3.18,66.67,330,220,Terras de Bouro,Braga,Norte
2019-12-03 11:13:36,Campo do Gerês,LOCAL-031003,0.0,0,1,1.06,0,0.0,54.02,174,94,Terras de Bouro,Braga,Norte
2019-12-03 11:13:36,Carvalheira,LOCAL-031004,0.0,0,8,3.76,6,2.82,63.2,337,213,Terras de Bouro,Braga,Norte
2019-12-03 11:13:36,Covide,LOCAL-031008,0.0,0,2,1.1,1,0.55,54.19,334,181,Terras de Bouro,Braga,Norte
2019-12-03 11:13:36,Gondoriz,LOCAL-031009,0.0,0,2,1.26,2,1.26,53.36,298,159,Terras de Bouro,Braga,Norte
2019-12-03 11:13:36,Moimenta,LOCAL-031010,0.0,0,11,2.66,9,2.17,57.18,724,414,Terras de Bouro,Braga,Norte
2019-12-03 11:13:36,Ribeira,LOCAL-031012,0.0,0,4,3.03,1,0.76,58.41,226,132,Terras de Bouro,Braga,Norte
2019-12-03 11:13:36,Rio Caldo,LOCAL-031013,0.0,0,18,4.12,9,2.06,51.59,847,437,Terras de Bouro,Braga,Norte
2019-12-03 11:13:36,Souto,LOCAL-031014,0.0,0,14,4.49,9,2.88,63.29,493,312,Terras de Bouro,Braga,Norte
2019-12-03 11:13:36,Valdosende,LOCAL-031015,0.0,0,12,3.64,1,0.3,56.7,582,330,Terras de Bouro,Braga,Norte
2019-12-03 11:13:36,Vilar da Veiga,LOCAL-031017,0.0,0,21,3.47,8,1.32,51.98,1164,605,Terras de Bouro,Braga,Norte
2019-12-03 11:13:36,Chamoim e Vilar,LOCAL-031018,0.0,0,12,5.11,4,1.7,56.35,417,235,Terras de Bouro,Braga,Norte
2019-12-03 11:13:36,Chorense e Monte,LOCAL-031019,0.0,0,9,2.98,7,2.32,52.52,575,302,Terras de Bouro,Braga,Norte
2019-12-03 11:13:36,Cibões e Brufe,LOCAL-031020,0.0,0,9,5.08,4,2.26,50.0,354,177,Terras de Bouro,Braga,Norte
2019-12-03 11:13:36,Cantelães,LOCAL-031105,0.0,0,12,3.27,8,2.18,50.69,724,367,Vieira do Minho,Braga,Norte
2019-12-03 11:13:36,Eira Vedra,LOCAL-031107,0.0,0,13,3.32,10,2.55,58.07,675,392,Vieira do Minho,Braga,Norte
2019-12-03 11:13:36,Guilhofrei,LOCAL-031108,0.0,0,8,1.58,14,2.76,49.8,1018,507,Vieira do Minho,Braga,Norte
2019-12-03 11:13:36,Louredo,LOCAL-031109,0.0,0,8,3.94,2,0.99,43.84,463,203,Vieira do Minho,Braga,Norte
2019-12-03 11:13:36,Mosteiro,LOCAL-031110,0.0,0,8,2.1,3,0.79,54.12,704,381,Vieira do Minho,Braga,Norte
2019-12-03 11:13:36,Parada de Bouro,LOCAL-031111,0.0,0,5,1.87,0,0.0,55.74,479,267,Vieira do Minho,Braga,Norte
2019-12-03 11:13:36,Pinheiro,LOCAL-031112,0.0,0,9,3.73,5,2.07,55.79,432,241,Vieira do Minho,Braga,Norte
2019-12-03 11:13:36,Rossas,LOCAL-031113,0.0,0,7,0.84,10,1.2,47.76,1744,833,Vieira do Minho,Braga,Norte
2019-12-03 11:13:36,Salamonde,LOCAL-031115,0.0,0,1,0.53,2,1.06,49.35,383,189,Vieira do Minho,Braga,Norte
2019-12-03 11:13:36,Tabuaças,LOCAL-031118,0.0,0,10,2.12,11,2.34,52.86,891,471,Vieira do Minho,Braga,Norte
2019-12-03 11:13:36,Vieira do Minho,LOCAL-031120,0.0,0,33,2.65,25,2.01,52.93,2354,1246,Vieira do Minho,Braga,Norte
2019-12-03 11:13:36,Anissó e Soutelo,LOCAL-031122,0.0,0,3,1.33,9,3.98,56.78,398,226,Vieira do Minho,Braga,Norte
2019-12-03 11:13:36,Anjos e Vilar do Chão,LOCAL-031123,0.0,0,3,0.85,6,1.7,56.3,627,353,Vieira do Minho,Braga,Norte
2019-12-03 11:13:36,Caniçada e Soengas,LOCAL-031124,0.0,0,5,1.64,4,1.32,54.48,558,304,Vieira do Minho,Braga,Norte
2019-12-03 11:13:36,Ruivães e Campos,LOCAL-031125,0.0,0,2,0.4,9,1.79,57.95,868,503,Vieira do Minho,Braga,Norte
2019-12-03 11:13:36,Ventosa e Cova,LOCAL-031126,0.0,0,4,1.34,4,1.34,44.56,671,299,Vieira do Minho,Braga,Norte
2019-12-03 11:13:36,Bairro,LOCAL-031204,0.0,0,64,3.49,17,0.93,57.47,3193,1835,Vila Nova de Famalicão,Braga,Norte
2019-12-03 11:13:36,Brufe,LOCAL-031206,0.0,0,36,2.77,28,2.15,63.49,2049,1301,Vila Nova de Famalicão,Braga,Norte
2019-12-03 11:13:36,Castelões,LOCAL-031210,0.0,0,29,2.6,23,2.06,62.84,1776,1116,Vila Nova de Famalicão,Braga,Norte
2019-12-03 11:13:36,Cruz,LOCAL-031212,0.0,0,38,3.64,17,1.63,70.38,1482,1043,Vila Nova de Famalicão,Braga,Norte
2019-12-03 11:13:36,Delães,LOCAL-031213,0.0,0,63,2.92,34,1.58,59.65,3613,2155,Vila Nova de Famalicão,Braga,Norte
2019-12-03 11:13:36,Fradelos,LOCAL-031215,0.0,0,69,3.58,56,2.9,56.74,3398,1928,Vila Nova de Famalicão,Braga,Norte
2019-12-03 11:13:36,Gavião,LOCAL-031216,0.0,0,52,2.44,40,1.88,64.17,3318,2129,Vila Nova de Famalicão,Braga,Norte
2019-12-03 11:13:36,Joane,LOCAL-031219,0.0,0,164,3.61,72,1.59,64.85,6996,4537,Vila Nova de Famalicão,Braga,Norte
2019-12-03 11:13:36,Landim,LOCAL-031221,0.0,0,59,3.91,38,2.52,58.29,2589,1509,Vila Nova de Famalicão,Braga,Norte
2019-12-03 11:13:36,Louro,LOCAL-031223,0.0,0,45,3.26,30,2.17,70.5,1959,1381,Vila Nova de Famalicão,Braga,Norte
2019-12-03 11:13:36,Lousado,LOCAL-031224,0.0,0,78,3.59,29,1.34,62.52,3474,2172,Vila Nova de Famalicão,Braga,Norte
2019-12-03 11:13:36,Mogege,LOCAL-031225,0.0,0,37,3.31,21,1.88,63.68,1754,1117,Vila Nova de Famalicão,Braga,Norte
2019-12-03 11:13:36,Nine,LOCAL-031227,0.0,0,65,3.92,31,1.87,63.62,2606,1658,Vila Nova de Famalicão,Braga,Norte
2019-12-03 11:13:36,Pedome,LOCAL-031230,0.0,0,33,2.84,18,1.55,59.97,1941,1164,Vila Nova de Famalicão,Braga,Norte
2019-12-03 11:13:36,Pousada de Saramagos,LOCAL-031232,0.0,0,44,3.38,16,1.23,62.48,2084,1302,Vila Nova de Famalicão,Braga,Norte
2019-12-03 11:13:36,Requião,LOCAL-031233,0.0,0,55,2.99,21,1.14,64.59,2844,1837,Vila Nova de Famalicão,Braga,Norte
2019-12-03 11:13:36,Riba de Ave,LOCAL-031234,0.0,0,46,2.33,23,1.17,61.88,3190,1974,Vila Nova de Famalicão,Braga,Norte
2019-12-03 11:13:36,Ribeirão,LOCAL-031235,0.0,0,138,2.86,111,2.3,62.07,7780,4829,Vila Nova de Famalicão,Braga,Norte
2019-12-03 11:13:36,Oliveira (Santa Maria),LOCAL-031239,0.0,0,67,3.49,39,2.03,60.71,3161,1919,Vila Nova de Famalicão,Braga,Norte
2019-12-03 11:13:36,Vale (São Martinho),LOCAL-031241,0.0,0,28,2.4,29,2.48,63.71,1835,1169,Vila Nova de Famalicão,Braga,Norte
2019-12-03 11:13:36,Oliveira (São Mateus),LOCAL-031242,0.0,0,45,3.24,22,1.59,60.51,2292,1387,Vila Nova de Famalicão,Braga,Norte
2019-12-03 11:13:36,Vermoim,LOCAL-031247,0.0,0,37,2.22,21,1.26,61.11,2731,1669,Vila Nova de Famalicão,Braga,Norte
2019-12-03 11:13:36,Vilarinho das Cambas,LOCAL-031249,0.0,0,23,2.97,24,3.1,66.78,1159,774,Vila Nova de Famalicão,Braga,Norte
2019-12-03 11:13:36,Antas e Abade de Vermoim,LOCAL-031250,0.0,0,108,2.66,50,1.23,63.24,6431,4067,Vila Nova de Famalicão,Braga,Norte
2019-12-03 11:13:36,Arnoso (Santa Maria e Santa Eulália) e Sezures,LOCAL-031251,0.0,0,119,5.77,48,2.33,63.78,3236,2064,Vila Nova de Famalicão,Braga,Norte
2019-12-03 11:13:36,Avidos e Lagoa,LOCAL-031252,0.0,0,46,2.97,33,2.13,67.91,2281,1549,Vila Nova de Famalicão,Braga,Norte
2019-12-03 11:13:36,Carreira e Bente,LOCAL-031253,0.0,0,42,3.04,23,1.67,58.75,2349,1380,Vila Nova de Famalicão,Braga,Norte
2019-12-03 11:13:36,Esmeriz e Cabeçudos,LOCAL-031254,0.0,0,79,3.92,35,1.74,63.31,3181,2014,Vila Nova de Famalicão,Braga,Norte
2019-12-03 11:13:36,"Gondifelos, Cavalões e Outiz",LOCAL-031255,0.0,0,69,2.65,48,1.85,57.52,4522,2601,Vila Nova de Famalicão,Braga,Norte
2019-12-03 11:13:36,"Lemenhe, Mouquim e Jesufrei",LOCAL-031256,0.0,0,72,3.77,55,2.88,68.06,2808,1911,Vila Nova de Famalicão,Braga,Norte
2019-12-03 11:13:36,Ruivães e Novais,LOCAL-031257,0.0,0,42,2.48,25,1.48,61.59,2749,1693,Vila Nova de Famalicão,Braga,Norte
2019-12-03 11:13:36,Seide,LOCAL-031258,0.0,0,30,3.26,25,2.72,64.18,1432,919,Vila Nova de Famalicão,Braga,Norte
2019-12-03 11:13:36,"Vale (São Cosme), Telhado e Portela",LOCAL-031259,0.0,0,127,4.13,85,2.77,64.14,4793,3074,Vila Nova de Famalicão,Braga,Norte
2019-12-03 11:13:36,Vila Nova de Famalicão e Calendário,LOCAL-031260,0.0,0,369,3.3,163,1.46,60.79,18385,11176,Vila Nova de Famalicão,Braga,Norte
2019-12-03 11:13:36,Atiães,LOCAL-031304,0.0,0,12,4.15,11,3.81,61.36,471,289,Vila Verde,Braga,Norte
2019-12-03 11:13:36,Cabanelas,LOCAL-031308,0.0,0,31,3.32,20,2.14,52.09,1795,935,Vila Verde,Braga,Norte
2019-12-03 11:13:36,Cervães,LOCAL-031309,0.0,0,38,3.86,8,0.81,52.01,1894,985,Vila Verde,Braga,Norte
2019-12-03 11:13:36,Coucieiro,LOCAL-031311,0.0,0,4,1.43,2,0.71,58.33,480,280,Vila Verde,Braga,Norte
2019-12-03 11:13:36,Dossãos,LOCAL-031313,0.0,0,8,2.94,7,2.57,66.5,409,272,Vila Verde,Braga,Norte
2019-12-03 11:13:36,Freiriz,LOCAL-031316,0.0,0,20,3.94,11,2.17,49.85,1019,508,Vila Verde,Braga,Norte
2019-12-03 11:13:36,Gême,LOCAL-031317,0.0,0,6,2.22,6,2.22,57.57,469,270,Vila Verde,Braga,Norte
2019-12-03 11:13:36,Lage,LOCAL-031323,0.0,0,45,3.07,26,1.77,55.47,2641,1465,Vila Verde,Braga,Norte
2019-12-03 11:13:36,Lanhas,LOCAL-031324,0.0,0,9,2.54,7,1.97,64.43,551,355,Vila Verde,Braga,Norte
2019-12-03 11:13:36,Loureira,LOCAL-031325,0.0,0,25,4.33,8,1.39,56.57,1020,577,Vila Verde,Braga,Norte
2019-12-03 11:13:36,Moure,LOCAL-031328,0.0,0,26,3.54,14,1.91,51.51,1425,734,Vila Verde,Braga,Norte
2019-12-03 11:13:36,Oleiros,LOCAL-031330,0.0,0,20,3.13,12,1.88,52.16,1227,640,Vila Verde,Braga,Norte
2019-12-03 11:13:36,Parada de Gatim,LOCAL-031331,0.0,0,10,2.87,4,1.15,46.78,746,349,Vila Verde,Braga,Norte
2019-12-03 11:13:36,Pico,LOCAL-031335,0.0,0,8,2.71,8,2.71,55.35,533,295,Vila Verde,Braga,Norte
2019-12-03 11:13:36,Ponte,LOCAL-031337,0.0,0,4,1.61,3,1.2,52.42,475,249,Vila Verde,Braga,Norte
2019-12-03 11:13:36,Sabariz,LOCAL-031340,0.0,0,12,4.53,2,0.75,62.5,424,265,Vila Verde,Braga,Norte
2019-12-03 11:13:36,Vila de Prado,LOCAL-031342,0.0,0,102,4.45,64,2.79,56.53,4058,2294,Vila Verde,Braga,Norte
2019-12-03 11:13:36,Prado (São Miguel),LOCAL-031350,0.0,0,13,4.11,4,1.27,47.52,665,316,Vila Verde,Braga,Norte
2019-12-03 11:13:36,Soutelo,LOCAL-031352,0.0,0,38,3.33,17,1.49,60.31,1892,1141,Vila Verde,Braga,Norte
2019-12-03 11:13:36,Turiz,LOCAL-031354,0.0,0,29,3.16,17,1.85,55.47,1653,917,Vila Verde,Braga,Norte
2019-12-03 11:13:36,Valdreu,LOCAL-031355,0.0,0,7,2.5,3,1.07,52.14,537,280,Vila Verde,Braga,Norte
2019-12-03 11:13:36,Aboim da Nóbrega e Gondomar,LOCAL-031359,0.0,0,11,2.29,5,1.04,48.05,999,480,Vila Verde,Braga,Norte
2019-12-03 11:13:36,Ribeira do Neiva,LOCAL-031360,0.0,0,79,4.27,51,2.76,51.23,3611,1850,Vila Verde,Braga,Norte
2019-12-03 11:13:36,Carreiras (São Miguel) e Carreiras (Santiago),LOCAL-031361,0.0,0,11,2.41,1,0.22,51.88,879,456,Vila Verde,Braga,Norte
2019-12-03 11:13:36,Escariz (São Mamede) e Escariz (São Martinho),LOCAL-031362,0.0,0,18,4.21,7,1.64,55.01,778,428,Vila Verde,Braga,Norte
2019-12-03 11:13:36,"Esqueiros, Nevogilde e Travassós",LOCAL-031363,0.0,0,19,3.56,7,1.31,61.19,871,533,Vila Verde,Braga,Norte
2019-12-03 11:13:36,Marrancos e Arcozelo,LOCAL-031364,0.0,0,19,3.98,9,1.89,55.72,856,477,Vila Verde,Braga,Norte
2019-12-03 11:13:36,Oriz (Santa Marinha) e Oriz (São Miguel),LOCAL-031365,0.0,0,11,3.26,6,1.78,62.41,540,337,Vila Verde,Braga,Norte
2019-12-03 11:13:36,"Pico de Regalados, Gondiães e Mós",LOCAL-031366,0.0,0,31,3.38,21,2.29,68.82,1331,916,Vila Verde,Braga,Norte
2019-12-03 11:13:36,"Sande, Vilarinho, Barros e Gomide",LOCAL-031367,0.0,0,21,2.69,10,1.28,59.18,1318,780,Vila Verde,Braga,Norte
2019-12-03 11:13:36,"Valbom (São Pedro), Passô e Valbom (São Martinho)",LOCAL-031368,0.0,0,12,3.49,4,1.16,53.92,638,344,Vila Verde,Braga,Norte
2019-12-03 11:13:36,Vade,LOCAL-031369,0.0,0,15,1.67,15,1.67,54.48,1652,900,Vila Verde,Braga,Norte
2019-12-03 11:13:36,Vila Verde e Barbudo,LOCAL-031370,0.0,0,107,3.1,55,1.59,52.58,6560,3449,Vila Verde,Braga,Norte
2019-12-03 11:13:36,Santa Eulália,LOCAL-031401,0.0,0,67,2.49,51,1.9,55.51,4842,2688,Vizela,Braga,Norte
2019-12-03 11:13:36,Infias,LOCAL-031404,0.0,0,30,2.87,12,1.15,63.93,1633,1044,Vizela,Braga,Norte
2019-12-03 11:13:36,Vizela (Santo Adrião),LOCAL-031406,0.0,0,31,2.47,28,2.23,60.7,2066,1254,Vizela,Braga,Norte
2019-12-03 11:13:36,Caldas de Vizela (São Miguel e São João),LOCAL-031408,0.0,0,167,2.8,78,1.31,60.35,9873,5958,Vizela,Braga,Norte
2019-12-03 11:13:36,Tagilde e Vizela (São Paio),LOCAL-031409,0.0,0,38,2.32,20,1.22,57.46,2854,1640,Vizela,Braga,Norte
2019-12-03 11:13:36,Alfândega da Fé,LOCAL-040102,0.0,0,29,2.52,17,1.48,58.12,1982,1152,Alfândega da Fé,Bragança,Norte
2019-12-03 11:13:36,Cerejais,LOCAL-040103,0.0,0,2,2.02,5,5.05,45.83,216,99,Alfândega da Fé,Bragança,Norte
2019-12-03 11:13:36,Sambade,LOCAL-040111,0.0,0,3,1.07,3,1.07,53.54,523,280,Alfândega da Fé,Bragança,Norte
2019-12-03 11:13:36,Vilar Chão,LOCAL-040118,0.0,0,3,2.38,2,1.59,44.68,282,126,Alfândega da Fé,Bragança,Norte
2019-12-03 11:13:36,Vilarelhos,LOCAL-040119,0.0,0,2,1.27,2,1.27,57.25,276,158,Alfândega da Fé,Bragança,Norte
2019-12-03 11:13:36,Vilares de Vilariça,LOCAL-040120,0.0,0,1,0.94,1,0.94,43.8,242,106,Alfândega da Fé,Bragança,Norte
2019-12-03 11:13:36,"Agrobom, Saldonha e Vale Pereiro",LOCAL-040121,0.0,0,2,1.21,0,0.0,48.25,342,165,Alfândega da Fé,Bragança,Norte
2019-12-03 11:13:36,"Eucisia, Gouveia e Valverde",LOCAL-040122,0.0,0,0,0.0,7,3.45,51.26,396,203,Alfândega da Fé,Bragança,Norte
2019-12-03 11:13:36,Ferradosa e Sendim da Serra,LOCAL-040123,0.0,0,2,1.27,2,1.27,57.88,273,158,Alfândega da Fé,Bragança,Norte
2019-12-03 11:13:36,Gebelim e Soeima,LOCAL-040124,0.0,0,2,1.04,10,5.18,49.87,387,193,Alfândega da Fé,Bragança,Norte
2019-12-03 11:13:36,Parada e Sendim da Ribeira,LOCAL-040125,0.0,0,0,0.0,1,0.76,54.36,241,131,Alfândega da Fé,Bragança,Norte
2019-12-03 11:13:36,Pombal e Vales,LOCAL-040126,0.0,0,1,0.85,5,4.24,57.56,205,118,Alfândega da Fé,Bragança,Norte
2019-12-03 11:13:36,Alfaião,LOCAL-040201,0.0,0,2,1.8,1,0.9,57.81,192,111,Bragança,Bragança,Norte
2019-12-03 11:13:36,Babe,LOCAL-040203,0.0,0,2,1.85,4,3.7,34.18,316,108,Bragança,Bragança,Norte
2019-12-03 11:13:36,Baçal,LOCAL-040204,0.0,0,5,1.96,9,3.53,48.02,531,255,Bragança,Bragança,Norte
2019-12-03 11:13:36,Carragosa,LOCAL-040206,0.0,0,1,0.99,4,3.96,40.4,250,101,Bragança,Bragança,Norte
2019-12-03 11:13:36,Castro de Avelãs,LOCAL-040209,0.0,0,5,3.03,3,1.82,47.55,347,165,Bragança,Bragança,Norte
2019-12-03 11:13:36,Coelhoso,LOCAL-040210,0.0,0,2,1.18,4,2.37,34.99,483,169,Bragança,Bragança,Norte
2019-12-03 11:13:36,Donai,LOCAL-040212,0.0,0,7,3.1,2,0.88,49.45,457,226,Bragança,Bragança,Norte
2019-12-03 11:13:36,Espinhosela,LOCAL-040213,0.0,0,2,1.35,3,2.03,54.81,270,148,Bragança,Bragança,Norte
2019-12-03 11:13:36,França,LOCAL-040215,0.0,0,1,0.85,2,1.69,40.69,290,118,Bragança,Bragança,Norte
2019-12-03 11:13:36,Gimonde,LOCAL-040216,0.0,0,9,5.0,1,0.56,45.34,397,180,Bragança,Bragança,Norte
2019-12-03 11:13:36,Gondesende,LOCAL-040217,0.0,0,0,0.0,0,0.0,40.96,188,77,Bragança,Bragança,Norte
2019-12-03 11:13:36,Gostei,LOCAL-040218,0.0,0,3,1.55,2,1.04,43.57,443,193,Bragança,Bragança,Norte
2019-12-03 11:13:36,Grijó de Parada,LOCAL-040219,0.0,0,0,0.0,3,2.16,38.19,364,139,Bragança,Bragança,Norte
2019-12-03 11:13:36,Macedo do Mato,LOCAL-040221,0.0,0,1,0.91,4,3.64,39.15,281,110,Bragança,Bragança,Norte
2019-12-03 11:13:36,Mós,LOCAL-040224,0.0,0,4,5.63,4,5.63,27.31,260,71,Bragança,Bragança,Norte
2019-12-03 11:13:36,Nogueira,LOCAL-040225,0.0,0,5,2.29,4,1.83,45.42,480,218,Bragança,Bragança,Norte
2019-12-03 11:13:36,Outeiro,LOCAL-040226,0.0,0,2,1.63,3,2.44,38.92,316,123,Bragança,Bragança,Norte
2019-12-03 11:13:36,Parâmio,LOCAL-040229,0.0,0,1,1.18,2,2.35,33.07,257,85,Bragança,Bragança,Norte
2019-12-03 11:13:36,Pinela,LOCAL-040230,0.0,0,0,0.0,4,3.77,33.02,321,106,Bragança,Bragança,Norte
2019-12-03 11:13:36,Quintanilha,LOCAL-040232,0.0,0,4,3.15,5,3.94,51.0,249,127,Bragança,Bragança,Norte
2019-12-03 11:13:36,Quintela de Lampaças,LOCAL-040233,0.0,0,2,2.06,1,1.03,34.52,281,97,Bragança,Bragança,Norte
2019-12-03 11:13:36,Rabal,LOCAL-040234,0.0,0,2,1.92,3,2.88,40.78,255,104,Bragança,Bragança,Norte
2019-12-03 11:13:36,Rebordãos,LOCAL-040236,0.0,0,10,4.74,3,1.42,37.61,561,211,Bragança,Bragança,Norte
2019-12-03 11:13:36,Salsas,LOCAL-040239,0.0,0,0,0.0,6,4.26,31.97,441,141,Bragança,Bragança,Norte
2019-12-03 11:13:36,Samil,LOCAL-040240,0.0,0,16,3.13,9,1.76,47.45,1077,511,Bragança,Bragança,Norte
2019-12-03 11:13:36,Santa Comba de Rossas,LOCAL-040241,0.0,0,3,2.31,2,1.54,36.31,358,130,Bragança,Bragança,Norte
2019-12-03 11:13:36,São Pedro de Sarracenos,LOCAL-040244,0.0,0,5,2.62,2,1.05,52.76,362,191,Bragança,Bragança,Norte
2019-12-03 11:13:36,Sendas,LOCAL-040246,0.0,0,2,1.63,2,1.63,60.0,205,123,Bragança,Bragança,Norte
2019-12-03 11:13:36,Serapicos,LOCAL-040247,0.0,0,6,5.83,2,1.94,31.21,330,103,Bragança,Bragança,Norte
2019-12-03 11:13:36,Sortes,LOCAL-040248,0.0,0,4,3.6,3,2.7,36.63,303,111,Bragança,Bragança,Norte
2019-12-03 11:13:36,Zoio,LOCAL-040249,0.0,0,2,2.6,2,2.6,47.24,163,77,Bragança,Bragança,Norte
2019-12-03 11:13:36,Aveleda e Rio de Onor,LOCAL-040250,0.0,0,3,1.82,2,1.21,40.05,412,165,Bragança,Bragança,Norte
2019-12-03 11:13:36,Castrelos e Carrazedo,LOCAL-040251,0.0,0,2,1.57,4,3.15,47.21,269,127,Bragança,Bragança,Norte
2019-12-03 11:13:36,"Izeda, Calvelhe e Paradinha Nova",LOCAL-040252,0.0,0,7,1.7,11,2.68,34.57,1189,411,Bragança,Bragança,Norte
2019-12-03 11:13:36,Parada e Faílde,LOCAL-040253,0.0,0,4,1.29,7,2.26,36.0,861,310,Bragança,Bragança,Norte
2019-12-03 11:13:36,Rebordainhos e Pombares,LOCAL-040254,0.0,0,1,0.95,1,0.95,42.34,248,105,Bragança,Bragança,Norte
2019-12-03 11:13:36,Rio Frio e Milhão,LOCAL-040255,0.0,0,9,3.85,4,1.71,57.07,410,234,Bragança,Bragança,Norte
2019-12-03 11:13:36,São Julião de Palácios e Deilão,LOCAL-040256,0.0,0,2,1.08,4,2.16,33.51,552,185,Bragança,Bragança,Norte
2019-12-03 11:13:36,"Sé, Santa Maria e Meixedo",LOCAL-040257,0.0,0,226,2.38,190,2.0,44.64,21243,9483,Bragança,Bragança,Norte
2019-12-03 11:13:36,Carrazeda de Ansiães,LOCAL-040304,0.0,0,31,3.79,16,1.96,50.94,1604,817,Carrazeda de Ansiães,Bragança,Norte
2019-12-03 11:13:36,Fonte Longa,LOCAL-040306,0.0,0,1,0.83,5,4.13,41.87,289,121,Carrazeda de Ansiães,Bragança,Norte
2019-12-03 11:13:36,Linhares,LOCAL-040308,0.0,0,8,3.96,10,4.95,42.98,470,202,Carrazeda de Ansiães,Bragança,Norte
2019-12-03 11:13:36,Marzagão,LOCAL-040309,0.0,0,2,1.32,7,4.61,50.84,299,152,Carrazeda de Ansiães,Bragança,Norte
2019-12-03 11:13:36,Parambos,LOCAL-040311,0.0,0,2,1.6,0,0.0,57.34,218,125,Carrazeda de Ansiães,Bragança,Norte
2019-12-03 11:13:36,Pereiros,LOCAL-040312,0.0,0,5,4.35,2,1.74,50.88,226,115,Carrazeda de Ansiães,Bragança,Norte
2019-12-03 11:13:36,Pinhal do Norte,LOCAL-040313,0.0,0,5,4.67,2,1.87,41.8,256,107,Carrazeda de Ansiães,Bragança,Norte
2019-12-03 11:13:36,Pombal,LOCAL-040314,0.0,0,3,1.94,10,6.45,56.36,275,155,Carrazeda de Ansiães,Bragança,Norte
2019-12-03 11:13:36,Seixo de Ansiães,LOCAL-040316,0.0,0,1,0.65,6,3.92,49.84,307,153,Carrazeda de Ansiães,Bragança,Norte
2019-12-03 11:13:36,Vilarinho da Castanheira,LOCAL-040318,0.0,0,0,0.0,7,3.45,37.73,538,203,Carrazeda de Ansiães,Bragança,Norte
2019-12-03 11:13:36,Amedo e Zedes,LOCAL-040320,0.0,0,3,1.58,5,2.63,37.77,503,190,Carrazeda de Ansiães,Bragança,Norte
2019-12-03 11:13:36,Belver e Mogo de Malta,LOCAL-040321,0.0,0,5,2.33,4,1.86,52.83,407,215,Carrazeda de Ansiães,Bragança,Norte
2019-12-03 11:13:36,Castanheiro do Norte e Ribalonga,LOCAL-040322,0.0,0,6,2.17,2,0.72,56.1,492,276,Carrazeda de Ansiães,Bragança,Norte
2019-12-03 11:13:36,"Lavandeira, Beira Grande e Selores",LOCAL-040323,0.0,0,9,4.09,7,3.18,48.35,455,220,Carrazeda de Ansiães,Bragança,Norte
2019-12-03 11:13:36,Ligares,LOCAL-040404,0.0,0,2,1.37,3,2.05,43.45,336,146,Freixo de Espada à Cinta,Bragança,Norte
2019-12-03 11:13:36,Poiares,LOCAL-040406,0.0,0,9,5.59,8,4.97,44.85,359,161,Freixo de Espada à Cinta,Bragança,Norte
2019-12-03 11:13:36,Freixo de Espada à Cinta e Mazouco,LOCAL-040407,0.0,0,10,1.09,20,2.18,44.95,2038,916,Freixo de Espada à Cinta,Bragança,Norte
2019-12-03 11:13:36,Lagoaça e Fornos,LOCAL-040408,0.0,0,1,0.41,13,5.39,47.16,511,241,Freixo de Espada à Cinta,Bragança,Norte
2019-12-03 11:13:36,Amendoeira,LOCAL-040502,0.0,0,10,3.89,10,3.89,58.94,436,257,Macedo de Cavaleiros,Bragança,Norte
2019-12-03 11:13:36,Arcas,LOCAL-040503,0.0,0,2,1.24,1,0.62,43.63,369,161,Macedo de Cavaleiros,Bragança,Norte
2019-12-03 11:13:36,Carrapatas,LOCAL-040507,0.0,0,4,3.88,7,6.8,45.98,224,103,Macedo de Cavaleiros,Bragança,Norte
2019-12-03 11:13:36,Chacim,LOCAL-040509,0.0,0,0,0.0,6,4.35,38.23,361,138,Macedo de Cavaleiros,Bragança,Norte
2019-12-03 11:13:36,Cortiços,LOCAL-040510,0.0,0,1,0.61,4,2.45,42.56,383,163,Macedo de Cavaleiros,Bragança,Norte
2019-12-03 11:13:36,Corujas,LOCAL-040511,0.0,0,1,0.95,2,1.9,50.97,206,105,Macedo de Cavaleiros,Bragança,Norte
2019-12-03 11:13:36,Ferreira,LOCAL-040514,0.0,0,0,0.0,2,1.57,32.65,389,127,Macedo de Cavaleiros,Bragança,Norte
2019-12-03 11:13:36,Grijó,LOCAL-040515,0.0,0,5,2.92,4,2.34,34.2,500,171,Macedo de Cavaleiros,Bragança,Norte
2019-12-03 11:13:36,Lagoa,LOCAL-040516,0.0,0,4,2.42,4,2.42,41.67,396,165,Macedo de Cavaleiros,Bragança,Norte
2019-12-03 11:13:36,Lamalonga,LOCAL-040517,0.0,0,4,2.9,1,0.72,31.44,439,138,Macedo de Cavaleiros,Bragança,Norte
2019-12-03 11:13:36,Lamas,LOCAL-040518,0.0,0,0,0.0,3,2.04,45.51,323,147,Macedo de Cavaleiros,Bragança,Norte
2019-12-03 11:13:36,Lombo,LOCAL-040519,0.0,0,6,3.66,3,1.83,50.93,322,164,Macedo de Cavaleiros,Bragança,Norte
2019-12-03 11:13:36,Macedo de Cavaleiros,LOCAL-040520,0.0,0,52,1.69,80,2.59,49.09,6285,3085,Macedo de Cavaleiros,Bragança,Norte
2019-12-03 11:13:36,Morais,LOCAL-040521,0.0,0,4,1.74,5,2.17,32.49,708,230,Macedo de Cavaleiros,Bragança,Norte
2019-12-03 11:13:36,Olmos,LOCAL-040523,0.0,0,2,1.77,4,3.54,42.48,266,113,Macedo de Cavaleiros,Bragança,Norte
2019-12-03 11:13:36,Peredo,LOCAL-040524,0.0,0,2,1.83,1,0.92,44.67,244,109,Macedo de Cavaleiros,Bragança,Norte
2019-12-03 11:13:36,Salselas,LOCAL-040526,0.0,0,4,1.92,2,0.96,45.02,462,208,Macedo de Cavaleiros,Bragança,Norte
2019-12-03 11:13:36,Sezulfe,LOCAL-040528,0.0,0,0,0.0,5,3.38,44.05,336,148,Macedo de Cavaleiros,Bragança,Norte
2019-12-03 11:13:36,Talhas,LOCAL-040530,0.0,0,1,0.63,2,1.25,32.13,498,160,Macedo de Cavaleiros,Bragança,Norte
2019-12-03 11:13:36,Vale Benfeito,LOCAL-040532,0.0,0,4,3.54,3,2.65,45.02,251,113,Macedo de Cavaleiros,Bragança,Norte
2019-12-03 11:13:36,Vale da Porca,LOCAL-040533,0.0,0,0,0.0,2,1.33,42.49,353,150,Macedo de Cavaleiros,Bragança,Norte
2019-12-03 11:13:36,Vale de Prados,LOCAL-040534,0.0,0,4,1.83,4,1.83,42.33,515,218,Macedo de Cavaleiros,Bragança,Norte
2019-12-03 11:13:36,Vilarinho de Agrochão,LOCAL-040536,0.0,0,0,0.0,1,0.88,46.91,243,114,Macedo de Cavaleiros,Bragança,Norte
2019-12-03 11:13:36,Vinhas,LOCAL-040538,0.0,0,4,4.08,0,0.0,31.92,307,98,Macedo de Cavaleiros,Bragança,Norte
2019-12-03 11:13:36,Ala e Vilarinho do Monte,LOCAL-040539,0.0,0,5,1.81,9,3.26,44.09,626,276,Macedo de Cavaleiros,Bragança,Norte
2019-12-03 11:13:36,Bornes e Burga,LOCAL-040540,0.0,0,5,2.58,3,1.55,34.64,560,194,Macedo de Cavaleiros,Bragança,Norte
2019-12-03 11:13:36,Castelãos e Vilar do Monte,LOCAL-040541,0.0,0,7,3.17,7,3.17,50.8,435,221,Macedo de Cavaleiros,Bragança,Norte
2019-12-03 11:13:36,"Espadanedo, Edroso, Murçós e Soutelo Mourisco",LOCAL-040542,0.0,0,11,4.51,4,1.64,33.94,719,244,Macedo de Cavaleiros,Bragança,Norte
2019-12-03 11:13:36,Podence e Santa Combinha,LOCAL-040543,0.0,0,2,1.11,2,1.11,40.54,444,180,Macedo de Cavaleiros,Bragança,Norte
2019-12-03 11:13:36,Talhinhas e Bagueixe,LOCAL-040544,0.0,0,1,0.56,1,0.56,40.45,440,178,Macedo de Cavaleiros,Bragança,Norte
2019-12-03 11:13:36,Duas Igrejas,LOCAL-040604,0.0,0,5,1.87,8,3.0,39.38,678,267,Miranda do Douro,Bragança,Norte
2019-12-03 11:13:36,Genísio,LOCAL-040605,0.0,0,4,4.0,0,0.0,43.67,229,100,Miranda do Douro,Bragança,Norte
2019-12-03 11:13:36,Malhadas,LOCAL-040607,0.0,0,10,6.85,5,3.42,36.78,397,146,Miranda do Douro,Bragança,Norte
2019-12-03 11:13:36,Miranda do Douro,LOCAL-040608,0.0,0,22,2.3,15,1.57,49.35,1935,955,Miranda do Douro,Bragança,Norte
2019-12-03 11:13:36,Palaçoulo,LOCAL-040609,0.0,0,11,4.91,7,3.13,45.81,489,224,Miranda do Douro,Bragança,Norte
2019-12-03 11:13:36,Picote,LOCAL-040611,0.0,0,4,2.86,6,4.29,48.78,287,140,Miranda do Douro,Bragança,Norte
2019-12-03 11:13:36,Póvoa,LOCAL-040612,0.0,0,3,2.78,1,0.93,53.47,202,108,Miranda do Douro,Bragança,Norte
2019-12-03 11:13:36,São Martinho de Angueira,LOCAL-040613,0.0,0,1,0.8,4,3.2,35.01,357,125,Miranda do Douro,Bragança,Norte
2019-12-03 11:13:36,Vila Chã de Braciosa,LOCAL-040616,0.0,0,7,3.95,10,5.65,48.76,363,177,Miranda do Douro,Bragança,Norte
2019-12-03 11:13:36,Constantim e Cicouro,LOCAL-040618,0.0,0,2,1.9,0,0.0,45.65,230,105,Miranda do Douro,Bragança,Norte
2019-12-03 11:13:36,Ifanes e Paradela,LOCAL-040619,0.0,0,4,2.56,4,2.56,52.35,298,156,Miranda do Douro,Bragança,Norte
2019-12-03 11:13:36,Sendim e Atenor,LOCAL-040620,0.0,0,16,2.65,16,2.65,42.46,1420,603,Miranda do Douro,Bragança,Norte
2019-12-03 11:13:36,Silva e Águas Vivas,LOCAL-040621,0.0,0,3,1.28,3,1.28,42.04,559,235,Miranda do Douro,Bragança,Norte
2019-12-03 11:13:36,Abambres,LOCAL-040701,0.0,0,3,1.75,4,2.34,42.54,402,171,Mirandela,Bragança,Norte
2019-12-03 11:13:36,Abreiro,LOCAL-040702,0.0,0,2,1.59,8,6.35,47.91,263,126,Mirandela,Bragança,Norte
2019-12-03 11:13:36,Aguieiras,LOCAL-040703,0.0,0,1,0.77,4,3.08,37.36,348,130,Mirandela,Bragança,Norte
2019-12-03 11:13:36,Alvites,LOCAL-040704,0.0,0,3,3.66,3,3.66,31.18,263,82,Mirandela,Bragança,Norte
2019-12-03 11:13:36,Bouça,LOCAL-040708,0.0,0,5,3.21,4,2.56,47.27,330,156,Mirandela,Bragança,Norte
2019-12-03 11:13:36,Cabanelas,LOCAL-040709,0.0,0,4,2.38,3,1.79,41.79,402,168,Mirandela,Bragança,Norte
2019-12-03 11:13:36,Caravelas,LOCAL-040710,0.0,0,6,6.67,4,4.44,40.91,220,90,Mirandela,Bragança,Norte
2019-12-03 11:13:36,Carvalhais,LOCAL-040711,0.0,0,5,0.87,15,2.6,45.35,1270,576,Mirandela,Bragança,Norte
2019-12-03 11:13:36,Cedães,LOCAL-040712,0.0,0,2,1.06,11,5.85,48.33,389,188,Mirandela,Bragança,Norte
2019-12-03 11:13:36,Cobro,LOCAL-040713,0.0,0,0,0.0,1,1.41,44.1,161,71,Mirandela,Bragança,Norte
2019-12-03 11:13:36,Fradizela,LOCAL-040714,0.0,0,0,0.0,2,1.63,44.89,274,123,Mirandela,Bragança,Norte
2019-12-03 11:13:36,Frechas,LOCAL-040716,0.0,0,12,2.7,12,2.7,50.74,877,445,Mirandela,Bragança,Norte
2019-12-03 11:13:36,Lamas de Orelhão,LOCAL-040718,0.0,0,4,1.65,4,1.65,50.41,482,243,Mirandela,Bragança,Norte
2019-12-03 11:13:36,Mascarenhas,LOCAL-040720,0.0,0,7,2.57,4,1.47,46.1,590,272,Mirandela,Bragança,Norte
2019-12-03 11:13:36,Mirandela,LOCAL-040721,0.0,0,105,2.02,94,1.81,47.23,10992,5192,Mirandela,Bragança,Norte
2019-12-03 11:13:36,Múrias,LOCAL-040722,0.0,0,2,1.27,3,1.9,46.47,340,158,Mirandela,Bragança,Norte
2019-12-03 11:13:36,Passos,LOCAL-040724,0.0,0,2,0.91,4,1.82,52.38,420,220,Mirandela,Bragança,Norte
2019-12-03 11:13:36,São Pedro Velho,LOCAL-040727,0.0,0,2,1.43,2,1.43,42.04,333,140,Mirandela,Bragança,Norte
2019-12-03 11:13:36,São Salvador,LOCAL-040728,0.0,0,4,3.85,2,1.92,46.22,225,104,Mirandela,Bragança,Norte
2019-12-03 11:13:36,Suçães,LOCAL-040729,0.0,0,9,3.16,7,2.46,45.17,631,285,Mirandela,Bragança,Norte
2019-12-03 11:13:36,Torre de Dona Chama,LOCAL-040730,0.0,0,6,1.49,11,2.72,38.04,1062,404,Mirandela,Bragança,Norte
2019-12-03 11:13:36,Vale de Asnes,LOCAL-040731,0.0,0,1,0.96,5,4.81,33.44,311,104,Mirandela,Bragança,Norte
2019-12-03 11:13:36,Vale de Gouvinhas,LOCAL-040732,0.0,0,2,1.4,2,1.4,37.73,379,143,Mirandela,Bragança,Norte
2019-12-03 11:13:36,Vale de Salgueiro,LOCAL-040733,0.0,0,3,1.42,1,0.47,54.52,387,211,Mirandela,Bragança,Norte
2019-12-03 11:13:36,Vale de Telhas,LOCAL-040734,0.0,0,2,1.92,6,5.77,33.44,311,104,Mirandela,Bragança,Norte
2019-12-03 11:13:36,Avantos e Romeu,LOCAL-040738,0.0,0,0,0.0,2,1.29,39.85,389,155,Mirandela,Bragança,Norte
2019-12-03 11:13:36,"Avidagos, Navalho e Pereira",LOCAL-040739,0.0,0,4,1.54,8,3.09,52.11,497,259,Mirandela,Bragança,Norte
2019-12-03 11:13:36,"Barcel, Marmelos e Valverde da Gestosa",LOCAL-040740,0.0,0,3,1.68,4,2.23,43.45,412,179,Mirandela,Bragança,Norte
2019-12-03 11:13:36,Franco e Vila Boa,LOCAL-040741,0.0,0,2,1.3,4,2.6,44.51,346,154,Mirandela,Bragança,Norte
2019-12-03 11:13:36,Freixeda e Vila Verde,LOCAL-040742,0.0,0,1,1.12,2,2.25,52.98,168,89,Mirandela,Bragança,Norte
2019-12-03 11:13:36,Azinhoso,LOCAL-040801,0.0,0,1,0.65,0,0.0,42.62,359,153,Mogadouro,Bragança,Norte
2019-12-03 11:13:36,Bemposta,LOCAL-040802,0.0,0,3,1.12,13,4.87,37.66,709,267,Mogadouro,Bragança,Norte
2019-12-03 11:13:36,Bruçó,LOCAL-040803,0.0,0,4,4.04,8,8.08,58.24,170,99,Mogadouro,Bragança,Norte
2019-12-03 11:13:36,Brunhoso,LOCAL-040804,0.0,0,0,0.0,2,1.63,37.16,331,123,Mogadouro,Bragança,Norte
2019-12-03 11:13:36,Castelo Branco,LOCAL-040807,0.0,0,2,0.74,8,2.95,53.03,511,271,Mogadouro,Bragança,Norte
2019-12-03 11:13:36,Castro Vicente,LOCAL-040808,0.0,0,3,1.89,6,3.77,42.74,372,159,Mogadouro,Bragança,Norte
2019-12-03 11:13:36,Meirinhos,LOCAL-040809,0.0,0,3,1.85,4,2.47,53.82,301,162,Mogadouro,Bragança,Norte
2019-12-03 11:13:36,Paradela,LOCAL-040811,0.0,0,0,0.0,1,0.97,57.87,178,103,Mogadouro,Bragança,Norte
2019-12-03 11:13:36,Penas Roias,LOCAL-040812,0.0,0,1,0.58,2,1.17,42.43,403,171,Mogadouro,Bragança,Norte
2019-12-03 11:13:36,Peredo da Bemposta,LOCAL-040813,0.0,0,2,1.46,0,0.0,57.81,237,137,Mogadouro,Bragança,Norte
2019-12-03 11:13:36,Saldanha,LOCAL-040815,0.0,0,3,3.26,1,1.09,55.76,165,92,Mogadouro,Bragança,Norte
2019-12-03 11:13:36,São Martinho do Peso,LOCAL-040817,0.0,0,2,1.25,2,1.25,33.47,478,160,Mogadouro,Bragança,Norte
2019-12-03 11:13:36,Tó,LOCAL-040819,0.0,0,2,1.8,1,0.9,55.5,200,111,Mogadouro,Bragança,Norte
2019-12-03 11:13:36,Travanca,LOCAL-040820,0.0,0,1,1.19,3,3.57,47.46,177,84,Mogadouro,Bragança,Norte
2019-12-03 11:13:36,Urrós,LOCAL-040821,0.0,0,6,3.82,3,1.91,43.01,365,157,Mogadouro,Bragança,Norte
2019-12-03 11:13:36,Vale da Madre,LOCAL-040822,0.0,0,1,1.06,3,3.19,60.26,156,94,Mogadouro,Bragança,Norte
2019-12-03 11:13:36,Vila de Ala,LOCAL-040826,0.0,0,4,2.8,2,1.4,51.44,278,143,Mogadouro,Bragança,Norte
2019-12-03 11:13:36,"Brunhozinho, Castanheira e Sanhoane",LOCAL-040829,0.0,0,2,1.19,4,2.38,54.37,309,168,Mogadouro,Bragança,Norte
2019-12-03 11:13:36,"Mogadouro, Valverde, Vale de Porco e Vilar de Rei",LOCAL-040830,0.0,0,54,3.08,53,3.02,46.75,3754,1755,Mogadouro,Bragança,Norte
2019-12-03 11:13:36,Remondes e Soutelo,LOCAL-040831,0.0,0,3,1.55,2,1.03,37.09,523,194,Mogadouro,Bragança,Norte
2019-12-03 11:13:36,Vilarinho dos Galegos e Ventozelo,LOCAL-040832,0.0,0,4,2.09,8,4.19,43.31,441,191,Mogadouro,Bragança,Norte
2019-12-03 11:13:36,Açoreira,LOCAL-040901,0.0,0,3,1.69,0,0.0,42.75,414,177,Torre de Moncorvo,Bragança,Norte
2019-12-03 11:13:36,Cabeça Boa,LOCAL-040903,0.0,0,2,1.22,4,2.44,39.23,418,164,Torre de Moncorvo,Bragança,Norte
2019-12-03 11:13:36,Carviçais,LOCAL-040905,0.0,0,5,1.54,7,2.16,45.83,707,324,Torre de Moncorvo,Bragança,Norte
2019-12-03 11:13:36,Castedo,LOCAL-040906,0.0,0,2,2.22,3,3.33,48.39,186,90,Torre de Moncorvo,Bragança,Norte
2019-12-03 11:13:36,Horta da Vilariça,LOCAL-040909,0.0,0,2,1.72,7,6.03,38.03,305,116,Torre de Moncorvo,Bragança,Norte
2019-12-03 11:13:36,Larinho,LOCAL-040910,0.0,0,6,3.03,10,5.05,45.52,435,198,Torre de Moncorvo,Bragança,Norte
2019-12-03 11:13:36,Lousa,LOCAL-040911,0.0,0,2,1.27,5,3.18,35.28,445,157,Torre de Moncorvo,Bragança,Norte
2019-12-03 11:13:36,Mós,LOCAL-040913,0.0,0,6,6.45,1,1.08,52.25,178,93,Torre de Moncorvo,Bragança,Norte
2019-12-03 11:13:36,Torre de Moncorvo,LOCAL-040916,0.0,0,36,2.71,26,1.96,51.02,2599,1326,Torre de Moncorvo,Bragança,Norte
2019-12-03 11:13:36,Adeganha e Cardanha,LOCAL-040918,0.0,0,2,0.77,2,0.77,41.64,622,259,Torre de Moncorvo,Bragança,Norte
2019-12-03 11:13:36,Felgar e Souto da Velha,LOCAL-040919,0.0,0,9,1.83,13,2.64,45.99,1072,493,Torre de Moncorvo,Bragança,Norte
2019-12-03 11:13:36,Felgueiras e Maçores,LOCAL-040920,0.0,0,3,1.37,2,0.91,49.89,439,219,Torre de Moncorvo,Bragança,Norte
2019-12-03 11:13:36,Urros e Peredo dos Castelhanos,LOCAL-040921,0.0,0,6,3.3,2,1.1,41.18,442,182,Torre de Moncorvo,Bragança,Norte
2019-12-03 11:13:36,Benlhevai,LOCAL-041002,0.0,0,2,1.71,2,1.71,62.9,186,117,Vila Flor,Bragança,Norte
2019-12-03 11:13:36,Freixiel,LOCAL-041005,0.0,0,4,1.25,7,2.19,46.57,685,319,Vila Flor,Bragança,Norte
2019-12-03 11:13:36,Roios,LOCAL-041009,0.0,0,3,2.88,2,1.92,64.2,162,104,Vila Flor,Bragança,Norte
2019-12-03 11:13:36,Samões,LOCAL-041010,0.0,0,4,2.3,7,4.02,44.5,391,174,Vila Flor,Bragança,Norte
2019-12-03 11:13:36,Sampaio,LOCAL-041011,0.0,0,2,2.53,2,2.53,48.47,163,79,Vila Flor,Bragança,Norte
2019-12-03 11:13:36,Santa Comba de Vilariça,LOCAL-041012,0.0,0,5,2.31,5,2.31,47.47,455,216,Vila Flor,Bragança,Norte
2019-12-03 11:13:36,Seixo de Manhoses,LOCAL-041013,0.0,0,6,2.59,4,1.72,48.33,480,232,Vila Flor,Bragança,Norte
2019-12-03 11:13:36,Trindade,LOCAL-041014,0.0,0,2,2.3,0,0.0,53.37,163,87,Vila Flor,Bragança,Norte
2019-12-03 11:13:36,Vale Frechoso,LOCAL-041015,0.0,0,1,0.96,5,4.81,58.43,178,104,Vila Flor,Bragança,Norte
2019-12-03 11:13:36,Assares e Lodões,LOCAL-041020,0.0,0,2,1.74,2,1.74,40.64,283,115,Vila Flor,Bragança,Norte
2019-12-03 11:13:36,Candoso e Carvalho de Egas,LOCAL-041021,0.0,0,1,0.65,2,1.29,48.29,321,155,Vila Flor,Bragança,Norte
2019-12-03 11:13:36,Valtorno e Mourão,LOCAL-041022,0.0,0,3,1.57,1,0.52,45.05,424,191,Vila Flor,Bragança,Norte
2019-12-03 11:13:36,Vila Flor e Nabo,LOCAL-041023,0.0,0,30,2.7,20,1.8,47.71,2333,1113,Vila Flor,Bragança,Norte
2019-12-03 11:13:36,Vilas Boas e Vilarinho das Azenhas,LOCAL-041024,0.0,0,6,1.75,8,2.33,47.84,717,343,Vila Flor,Bragança,Norte
2019-12-03 11:13:36,Argozelo,LOCAL-041103,0.0,0,3,0.85,9,2.54,39.27,904,355,Vimioso,Bragança,Norte
2019-12-03 11:13:36,Carção,LOCAL-041107,0.0,0,8,5.06,8,5.06,27.72,570,158,Vimioso,Bragança,Norte
2019-12-03 11:13:36,Matela,LOCAL-041108,0.0,0,2,1.69,2,1.69,35.65,331,118,Vimioso,Bragança,Norte
2019-12-03 11:13:36,Pinelo,LOCAL-041109,0.0,0,2,1.56,4,3.13,51.41,249,128,Vimioso,Bragança,Norte
2019-12-03 11:13:36,Santulhão,LOCAL-041110,0.0,0,1,0.5,6,3.02,31.79,626,199,Vimioso,Bragança,Norte
2019-12-03 11:13:36,Vilar Seco,LOCAL-041113,0.0,0,4,3.96,3,2.97,49.03,206,101,Vimioso,Bragança,Norte
2019-12-03 11:13:36,Vimioso,LOCAL-041114,0.0,0,9,1.55,14,2.42,42.02,1378,579,Vimioso,Bragança,Norte
2019-12-03 11:13:36,"Algoso, Campo de Víboras e Uva",LOCAL-041115,0.0,0,4,1.13,4,1.13,44.77,793,355,Vimioso,Bragança,Norte
2019-12-03 11:13:36,Caçarelhos e Angueira,LOCAL-041116,0.0,0,4,1.89,3,1.42,61.1,347,212,Vimioso,Bragança,Norte
2019-12-03 11:13:36,Vale de Frades e Avelanoso,LOCAL-041117,0.0,0,3,1.92,1,0.64,38.81,402,156,Vimioso,Bragança,Norte
2019-12-03 11:13:36,Agrochão,LOCAL-041201,0.0,0,3,2.34,2,1.56,48.12,266,128,Vinhais,Bragança,Norte
2019-12-03 11:13:36,Candedo,LOCAL-041203,0.0,0,3,2.14,2,1.43,39.66,353,140,Vinhais,Bragança,Norte
2019-12-03 11:13:36,Celas,LOCAL-041204,0.0,0,1,1.08,0,0.0,33.1,281,93,Vinhais,Bragança,Norte
2019-12-03 11:13:36,Edral,LOCAL-041206,0.0,0,0,0.0,0,0.0,34.62,260,90,Vinhais,Bragança,Norte
2019-12-03 11:13:36,Edrosa,LOCAL-041207,0.0,0,0,0.0,2,2.35,43.15,197,85,Vinhais,Bragança,Norte
2019-12-03 11:13:36,Ervedosa,LOCAL-041208,0.0,0,1,0.56,5,2.79,41.06,436,179,Vinhais,Bragança,Norte
2019-12-03 11:13:36,Paçó,LOCAL-041215,0.0,0,3,3.13,1,1.04,40.17,239,96,Vinhais,Bragança,Norte
2019-12-03 11:13:36,Penhas Juntas,LOCAL-041216,0.0,0,2,1.45,3,2.17,46.0,300,138,Vinhais,Bragança,Norte
2019-12-03 11:13:36,Rebordelo,LOCAL-041219,0.0,0,4,1.27,4,1.27,46.54,679,316,Vinhais,Bragança,Norte
2019-12-03 11:13:36,Santalha,LOCAL-041221,0.0,0,0,0.0,1,0.83,37.38,321,120,Vinhais,Bragança,Norte
2019-12-03 11:13:36,Tuizelo,LOCAL-041226,0.0,0,1,0.76,1,0.76,30.34,435,132,Vinhais,Bragança,Norte
2019-12-03 11:13:36,Vale das Fontes,LOCAL-041227,0.0,0,1,0.59,4,2.35,44.16,385,170,Vinhais,Bragança,Norte
2019-12-03 11:13:36,Vila Boa de Ousilhão,LOCAL-041229,0.0,0,4,5.71,7,10.0,40.94,171,70,Vinhais,Bragança,Norte
2019-12-03 11:13:36,Vila Verde,LOCAL-041230,0.0,0,0,0.0,2,2.06,42.92,226,97,Vinhais,Bragança,Norte
2019-12-03 11:13:36,Vilar de Ossos,LOCAL-041232,0.0,0,1,0.88,3,2.65,42.01,269,113,Vinhais,Bragança,Norte
2019-12-03 11:13:36,Vilar de Peregrinos,LOCAL-041233,0.0,0,2,2.63,0,0.0,40.43,188,76,Vinhais,Bragança,Norte
2019-12-03 11:13:36,Vilar Seco de Lomba,LOCAL-041234,0.0,0,0,0.0,3,2.42,44.6,278,124,Vinhais,Bragança,Norte
2019-12-03 11:13:36,Vinhais,LOCAL-041235,0.0,0,11,1.07,21,2.03,47.47,2174,1032,Vinhais,Bragança,Norte
2019-12-03 11:13:36,Curopos e Vale de Janeiro,LOCAL-041236,0.0,0,3,1.9,3,1.9,40.51,390,158,Vinhais,Bragança,Norte
2019-12-03 11:13:36,Moimenta e Montouto,LOCAL-041237,0.0,0,3,2.91,3,2.91,34.22,301,103,Vinhais,Bragança,Norte
2019-12-03 11:13:36,Nunes e Ousilhão,LOCAL-041238,0.0,0,2,1.54,4,3.08,50.58,257,130,Vinhais,Bragança,Norte
2019-12-03 11:13:36,Quirás e Pinheiro Novo,LOCAL-041239,0.0,0,1,0.96,3,2.88,26.8,388,104,Vinhais,Bragança,Norte
2019-12-03 11:13:36,Sobreiro de Baixo e Alvaredos,LOCAL-041240,0.0,0,2,1.16,4,2.31,35.23,491,173,Vinhais,Bragança,Norte
2019-12-03 11:13:36,"Soeira, Fresulfe e Mofreita",LOCAL-041241,0.0,0,6,5.56,5,4.63,43.9,246,108,Vinhais,Bragança,Norte
2019-12-03 11:13:36,Travanca e Santa Cruz,LOCAL-041242,0.0,0,2,1.71,1,0.85,66.86,175,117,Vinhais,Bragança,Norte
2019-12-03 11:13:36,Vilar de Lomba e São Jomil,LOCAL-041243,0.0,0,2,1.59,3,2.38,43.3,291,126,Vinhais,Bragança,Norte
2019-12-03 11:13:36,Caria,LOCAL-050102,0.0,0,27,3.25,17,2.05,45.39,1831,831,Belmonte,Castelo Branco,Centro
2019-12-03 11:13:36,Inguias,LOCAL-050104,0.0,0,4,1.34,6,2.01,46.0,650,299,Belmonte,Castelo Branco,Centro
2019-12-03 11:13:36,Maçainhas,LOCAL-050105,0.0,0,8,4.55,8,4.55,57.52,306,176,Belmonte,Castelo Branco,Centro
2019-12-03 11:13:36,Belmonte e Colmeal da Torre,LOCAL-050106,0.0,0,33,2.01,36,2.19,48.93,3358,1643,Belmonte,Castelo Branco,Centro
2019-12-03 11:13:36,Alcains,LOCAL-050201,0.0,0,77,3.59,36,1.68,49.77,4304,2142,Castelo Branco,Castelo Branco,Centro
2019-12-03 11:13:36,Almaceda,LOCAL-050202,0.0,0,4,1.32,9,2.98,49.19,614,302,Castelo Branco,Castelo Branco,Centro
2019-12-03 11:13:36,Benquerenças,LOCAL-050203,0.0,0,9,2.63,8,2.34,61.62,555,342,Castelo Branco,Castelo Branco,Centro
2019-12-03 11:13:36,Castelo Branco,LOCAL-050205,0.0,0,417,2.46,333,1.96,54.2,31339,16985,Castelo Branco,Castelo Branco,Centro
2019-12-03 11:13:36,Lardosa,LOCAL-050211,0.0,0,4,0.88,6,1.31,53.96,847,457,Castelo Branco,Castelo Branco,Centro
2019-12-03 11:13:36,Louriçal do Campo,LOCAL-050212,0.0,0,5,1.97,4,1.57,51.42,494,254,Castelo Branco,Castelo Branco,Centro
2019-12-03 11:13:36,Malpica do Tejo,LOCAL-050214,0.0,0,4,1.9,5,2.37,53.83,392,211,Castelo Branco,Castelo Branco,Centro
2019-12-03 11:13:36,Monforte da Beira,LOCAL-050216,0.0,0,5,3.57,3,2.14,46.82,299,140,Castelo Branco,Castelo Branco,Centro
2019-12-03 11:13:36,Salgueiro do Campo,LOCAL-050220,0.0,0,11,2.66,22,5.33,60.74,680,413,Castelo Branco,Castelo Branco,Centro
2019-12-03 11:13:36,Santo André das Tojeiras,LOCAL-050221,0.0,0,6,1.68,4,1.12,57.12,625,357,Castelo Branco,Castelo Branco,Centro
2019-12-03 11:13:36,São Vicente da Beira,LOCAL-050222,0.0,0,8,1.33,10,1.67,54.89,1093,600,Castelo Branco,Castelo Branco,Centro
2019-12-03 11:13:36,Sarzedas,LOCAL-050223,0.0,0,17,2.59,18,2.74,61.02,1075,656,Castelo Branco,Castelo Branco,Centro
2019-12-03 11:13:36,Tinalhas,LOCAL-050225,0.0,0,3,1.1,9,3.31,55.51,490,272,Castelo Branco,Castelo Branco,Centro
2019-12-03 11:13:36,Cebolais de Cima e Retaxo,LOCAL-050226,0.0,0,20,1.99,20,1.99,61.07,1644,1004,Castelo Branco,Castelo Branco,Centro
2019-12-03 11:13:36,Escalos de Baixo e Mata,LOCAL-050227,0.0,0,14,2.67,10,1.9,49.53,1060,525,Castelo Branco,Castelo Branco,Centro
2019-12-03 11:13:36,Escalos de Cima e Lousa,LOCAL-050228,0.0,0,17,2.28,18,2.42,55.27,1348,745,Castelo Branco,Castelo Branco,Centro
2019-12-03 11:13:36,Freixial e Juncal do Campo,LOCAL-050229,0.0,0,11,2.56,15,3.49,62.23,691,430,Castelo Branco,Castelo Branco,Centro
2019-12-03 11:13:36,Ninho do Açor e Sobral do Campo,LOCAL-050230,0.0,0,7,1.94,17,4.72,52.63,684,360,Castelo Branco,Castelo Branco,Centro
2019-12-03 11:13:36,Póvoa de Rio de Moinhos e Cafede,LOCAL-050231,0.0,0,16,3.57,13,2.9,56.35,795,448,Castelo Branco,Castelo Branco,Centro
2019-12-03 11:13:36,Aldeia de São Francisco de Assis,LOCAL-050302,0.0,0,6,2.26,5,1.89,51.36,516,265,Covilhã,Castelo Branco,Centro
2019-12-03 11:13:36,Boidobra,LOCAL-050305,0.0,0,42,2.59,24,1.48,60.59,2677,1622,Covilhã,Castelo Branco,Centro
2019-12-03 11:13:36,Cortes do Meio,LOCAL-050308,0.0,0,9,2.11,11,2.58,55.67,767,427,Covilhã,Castelo Branco,Centro
2019-12-03 11:13:36,Dominguizo,LOCAL-050309,0.0,0,16,3.02,17,3.21,58.11,912,530,Covilhã,Castelo Branco,Centro
2019-12-03 11:13:36,Erada,LOCAL-050310,0.0,0,20,5.32,7,1.86,57.49,654,376,Covilhã,Castelo Branco,Centro
2019-12-03 11:13:36,Ferro,LOCAL-050311,0.0,0,21,3.08,15,2.2,48.71,1398,681,Covilhã,Castelo Branco,Centro
2019-12-03 11:13:36,Orjais,LOCAL-050312,0.0,0,9,2.15,10,2.39,61.74,677,418,Covilhã,Castelo Branco,Centro
2019-12-03 11:13:36,Paul,LOCAL-050314,0.0,0,20,2.88,7,1.01,50.29,1382,695,Covilhã,Castelo Branco,Centro
2019-12-03 11:13:36,Peraboa,LOCAL-050315,0.0,0,9,2.14,8,1.9,47.14,891,420,Covilhã,Castelo Branco,Centro
2019-12-03 11:13:36,São Jorge da Beira,LOCAL-050318,0.0,0,13,4.29,3,0.99,51.97,583,303,Covilhã,Castelo Branco,Centro
2019-12-03 11:13:36,Sobral de São Miguel,LOCAL-050322,0.0,0,3,1.49,5,2.48,55.34,365,202,Covilhã,Castelo Branco,Centro
2019-12-03 11:13:36,Tortosendo,LOCAL-050324,0.0,0,63,2.13,50,1.69,61.04,4836,2952,Covilhã,Castelo Branco,Centro
2019-12-03 11:13:36,Unhais da Serra,LOCAL-050325,0.0,0,12,1.75,17,2.47,61.67,1114,687,Covilhã,Castelo Branco,Centro
2019-12-03 11:13:36,Verdelhos,LOCAL-050327,0.0,0,2,0.84,5,2.1,37.54,634,238,Covilhã,Castelo Branco,Centro
2019-12-03 11:13:36,Barco e Coutada,LOCAL-050332,0.0,0,7,1.59,12,2.73,49.22,894,440,Covilhã,Castelo Branco,Centro
2019-12-03 11:13:36,Cantar-Galo e Vila do Carvalho,LOCAL-050333,0.0,0,23,1.26,37,2.02,54.59,3356,1832,Covilhã,Castelo Branco,Centro
2019-12-03 11:13:36,Casegas e Ourondo,LOCAL-050334,0.0,0,7,2.23,8,2.55,36.98,849,314,Covilhã,Castelo Branco,Centro
2019-12-03 11:13:36,Covilhã e Canhoso,LOCAL-050335,0.0,0,215,2.23,152,1.58,57.43,16758,9624,Covilhã,Castelo Branco,Centro
2019-12-03 11:13:36,Peso e Vales do Rio,LOCAL-050336,0.0,0,36,4.92,11,1.5,57.65,1268,731,Covilhã,Castelo Branco,Centro
2019-12-03 11:13:36,Teixoso e Sarzedo,LOCAL-050337,0.0,0,30,1.42,36,1.71,55.25,3819,2110,Covilhã,Castelo Branco,Centro
2019-12-03 11:13:36,Vale Formoso e Aldeia do Souto,LOCAL-050338,0.0,0,9,2.88,10,3.21,44.13,707,312,Covilhã,Castelo Branco,Centro
2019-12-03 11:13:36,Alcaide,LOCAL-050401,0.0,0,9,2.59,5,1.44,59.79,582,348,Fundão,Castelo Branco,Centro
2019-12-03 11:13:36,Alcaria,LOCAL-050402,0.0,0,18,3.13,15,2.61,57.33,1003,575,Fundão,Castelo Branco,Centro
2019-12-03 11:13:36,Alcongosta,LOCAL-050403,0.0,0,3,1.09,1,0.36,62.99,435,274,Fundão,Castelo Branco,Centro
2019-12-03 11:13:36,Alpedrinha,LOCAL-050406,0.0,0,13,2.78,11,2.35,53.61,873,468,Fundão,Castelo Branco,Centro
2019-12-03 11:13:36,Barroca,LOCAL-050408,0.0,0,3,1.21,7,2.82,48.06,516,248,Fundão,Castelo Branco,Centro
2019-12-03 11:13:36,Bogas de Cima,LOCAL-050410,0.0,0,6,3.45,5,2.87,43.28,402,174,Fundão,Castelo Branco,Centro
2019-12-03 11:13:36,Capinha,LOCAL-050411,0.0,0,3,1.49,6,2.97,43.25,467,202,Fundão,Castelo Branco,Centro
2019-12-03 11:13:36,Castelejo,LOCAL-050412,0.0,0,11,3.04,13,3.59,53.63,675,362,Fundão,Castelo Branco,Centro
2019-12-03 11:13:36,Castelo Novo,LOCAL-050413,0.0,0,4,2.48,3,1.86,57.3,281,161,Fundão,Castelo Branco,Centro
2019-12-03 11:13:36,Fatela,LOCAL-050416,0.0,0,12,4.62,7,2.69,54.62,476,260,Fundão,Castelo Branco,Centro
2019-12-03 11:13:36,Lavacolhos,LOCAL-050419,0.0,0,2,1.64,5,4.1,53.74,227,122,Fundão,Castelo Branco,Centro
2019-12-03 11:13:36,Orca,LOCAL-050420,0.0,0,6,1.89,13,4.09,56.48,563,318,Fundão,Castelo Branco,Centro
2019-12-03 11:13:36,Pêro Viseu,LOCAL-050421,0.0,0,9,2.81,11,3.44,45.71,700,320,Fundão,Castelo Branco,Centro
2019-12-03 11:13:36,Silvares,LOCAL-050424,0.0,0,20,3.82,19,3.63,53.09,987,524,Fundão,Castelo Branco,Centro
2019-12-03 11:13:36,Soalheira,LOCAL-050425,0.0,0,8,1.86,4,0.93,48.75,882,430,Fundão,Castelo Branco,Centro
2019-12-03 11:13:36,Souto da Casa,LOCAL-050426,0.0,0,14,3.37,5,1.2,54.53,761,415,Fundão,Castelo Branco,Centro
2019-12-03 11:13:36,Telhado,LOCAL-050427,0.0,0,6,1.81,7,2.11,57.17,579,331,Fundão,Castelo Branco,Centro
2019-12-03 11:13:36,Enxames,LOCAL-050431,0.0,0,3,1.26,8,3.36,56.4,422,238,Fundão,Castelo Branco,Centro
2019-12-03 11:13:36,Três Povos,LOCAL-050432,0.0,0,10,2.6,21,5.45,42.45,907,385,Fundão,Castelo Branco,Centro
2019-12-03 11:13:36,Janeiro de Cima e Bogas de Baixo,LOCAL-050433,0.0,0,10,4.13,4,1.65,44.73,541,242,Fundão,Castelo Branco,Centro
2019-12-03 11:13:36,"Fundão, Valverde, Donas e Aldeias de Joanes e Cabo",LOCAL-050434,0.0,0,171,2.71,135,2.14,54.45,11583,6307,Fundão,Castelo Branco,Centro
2019-12-03 11:13:36,Póvoa de Atalaia e Atalaia do Campo,LOCAL-050435,0.0,0,8,1.56,23,4.47,48.26,1065,514,Fundão,Castelo Branco,Centro
2019-12-03 11:13:36,Vale de Prazeres e Mata da Rainha,LOCAL-050436,0.0,0,7,1.43,9,1.84,38.8,1263,490,Fundão,Castelo Branco,Centro
2019-12-03 11:13:36,Aldeia de Santa Margarida,LOCAL-050502,0.0,0,5,3.97,7,5.56,50.81,248,126,Idanha-a-Nova,Castelo Branco,Centro
2019-12-03 11:13:36,Ladoeiro,LOCAL-050505,0.0,0,2,0.38,16,3.0,47.46,1123,533,Idanha-a-Nova,Castelo Branco,Centro
2019-12-03 11:13:36,Medelim,LOCAL-050506,0.0,0,3,2.42,7,5.65,65.96,188,124,Idanha-a-Nova,Castelo Branco,Centro
2019-12-03 11:13:36,Oledo,LOCAL-050509,0.0,0,5,2.98,3,1.79,50.0,336,168,Idanha-a-Nova,Castelo Branco,Centro
2019-12-03 11:13:36,Penha Garcia,LOCAL-050510,0.0,0,8,2.12,11,2.92,60.71,621,377,Idanha-a-Nova,Castelo Branco,Centro
2019-12-03 11:13:36,Proença-a-Velha,LOCAL-050511,0.0,0,5,6.02,0,0.0,54.97,151,83,Idanha-a-Nova,Castelo Branco,Centro
2019-12-03 11:13:36,Rosmaninhal,LOCAL-050512,0.0,0,0,0.0,3,1.7,35.7,493,176,Idanha-a-Nova,Castelo Branco,Centro
2019-12-03 11:13:36,São Miguel de Acha,LOCAL-050514,0.0,0,6,2.21,10,3.68,50.75,536,272,Idanha-a-Nova,Castelo Branco,Centro
2019-12-03 11:13:36,Toulões,LOCAL-050516,0.0,0,3,2.52,1,0.84,59.8,199,119,Idanha-a-Nova,Castelo Branco,Centro
2019-12-03 11:13:36,Idanha-a-Nova e Alcafozes,LOCAL-050518,0.0,0,32,2.83,23,2.03,54.98,2057,1131,Idanha-a-Nova,Castelo Branco,Centro
2019-12-03 11:13:36,Monfortinho e Salvaterra do Extremo,LOCAL-050519,0.0,0,7,2.34,6,2.01,48.7,614,299,Idanha-a-Nova,Castelo Branco,Centro
2019-12-03 11:13:36,Monsanto e Idanha-a-Velha,LOCAL-050520,0.0,0,5,1.46,14,4.09,51.74,661,342,Idanha-a-Nova,Castelo Branco,Centro
2019-12-03 11:13:36,Zebreira e Segura,LOCAL-050521,0.0,0,6,1.45,13,3.15,41.05,1006,413,Idanha-a-Nova,Castelo Branco,Centro
2019-12-03 11:13:36,Álvaro,LOCAL-050601,0.0,0,4,3.77,1,0.94,64.24,165,106,Oleiros,Castelo Branco,Centro
2019-12-03 11:13:36,Cambas,LOCAL-050603,0.0,0,0,0.0,3,2.14,48.28,290,140,Oleiros,Castelo Branco,Centro
2019-12-03 11:13:36,Isna,LOCAL-050605,0.0,0,2,1.5,7,5.26,79.17,168,133,Oleiros,Castelo Branco,Centro
2019-12-03 11:13:36,Madeirã,LOCAL-050606,0.0,0,0,0.0,0,0.0,60.26,151,91,Oleiros,Castelo Branco,Centro
2019-12-03 11:13:36,Mosteiro,LOCAL-050607,0.0,0,1,0.58,5,2.92,64.04,267,171,Oleiros,Castelo Branco,Centro
2019-12-03 11:13:36,Orvalho,LOCAL-050609,0.0,0,8,2.94,7,2.57,55.4,491,272,Oleiros,Castelo Branco,Centro
2019-12-03 11:13:36,Sarnadas de São Simão,LOCAL-050610,0.0,0,5,4.07,5,4.07,62.44,197,123,Oleiros,Castelo Branco,Centro
2019-12-03 11:13:36,Sobral,LOCAL-050611,0.0,0,3,3.06,7,7.14,63.64,154,98,Oleiros,Castelo Branco,Centro
2019-12-03 11:13:36,Estreito-Vilar Barroco,LOCAL-050613,0.0,0,14,2.57,19,3.49,59.52,914,544,Oleiros,Castelo Branco,Centro
2019-12-03 11:13:36,Oleiros-Amieira,LOCAL-050614,0.0,0,31,2.45,43,3.4,62.25,2032,1265,Oleiros,Castelo Branco,Centro
2019-12-03 11:13:36,Aranhas,LOCAL-050704,0.0,0,8,4.91,3,1.84,57.6,283,163,Penamacor,Castelo Branco,Centro
2019-12-03 11:13:36,Benquerença,LOCAL-050706,0.0,0,5,2.12,9,3.81,51.42,459,236,Penamacor,Castelo Branco,Centro
2019-12-03 11:13:36,Meimão,LOCAL-050707,0.0,0,0,0.0,1,0.69,49.83,289,144,Penamacor,Castelo Branco,Centro
2019-12-03 11:13:36,Meimoa,LOCAL-050708,0.0,0,5,3.23,6,3.87,47.69,325,155,Penamacor,Castelo Branco,Centro
2019-12-03 11:13:36,Penamacor,LOCAL-050710,0.0,0,13,2.08,20,3.21,52.48,1189,624,Penamacor,Castelo Branco,Centro
2019-12-03 11:13:36,Salvador,LOCAL-050711,0.0,0,1,0.69,10,6.9,45.03,322,145,Penamacor,Castelo Branco,Centro
2019-12-03 11:13:36,Vale da Senhora da Póvoa,LOCAL-050712,0.0,0,1,0.83,0,0.0,56.6,212,120,Penamacor,Castelo Branco,Centro
2019-12-03 11:13:36,"Aldeia do Bispo, Águas e Aldeia de João Pires",LOCAL-050713,0.0,0,6,1.28,24,5.13,52.58,890,468,Penamacor,Castelo Branco,Centro
2019-12-03 11:13:36,Pedrógão de São Pedro e Bemposta,LOCAL-050714,0.0,0,3,1.38,4,1.83,41.76,522,218,Penamacor,Castelo Branco,Centro
2019-12-03 11:13:36,Montes da Senhora,LOCAL-050802,0.0,0,6,1.72,4,1.15,56.96,611,348,Proença-a-Nova,Castelo Branco,Centro
2019-12-03 11:13:36,São Pedro do Esteval,LOCAL-050805,0.0,0,11,3.74,12,4.08,65.04,452,294,Proença-a-Nova,Castelo Branco,Centro
2019-12-03 11:13:36,Proença-a-Nova e Peral,LOCAL-050807,0.0,0,65,2.48,75,2.87,60.31,4339,2617,Proença-a-Nova,Castelo Branco,Centro
2019-12-03 11:13:36,Sobreira Formosa e Alvito da Beira,LOCAL-050808,0.0,0,18,1.86,25,2.58,56.28,1720,968,Proença-a-Nova,Castelo Branco,Centro
2019-12-03 11:13:36,Cabeçudo,LOCAL-050901,0.0,0,9,1.96,14,3.05,57.09,804,459,Sertã,Castelo Branco,Centro
2019-12-03 11:13:36,Carvalhal,LOCAL-050902,0.0,0,6,2.7,1,0.45,55.64,399,222,Sertã,Castelo Branco,Centro
2019-12-03 11:13:36,Castelo,LOCAL-050903,0.0,0,6,1.32,18,3.97,50.61,895,453,Sertã,Castelo Branco,Centro
2019-12-03 11:13:36,Pedrógão Pequeno,LOCAL-050911,0.0,0,18,4.85,16,4.31,60.62,612,371,Sertã,Castelo Branco,Centro
2019-12-03 11:13:36,Sertã,LOCAL-050912,0.0,0,98,3.11,94,2.99,60.79,5180,3149,Sertã,Castelo Branco,Centro
2019-12-03 11:13:36,Troviscal,LOCAL-050913,0.0,0,13,2.91,26,5.82,58.05,770,447,Sertã,Castelo Branco,Centro
2019-12-03 11:13:36,Várzea dos Cavaleiros,LOCAL-050914,0.0,0,11,2.6,14,3.31,62.57,676,423,Sertã,Castelo Branco,Centro
2019-12-03 11:13:36,"Cernache do Bonjardim, Nesperal e Palhais",LOCAL-050915,0.0,0,43,2.35,80,4.37,58.79,3116,1832,Sertã,Castelo Branco,Centro
2019-12-03 11:13:36,Cumeada e Marmeleiro,LOCAL-050916,0.0,0,6,1.52,11,2.79,67.7,582,394,Sertã,Castelo Branco,Centro
2019-12-03 11:13:36,Ermida e Figueiredo,LOCAL-050917,0.0,0,4,1.77,6,2.65,58.7,385,226,Sertã,Castelo Branco,Centro
2019-12-03 11:13:36,Fundada,LOCAL-051001,0.0,0,9,2.39,13,3.46,73.44,512,376,Vila de Rei,Castelo Branco,Centro
2019-12-03 11:13:36,São João do Peso,LOCAL-051002,0.0,0,2,2.74,2,2.74,68.22,107,73,Vila de Rei,Castelo Branco,Centro
2019-12-03 11:13:36,Vila de Rei,LOCAL-051003,0.0,0,52,3.55,82,5.6,68.7,2131,1464,Vila de Rei,Castelo Branco,Centro
2019-12-03 11:13:36,Fratel,LOCAL-051101,0.0,0,4,1.32,7,2.32,66.08,457,302,Vila Velha de Ródão,Castelo Branco,Centro
2019-12-03 11:13:36,Perais,LOCAL-051102,0.0,0,3,1.18,7,2.75,61.74,413,255,Vila Velha de Ródão,Castelo Branco,Centro
2019-12-03 11:13:36,Sarnadas de Ródão,LOCAL-051103,0.0,0,2,0.7,4,1.4,60.47,473,286,Vila Velha de Ródão,Castelo Branco,Centro
2019-12-03 11:13:36,Vila Velha de Ródão,LOCAL-051104,0.0,0,12,1.37,19,2.16,59.85,1467,878,Vila Velha de Ródão,Castelo Branco,Centro
2019-12-03 11:13:36,Arganil,LOCAL-060102,0.0,0,59,3.11,44,2.32,55.22,3432,1895,Arganil,Coimbra,Centro
2019-12-03 11:13:36,Benfeita,LOCAL-060104,0.0,0,4,2.17,1,0.54,58.41,315,184,Arganil,Coimbra,Centro
2019-12-03 11:13:36,Celavisa,LOCAL-060105,0.0,0,7,6.67,1,0.95,72.92,144,105,Arganil,Coimbra,Centro
2019-12-03 11:13:36,Folques,LOCAL-060109,0.0,0,4,2.42,4,2.42,61.34,269,165,Arganil,Coimbra,Centro
2019-12-03 11:13:36,Piódão,LOCAL-060111,0.0,0,0,0.0,0,0.0,47.1,138,65,Arganil,Coimbra,Centro
2019-12-03 11:13:36,Pomares,LOCAL-060112,0.0,0,1,0.43,11,4.68,58.02,405,235,Arganil,Coimbra,Centro
2019-12-03 11:13:36,Pombeiro da Beira,LOCAL-060113,0.0,0,11,2.53,13,2.99,52.28,832,435,Arganil,Coimbra,Centro
2019-12-03 11:13:36,São Martinho da Cortiça,LOCAL-060114,0.0,0,22,3.74,10,1.7,47.61,1235,588,Arganil,Coimbra,Centro
2019-12-03 11:13:36,Sarzedo,LOCAL-060115,0.0,0,14,4.12,8,2.35,60.82,559,340,Arganil,Coimbra,Centro
2019-12-03 11:13:36,Secarias,LOCAL-060116,0.0,0,6,2.75,5,2.29,64.5,338,218,Arganil,Coimbra,Centro
2019-12-03 11:13:36,Cepos e Teixeira,LOCAL-060119,0.0,0,3,2.42,4,3.23,60.19,206,124,Arganil,Coimbra,Centro
2019-12-03 11:13:36,Cerdeira e Moura da Serra,LOCAL-060120,0.0,0,2,0.87,3,1.3,67.54,342,231,Arganil,Coimbra,Centro
2019-12-03 11:13:36,Côja e Barril de Alva,LOCAL-060121,0.0,0,23,2.68,31,3.61,58.12,1478,859,Arganil,Coimbra,Centro
2019-12-03 11:13:36,Vila Cova de Alva e Anseriz,LOCAL-060122,0.0,0,9,3.08,3,1.03,60.58,482,292,Arganil,Coimbra,Centro
2019-12-03 11:13:36,Ançã,LOCAL-060201,0.0,0,36,3.16,16,1.41,48.36,2353,1138,Cantanhede,Coimbra,Centro
2019-12-03 11:13:36,Cadima,LOCAL-060203,0.0,0,55,4.12,21,1.57,47.24,2824,1334,Cantanhede,Coimbra,Centro
2019-12-03 11:13:36,Cordinhã,LOCAL-060205,0.0,0,18,3.44,15,2.86,50.78,1032,524,Cantanhede,Coimbra,Centro
2019-12-03 11:13:36,Febres,LOCAL-060207,0.0,0,55,3.76,43,2.94,40.08,3653,1464,Cantanhede,Coimbra,Centro
2019-12-03 11:13:36,Murtede,LOCAL-060208,0.0,0,30,4.65,11,1.71,47.71,1352,645,Cantanhede,Coimbra,Centro
2019-12-03 11:13:36,Ourentã,LOCAL-060209,0.0,0,29,4.97,22,3.77,48.03,1216,584,Cantanhede,Coimbra,Centro
2019-12-03 11:13:36,Tocha,LOCAL-060214,0.0,0,52,3.06,27,1.59,47.66,3571,1702,Cantanhede,Coimbra,Centro
2019-12-03 11:13:36,São Caetano,LOCAL-060215,0.0,0,12,2.81,7,1.64,55.03,776,427,Cantanhede,Coimbra,Centro
2019-12-03 11:13:36,Sanguinheira,LOCAL-060218,0.0,0,37,4.02,18,1.96,52.01,1769,920,Cantanhede,Coimbra,Centro
2019-12-03 11:13:36,Cantanhede e Pocariça,LOCAL-060220,0.0,0,177,4.24,60,1.44,50.69,8226,4170,Cantanhede,Coimbra,Centro
2019-12-03 11:13:36,Covões e Camarneira,LOCAL-060221,0.0,0,34,2.31,37,2.51,44.17,3339,1475,Cantanhede,Coimbra,Centro
2019-12-03 11:13:36,Portunhos e Outil,LOCAL-060222,0.0,0,33,3.76,14,1.6,48.03,1826,877,Cantanhede,Coimbra,Centro
2019-12-03 11:13:36,Sepins e Bolho,LOCAL-060223,0.0,0,46,5.3,22,2.53,45.59,1904,868,Cantanhede,Coimbra,Centro
2019-12-03 11:13:36,Vilamar e Corticeiro de Cima,LOCAL-060224,0.0,0,28,3.73,21,2.8,50.92,1475,751,Cantanhede,Coimbra,Centro
2019-12-03 11:13:36,Almalaguês,LOCAL-060301,0.0,0,38,2.42,20,1.28,57.6,2722,1568,Coimbra,Coimbra,Centro
2019-12-03 11:13:36,Brasfemes,LOCAL-060309,0.0,0,39,3.67,17,1.6,60.93,1743,1062,Coimbra,Coimbra,Centro
2019-12-03 11:13:36,Ceira,LOCAL-060311,0.0,0,53,3.47,28,1.83,48.54,3144,1526,Coimbra,Coimbra,Centro
2019-12-03 11:13:36,Cernache,LOCAL-060312,0.0,0,56,2.66,39,1.85,60.77,3464,2105,Coimbra,Coimbra,Centro
2019-12-03 11:13:36,Santo António dos Olivais,LOCAL-060318,0.0,0,660,2.91,237,1.05,62.51,36250,22661,Coimbra,Coimbra,Centro
2019-12-03 11:13:36,São João do Campo,LOCAL-060320,0.0,0,13,1.41,9,0.98,52.81,1744,921,Coimbra,Coimbra,Centro
2019-12-03 11:13:36,São Silvestre,LOCAL-060324,0.0,0,44,3.23,30,2.2,53.1,2565,1362,Coimbra,Coimbra,Centro
2019-12-03 11:13:36,Torres do Mondego,LOCAL-060329,0.0,0,33,2.99,16,1.45,57.14,1932,1104,Coimbra,Coimbra,Centro
2019-12-03 11:13:36,Antuzede e Vil de Matos,LOCAL-060332,0.0,0,55,3.93,29,2.07,52.26,2675,1398,Coimbra,Coimbra,Centro
2019-12-03 11:13:36,Assafarge e Antanhol,LOCAL-060333,0.0,0,122,4.46,32,1.17,60.25,4541,2736,Coimbra,Coimbra,Centro
2019-12-03 11:13:36,"Sé Nova, Santa Cruz, Almedina e São Bartolomeu",LOCAL-060334,0.0,0,161,2.38,85,1.26,53.31,12704,6772,Coimbra,Coimbra,Centro
2019-12-03 11:13:36,Eiras e São Paulo de Frades,LOCAL-060335,0.0,0,281,3.3,118,1.39,53.84,15805,8510,Coimbra,Coimbra,Centro
2019-12-03 11:13:36,Santa Clara e Castelo Viegas,LOCAL-060336,0.0,0,193,3.16,77,1.26,58.78,10388,6106,Coimbra,Coimbra,Centro
2019-12-03 11:13:36,São Martinho de Árvore e Lamarosa,LOCAL-060337,0.0,0,49,3.8,26,2.02,48.88,2639,1290,Coimbra,Coimbra,Centro
2019-12-03 11:13:36,São Martinho do Bispo e Ribeira de Frades,LOCAL-060338,0.0,0,211,2.76,125,1.63,55.37,13823,7654,Coimbra,Coimbra,Centro
2019-12-03 11:13:36,Souselas e Botão,LOCAL-060339,0.0,0,100,4.48,44,1.97,54.05,4126,2230,Coimbra,Coimbra,Centro
2019-12-03 11:13:36,"Taveiro, Ameal e Arzila",LOCAL-060340,0.0,0,65,3.05,34,1.6,58.1,3668,2131,Coimbra,Coimbra,Centro
2019-12-03 11:13:36,Trouxemil e Torre de Vilela,LOCAL-060341,0.0,0,73,3.98,29,1.58,55.19,3325,1835,Coimbra,Coimbra,Centro
2019-12-03 11:13:36,Anobra,LOCAL-060401,0.0,0,23,3.93,6,1.03,54.07,1082,585,Condeixa-a-Nova,Coimbra,Centro
2019-12-03 11:13:36,Ega,LOCAL-060406,0.0,0,68,5.16,18,1.37,56.62,2326,1317,Condeixa-a-Nova,Coimbra,Centro
2019-12-03 11:13:36,Furadouro,LOCAL-060407,0.0,0,7,8.33,1,1.19,48.55,173,84,Condeixa-a-Nova,Coimbra,Centro
2019-12-03 11:13:36,Zambujal,LOCAL-060410,0.0,0,6,3.28,3,1.64,54.3,337,183,Condeixa-a-Nova,Coimbra,Centro
2019-12-03 11:13:36,Condeixa-a-Velha e Condeixa-a-Nova,LOCAL-060411,0.0,0,191,4.86,61,1.55,54.81,7165,3927,Condeixa-a-Nova,Coimbra,Centro
2019-12-03 11:13:36,Sebal e Belide,LOCAL-060412,0.0,0,63,4.25,30,2.02,60.66,2443,1482,Condeixa-a-Nova,Coimbra,Centro
2019-12-03 11:13:36,Vila Seca e Bem da Fé,LOCAL-060413,0.0,0,17,3.19,12,2.25,63.6,838,533,Condeixa-a-Nova,Coimbra,Centro
2019-12-03 11:13:36,Alqueidão,LOCAL-060502,0.0,0,21,2.63,28,3.51,55.23,1443,797,Figueira da Foz,Coimbra,Centro
2019-12-03 11:13:36,Maiorca,LOCAL-060507,0.0,0,39,3.27,30,2.52,52.98,2248,1191,Figueira da Foz,Coimbra,Centro
2019-12-03 11:13:36,Marinha das Ondas,LOCAL-060508,0.0,0,75,5.81,23,1.78,50.02,2579,1290,Figueira da Foz,Coimbra,Centro
2019-12-03 11:13:36,Tavarede,LOCAL-060512,0.0,0,178,3.82,89,1.91,53.17,8756,4656,Figueira da Foz,Coimbra,Centro
2019-12-03 11:13:36,Vila Verde,LOCAL-060513,0.0,0,26,2.03,20,1.56,51.28,2502,1283,Figueira da Foz,Coimbra,Centro
2019-12-03 11:13:36,São Pedro,LOCAL-060514,0.0,0,31,2.89,20,1.86,41.12,2612,1074,Figueira da Foz,Coimbra,Centro
2019-12-03 11:13:36,Bom Sucesso,LOCAL-060515,0.0,0,33,4.38,23,3.05,39.71,1899,754,Figueira da Foz,Coimbra,Centro
2019-12-03 11:13:36,Moinhos da Gândara,LOCAL-060518,0.0,0,33,5.85,12,2.13,50.22,1123,564,Figueira da Foz,Coimbra,Centro
2019-12-03 11:13:36,Alhadas,LOCAL-060519,0.0,0,81,4.19,33,1.71,49.14,3938,1935,Figueira da Foz,Coimbra,Centro
2019-12-03 11:13:36,Buarcos e São Julião,LOCAL-060520,0.0,0,259,2.9,127,1.42,50.46,17685,8923,Figueira da Foz,Coimbra,Centro
2019-12-03 11:13:36,Ferreira-a-Nova,LOCAL-060521,0.0,0,37,3.56,22,2.12,48.82,2126,1038,Figueira da Foz,Coimbra,Centro
2019-12-03 11:13:36,Lavos,LOCAL-060522,0.0,0,69,3.96,41,2.35,52.64,3313,1744,Figueira da Foz,Coimbra,Centro
2019-12-03 11:13:36,Paião,LOCAL-060523,0.0,0,41,2.79,35,2.38,57.03,2581,1472,Figueira da Foz,Coimbra,Centro
2019-12-03 11:13:36,Quiaios,LOCAL-060524,0.0,0,72,5.63,28,2.19,46.69,2737,1278,Figueira da Foz,Coimbra,Centro
2019-12-03 11:13:36,Alvares,LOCAL-060601,0.0,0,12,3.48,10,2.9,57.02,605,345,Góis,Coimbra,Centro
2019-12-03 11:13:36,Góis,LOCAL-060604,0.0,0,33,3.12,27,2.55,59.14,1789,1058,Góis,Coimbra,Centro
2019-12-03 11:13:36,Vila Nova do Ceira,LOCAL-060605,0.0,0,13,2.73,18,3.77,59.03,808,477,Góis,Coimbra,Centro
2019-12-03 11:13:36,Cadafaz e Colmeal,LOCAL-060606,0.0,0,1,0.79,1,0.79,45.32,278,126,Góis,Coimbra,Centro
2019-12-03 11:13:36,Serpins,LOCAL-060704,0.0,0,26,3.12,24,2.88,57.72,1445,834,Lousã,Coimbra,Centro
2019-12-03 11:13:36,Gândaras,LOCAL-060706,0.0,0,27,4.72,19,3.32,52.38,1092,572,Lousã,Coimbra,Centro
2019-12-03 11:13:36,Foz de Arouce e Casal de Ermio,LOCAL-060707,0.0,0,37,6.01,10,1.62,54.27,1135,616,Lousã,Coimbra,Centro
2019-12-03 11:13:36,Lousã e Vilarinho,LOCAL-060708,0.0,0,242,3.89,108,1.74,53.71,11573,6216,Lousã,Coimbra,Centro
2019-12-03 11:13:36,Mira,LOCAL-060801,0.0,0,123,3.48,83,2.35,49.06,7208,3536,Mira,Coimbra,Centro
2019-12-03 11:13:36,Seixo,LOCAL-060802,0.0,0,32,4.48,13,1.82,46.4,1541,715,Mira,Coimbra,Centro
2019-12-03 11:13:36,Carapelhos,LOCAL-060803,0.0,0,13,3.41,18,4.72,47.04,810,381,Mira,Coimbra,Centro
2019-12-03 11:13:36,Praia de Mira,LOCAL-060804,0.0,0,42,3.01,29,2.08,40.65,3434,1396,Mira,Coimbra,Centro
2019-12-03 11:13:36,Lamas,LOCAL-060901,0.0,0,16,3.7,8,1.85,61.8,699,432,Miranda do Corvo,Coimbra,Centro
2019-12-03 11:13:36,Miranda do Corvo,LOCAL-060902,0.0,0,96,2.77,54,1.56,54.48,6367,3469,Miranda do Corvo,Coimbra,Centro
2019-12-03 11:13:36,Vila Nova,LOCAL-060905,0.0,0,13,2.75,9,1.91,61.3,770,472,Miranda do Corvo,Coimbra,Centro
2019-12-03 11:13:36,Semide e Rio Vide,LOCAL-060906,0.0,0,68,4.18,39,2.4,52.45,3098,1625,Miranda do Corvo,Coimbra,Centro
2019-12-03 11:13:36,Arazede,LOCAL-061002,0.0,0,83,3.56,50,2.14,48.49,4809,2332,Montemor-o-Velho,Coimbra,Centro
2019-12-03 11:13:36,Carapinheira,LOCAL-061003,0.0,0,46,4.06,22,1.94,46.63,2430,1133,Montemor-o-Velho,Coimbra,Centro
2019-12-03 11:13:36,Liceia,LOCAL-061005,0.0,0,15,3.07,17,3.48,48.13,1014,488,Montemor-o-Velho,Coimbra,Centro
2019-12-03 11:13:36,Meãs do Campo,LOCAL-061006,0.0,0,23,2.84,15,1.85,55.28,1467,811,Montemor-o-Velho,Coimbra,Centro
2019-12-03 11:13:36,Pereira,LOCAL-061008,0.0,0,58,3.66,26,1.64,56.44,2810,1586,Montemor-o-Velho,Coimbra,Centro
2019-12-03 11:13:36,Santo Varão,LOCAL-061009,0.0,0,50,5.03,18,1.81,62.36,1594,994,Montemor-o-Velho,Coimbra,Centro
2019-12-03 11:13:36,Seixo de Gatões,LOCAL-061010,0.0,0,18,2.98,12,1.98,51.58,1173,605,Montemor-o-Velho,Coimbra,Centro
2019-12-03 11:13:36,Tentúgal,LOCAL-061011,0.0,0,38,4.25,25,2.8,50.57,1768,894,Montemor-o-Velho,Coimbra,Centro
2019-12-03 11:13:36,Ereira,LOCAL-061014,0.0,0,19,5.83,0,0.0,59.82,545,326,Montemor-o-Velho,Coimbra,Centro
2019-12-03 11:13:36,"Abrunheira, Verride e Vila Nova da Barca",LOCAL-061015,0.0,0,17,2.39,12,1.69,58.57,1214,711,Montemor-o-Velho,Coimbra,Centro
2019-12-03 11:13:36,Montemor-o-Velho e Gatões,LOCAL-061016,0.0,0,47,3.02,26,1.67,51.32,3034,1557,Montemor-o-Velho,Coimbra,Centro
2019-12-03 11:13:36,Aldeia das Dez,LOCAL-061101,0.0,0,6,2.26,11,4.14,63.48,419,266,Oliveira do Hospital,Coimbra,Centro
2019-12-03 11:13:36,Alvoco das Várzeas,LOCAL-061102,0.0,0,5,2.91,0,0.0,65.15,264,172,Oliveira do Hospital,Coimbra,Centro
2019-12-03 11:13:36,Avô,LOCAL-061103,0.0,0,4,1.62,7,2.83,54.53,453,247,Oliveira do Hospital,Coimbra,Centro
2019-12-03 11:13:36,Bobadela,LOCAL-061104,0.0,0,5,1.58,12,3.79,57.85,548,317,Oliveira do Hospital,Coimbra,Centro
2019-12-03 11:13:36,Lagares,LOCAL-061106,0.0,0,32,4.58,32,4.58,55.62,1255,698,Oliveira do Hospital,Coimbra,Centro
2019-12-03 11:13:36,Lourosa,LOCAL-061109,0.0,0,11,3.79,13,4.48,57.43,505,290,Oliveira do Hospital,Coimbra,Centro
2019-12-03 11:13:36,Meruge,LOCAL-061110,0.0,0,9,3.63,5,2.02,55.11,450,248,Oliveira do Hospital,Coimbra,Centro
2019-12-03 11:13:36,Nogueira do Cravo,LOCAL-061111,0.0,0,30,2.68,31,2.77,56.46,1982,1119,Oliveira do Hospital,Coimbra,Centro
2019-12-03 11:13:36,São Gião,LOCAL-061115,0.0,0,7,3.57,12,6.12,51.04,384,196,Oliveira do Hospital,Coimbra,Centro
2019-12-03 11:13:36,Seixo da Beira,LOCAL-061118,0.0,0,26,4.19,17,2.74,44.42,1398,621,Oliveira do Hospital,Coimbra,Centro
2019-12-03 11:13:36,Travanca de Lagos,LOCAL-061119,0.0,0,13,2.46,17,3.21,52.07,1016,529,Oliveira do Hospital,Coimbra,Centro
2019-12-03 11:13:36,Ervedal e Vila Franca da Beira,LOCAL-061122,0.0,0,28,4.45,12,1.91,51.77,1215,629,Oliveira do Hospital,Coimbra,Centro
2019-12-03 11:13:36,Lagos da Beira e Lajeosa,LOCAL-061123,0.0,0,23,3.45,25,3.75,61.87,1078,667,Oliveira do Hospital,Coimbra,Centro
2019-12-03 11:13:36,Oliveira do Hospital e São Paio de Gramaços,LOCAL-061124,0.0,0,85,3.02,73,2.59,54.31,5181,2814,Oliveira do Hospital,Coimbra,Centro
2019-12-03 11:13:36,Penalva de Alva e São Sebastião da Feira,LOCAL-061125,0.0,0,12,2.24,24,4.49,56.73,943,535,Oliveira do Hospital,Coimbra,Centro
2019-12-03 11:13:36,Santa Ovaia e Vila Pouca da Beira,LOCAL-061126,0.0,0,18,4.33,16,3.85,56.37,738,416,Oliveira do Hospital,Coimbra,Centro
2019-12-03 11:13:36,Cabril,LOCAL-061201,0.0,0,1,0.93,3,2.78,49.77,217,108,Pampilhosa da Serra,Coimbra,Centro
2019-12-03 11:13:36,Dornelas do Zêzere,LOCAL-061202,0.0,0,4,1.67,5,2.09,47.05,508,239,Pampilhosa da Serra,Coimbra,Centro
2019-12-03 11:13:36,Janeiro de Baixo,LOCAL-061204,0.0,0,3,1.0,5,1.66,51.72,582,301,Pampilhosa da Serra,Coimbra,Centro
2019-12-03 11:13:36,Pampilhosa da Serra,LOCAL-061206,0.0,0,21,3.37,8,1.28,54.75,1138,623,Pampilhosa da Serra,Coimbra,Centro
2019-12-03 11:13:36,Pessegueiro,LOCAL-061207,0.0,0,3,3.37,1,1.12,64.49,138,89,Pampilhosa da Serra,Coimbra,Centro
2019-12-03 11:13:36,Unhais-o-Velho,LOCAL-061209,0.0,0,2,0.98,1,0.49,45.64,447,204,Pampilhosa da Serra,Coimbra,Centro
2019-12-03 11:13:36,Fajão-Vidual,LOCAL-061211,0.0,0,6,3.59,4,2.4,66.53,251,167,Pampilhosa da Serra,Coimbra,Centro
2019-12-03 11:13:36,Portela do Fojo-Machio,LOCAL-061212,0.0,0,6,2.93,8,3.9,59.77,343,205,Pampilhosa da Serra,Coimbra,Centro
2019-12-03 11:13:36,Carvalho,LOCAL-061301,0.0,0,13,4.56,9,3.16,37.55,759,285,Penacova,Coimbra,Centro
2019-12-03 11:13:36,Figueira de Lorvão,LOCAL-061302,0.0,0,28,2.19,27,2.11,52.52,2437,1280,Penacova,Coimbra,Centro
2019-12-03 11:13:36,Lorvão,LOCAL-061304,0.0,0,37,2.11,43,2.45,52.39,3354,1757,Penacova,Coimbra,Centro
2019-12-03 11:13:36,Penacova,LOCAL-061307,0.0,0,51,3.46,29,1.97,51.27,2873,1473,Penacova,Coimbra,Centro
2019-12-03 11:13:36,Sazes do Lorvão,LOCAL-061310,0.0,0,15,3.8,6,1.52,57.08,692,395,Penacova,Coimbra,Centro
2019-12-03 11:13:36,Friúmes e Paradela,LOCAL-061312,0.0,0,13,3.13,13,3.13,57.96,716,415,Penacova,Coimbra,Centro
2019-12-03 11:13:36,Oliveira do Mondego e Travanca do Mondego,LOCAL-061313,0.0,0,20,4.43,7,1.55,44.57,1012,451,Penacova,Coimbra,Centro
2019-12-03 11:13:36,São Pedro de Alva e São Paio de Mondego,LOCAL-061314,0.0,0,31,3.17,25,2.56,52.72,1855,978,Penacova,Coimbra,Centro
2019-12-03 11:13:36,Cumeeira,LOCAL-061401,0.0,0,20,3.91,16,3.13,58.94,867,511,Penela,Coimbra,Centro
2019-12-03 11:13:36,Espinhal,LOCAL-061402,0.0,0,11,3.25,7,2.07,53.48,632,338,Penela,Coimbra,Centro
2019-12-03 11:13:36,Podentes,LOCAL-061403,0.0,0,17,7.23,4,1.7,54.65,430,235,Penela,Coimbra,Centro
2019-12-03 11:13:36,"São Miguel, Santa Eufémia e Rabaçal",LOCAL-061407,0.0,0,49,3.28,35,2.34,51.45,2902,1493,Penela,Coimbra,Centro
2019-12-03 11:13:36,Alfarelos,LOCAL-061501,0.0,0,10,1.61,10,1.61,57.29,1084,621,Soure,Coimbra,Centro
2019-12-03 11:13:36,Figueiró do Campo,LOCAL-061504,0.0,0,25,3.26,13,1.69,62.11,1235,767,Soure,Coimbra,Centro
2019-12-03 11:13:36,Granja do Ulmeiro,LOCAL-061506,0.0,0,31,3.76,14,1.7,53.57,1540,825,Soure,Coimbra,Centro
2019-12-03 11:13:36,Samuel,LOCAL-061508,0.0,0,19,3.25,8,1.37,55.08,1062,585,Soure,Coimbra,Centro
2019-12-03 11:13:36,Soure,LOCAL-061509,0.0,0,134,3.76,82,2.3,50.75,7017,3561,Soure,Coimbra,Centro
2019-12-03 11:13:36,Tapéus,LOCAL-061510,0.0,0,6,3.31,7,3.87,58.01,312,181,Soure,Coimbra,Centro
2019-12-03 11:13:36,Vila Nova de Anços,LOCAL-061511,0.0,0,16,3.16,7,1.38,57.35,884,507,Soure,Coimbra,Centro
2019-12-03 11:13:36,Vinha da Rainha,LOCAL-061512,0.0,0,22,3.53,18,2.89,48.52,1284,623,Soure,Coimbra,Centro
2019-12-03 11:13:36,Degracias e Pombalinho,LOCAL-061513,0.0,0,25,4.25,19,3.23,49.66,1184,588,Soure,Coimbra,Centro
2019-12-03 11:13:36,Gesteira e Brunhós,LOCAL-061514,0.0,0,26,4.71,15,2.72,58.17,949,552,Soure,Coimbra,Centro
2019-12-03 11:13:36,Candosa,LOCAL-061602,0.0,0,5,1.45,3,0.87,56.39,610,344,Tábua,Coimbra,Centro
2019-12-03 11:13:36,Carapinha,LOCAL-061603,0.0,0,21,10.19,4,1.94,62.8,328,206,Tábua,Coimbra,Centro
2019-12-03 11:13:36,Midões,LOCAL-061608,0.0,0,13,1.6,22,2.71,55.1,1472,811,Tábua,Coimbra,Centro
2019-12-03 11:13:36,Mouronho,LOCAL-061609,0.0,0,19,4.99,17,4.46,54.9,694,381,Tábua,Coimbra,Centro
2019-12-03 11:13:36,Póvoa de Midões,LOCAL-061611,0.0,0,11,4.12,3,1.12,53.51,499,267,Tábua,Coimbra,Centro
2019-12-03 11:13:36,São João da Boa Vista,LOCAL-061612,0.0,0,7,3.21,6,2.75,55.47,393,218,Tábua,Coimbra,Centro
2019-12-03 11:13:36,Tábua,LOCAL-061614,0.0,0,50,3.36,54,3.63,49.26,3021,1488,Tábua,Coimbra,Centro
2019-12-03 11:13:36,Ázere e Covelo,LOCAL-061616,0.0,0,7,1.85,13,3.43,48.4,783,379,Tábua,Coimbra,Centro
2019-12-03 11:13:36,Covas e Vila Nova de Oliveirinha,LOCAL-061617,0.0,0,10,1.67,17,2.84,53.73,1113,598,Tábua,Coimbra,Centro
2019-12-03 11:13:36,Espariz e Sinde,LOCAL-061618,0.0,0,11,2.28,11,2.28,56.43,856,483,Tábua,Coimbra,Centro
2019-12-03 11:13:36,Pinheiro de Coja e Meda de Mouros,LOCAL-061619,0.0,0,7,2.73,6,2.34,56.64,452,256,Tábua,Coimbra,Centro
2019-12-03 11:13:36,Arrifana,LOCAL-061701,0.0,0,26,4.37,15,2.52,47.83,1244,595,Vila Nova de Poiares,Coimbra,Centro
2019-12-03 11:13:36,Lavegadas,LOCAL-061702,0.0,0,3,2.83,3,2.83,61.99,171,106,Vila Nova de Poiares,Coimbra,Centro
2019-12-03 11:13:36,Poiares (Santo André),LOCAL-061703,0.0,0,69,4.03,48,2.8,47.31,3619,1712,Vila Nova de Poiares,Coimbra,Centro
2019-12-03 11:13:36,São Miguel de Poiares,LOCAL-061704,0.0,0,20,3.44,14,2.41,50.96,1142,582,Vila Nova de Poiares,Coimbra,Centro
2019-12-03 11:13:36,Santiago Maior,LOCAL-070103,0.0,0,5,0.52,9,0.94,53.43,1795,959,Alandroal,Évora,Alentejo
2019-12-03 11:13:36,Capelins (Santo António),LOCAL-070104,0.0,0,6,3.05,2,1.02,48.76,404,197,Alandroal,Évora,Alentejo
2019-12-03 11:13:36,Terena (São Pedro),LOCAL-070105,0.0,0,2,0.54,8,2.17,60.2,613,369,Alandroal,Évora,Alentejo
2019-12-03 11:13:36,"N.S. Conceição, S.Brás Matos, Juromenha",LOCAL-070107,0.0,0,12,1.23,14,1.44,53.94,1804,973,Alandroal,Évora,Alentejo
2019-12-03 11:13:36,Arraiolos,LOCAL-070201,0.0,0,42,2.3,42,2.3,65.51,2789,1827,Arraiolos,Évora,Alentejo
2019-12-03 11:13:36,Igrejinha,LOCAL-070202,0.0,0,11,2.28,7,1.45,62.0,779,483,Arraiolos,Évora,Alentejo
2019-12-03 11:13:36,Vimieiro,LOCAL-070206,0.0,0,14,2.31,18,2.97,49.63,1223,607,Arraiolos,Évora,Alentejo
2019-12-03 11:13:36,Gafanhoeira (São Pedro) e Sabugueiro,LOCAL-070208,0.0,0,10,2.12,8,1.69,67.72,697,472,Arraiolos,Évora,Alentejo
2019-12-03 11:13:36,São Gregório e Santa Justa,LOCAL-070209,0.0,0,3,1.21,2,0.81,58.25,424,247,Arraiolos,Évora,Alentejo
2019-12-03 11:13:36,Borba (Matriz),LOCAL-070301,0.0,0,33,1.94,24,1.41,56.42,3020,1704,Borba,Évora,Alentejo
2019-12-03 11:13:36,Orada,LOCAL-070302,0.0,0,6,1.95,5,1.62,51.16,602,308,Borba,Évora,Alentejo
2019-12-03 11:13:36,Rio de Moinhos,LOCAL-070303,0.0,0,19,2.01,16,1.69,53.72,1763,947,Borba,Évora,Alentejo
2019-12-03 11:13:36,Borba (São Bartolomeu),LOCAL-070304,0.0,0,5,1.47,5,1.47,57.85,586,339,Borba,Évora,Alentejo
2019-12-03 11:13:36,Arcos,LOCAL-070401,0.0,0,16,3.46,9,1.95,50.6,913,462,Estremoz,Évora,Alentejo
2019-12-03 11:13:36,Glória,LOCAL-070402,0.0,0,1,0.43,4,1.72,54.44,428,233,Estremoz,Évora,Alentejo
2019-12-03 11:13:36,Évora Monte (Santa Maria),LOCAL-070404,0.0,0,7,2.66,8,3.04,57.55,457,263,Estremoz,Évora,Alentejo
2019-12-03 11:13:36,São Domingos de Ana Loura,LOCAL-070411,0.0,0,4,2.4,1,0.6,60.95,274,167,Estremoz,Évora,Alentejo
2019-12-03 11:13:36,Veiros,LOCAL-070413,0.0,0,8,1.79,6,1.35,55.33,806,446,Estremoz,Évora,Alentejo
2019-12-03 11:13:36,Estremoz (Santa Maria e Santo André),LOCAL-070414,0.0,0,92,2.7,51,1.49,48.5,7037,3413,Estremoz,Évora,Alentejo
2019-12-03 11:13:36,São Bento do Cortiço e Santo Estêvão,LOCAL-070415,0.0,0,8,2.33,7,2.04,55.14,622,343,Estremoz,Évora,Alentejo
2019-12-03 11:13:36,São Lourenço de Mamporcão e São Bento de Ana Loura,LOCAL-070416,0.0,0,10,3.33,2,0.67,69.77,430,300,Estremoz,Évora,Alentejo
2019-12-03 11:13:36,Ameixial (Santa Vitória e São Bento),LOCAL-070417,0.0,0,0,0.0,4,1.2,58.09,575,334,Estremoz,Évora,Alentejo
2019-12-03 11:13:36,Nossa Senhora da Graça do Divor,LOCAL-070502,0.0,0,7,2.86,4,1.63,63.47,386,245,Évora,Évora,Alentejo
2019-12-03 11:13:36,Nossa Senhora de Machede,LOCAL-070503,0.0,0,12,2.53,4,0.84,59.18,801,474,Évora,Évora,Alentejo
2019-12-03 11:13:36,São Bento do Mato,LOCAL-070506,0.0,0,19,3.84,14,2.83,52.83,937,495,Évora,Évora,Alentejo
2019-12-03 11:13:36,São Miguel de Machede,LOCAL-070509,0.0,0,11,3.19,6,1.74,55.74,619,345,Évora,Évora,Alentejo
2019-12-03 11:13:36,Torre de Coelheiros,LOCAL-070513,0.0,0,5,1.99,6,2.39,53.98,465,251,Évora,Évora,Alentejo
2019-12-03 11:13:36,Canaviais,LOCAL-070515,0.0,0,47,3.01,20,1.28,59.33,2631,1561,Évora,Évora,Alentejo
2019-12-03 11:13:36,Bacelo e Senhora da Saúde,LOCAL-070522,0.0,0,210,2.43,110,1.27,54.67,15805,8641,Évora,Évora,Alentejo
2019-12-03 11:13:36,"Évora (São Mamede, Sé, São Pedro e Santo Antão)",LOCAL-070523,0.0,0,53,2.2,32,1.33,56.09,4302,2413,Évora,Évora,Alentejo
2019-12-03 11:13:36,Malagueira e Horta das Figueiras,LOCAL-070524,0.0,0,242,2.44,133,1.34,53.63,18485,9913,Évora,Évora,Alentejo
2019-12-03 11:13:36,N.S. da Tourega e N.S. de Guadalupe,LOCAL-070525,0.0,0,8,1.54,8,1.54,60.44,862,521,Évora,Évora,Alentejo
2019-12-03 11:13:36,São Manços e São Vicente do Pigeiro,LOCAL-070526,0.0,0,6,1.07,6,1.07,55.03,1023,563,Évora,Évora,Alentejo
2019-12-03 11:13:36,S.Sebastião da Giesteira e N.S. da Boa Fé,LOCAL-070527,0.0,0,9,1.87,7,1.45,57.18,843,482,Évora,Évora,Alentejo
2019-12-03 11:13:36,Cabrela,LOCAL-070601,0.0,0,1,0.37,2,0.74,59.6,453,270,Montemor-o-Novo,Évora,Alentejo
2019-12-03 11:13:36,Santiago do Escoural,LOCAL-070605,0.0,0,13,2.12,5,0.82,60.75,1009,613,Montemor-o-Novo,Évora,Alentejo
2019-12-03 11:13:36,São Cristóvão,LOCAL-070606,0.0,0,4,1.37,4,1.37,62.85,463,291,Montemor-o-Novo,Évora,Alentejo
2019-12-03 11:13:36,Ciborro,LOCAL-070607,0.0,0,16,4.46,5,1.39,59.44,604,359,Montemor-o-Novo,Évora,Alentejo
2019-12-03 11:13:36,Foros de Vale de Figueira,LOCAL-070610,0.0,0,22,3.89,1,0.18,62.4,907,566,Montemor-o-Novo,Évora,Alentejo
2019-12-03 11:13:36,Cortiçadas de Lavre e Lavre,LOCAL-070611,0.0,0,13,1.78,7,0.96,62.11,1177,731,Montemor-o-Novo,Évora,Alentejo
2019-12-03 11:13:36,"N.S. da Vila, N.S. do Bispo e Silveiras",LOCAL-070612,0.0,0,148,2.69,57,1.04,57.94,9480,5493,Montemor-o-Novo,Évora,Alentejo
2019-12-03 11:13:36,Brotas,LOCAL-070701,0.0,0,6,2.52,1,0.42,68.0,350,238,Mora,Évora,Alentejo
2019-12-03 11:13:36,Cabeção,LOCAL-070702,0.0,0,6,1.27,4,0.85,50.43,934,471,Mora,Évora,Alentejo
2019-12-03 11:13:36,Mora,LOCAL-070703,0.0,0,36,3.11,13,1.12,55.91,2073,1159,Mora,Évora,Alentejo
2019-12-03 11:13:36,Pavia,LOCAL-070704,0.0,0,11,2.66,7,1.69,56.87,728,414,Mora,Évora,Alentejo
2019-12-03 11:13:36,Granja,LOCAL-070801,0.0,0,3,1.27,3,1.27,44.11,535,236,Mourão,Évora,Alentejo
2019-12-03 11:13:36,Luz,LOCAL-070802,0.0,0,4,2.4,3,1.8,63.5,263,167,Mourão,Évora,Alentejo
2019-12-03 11:13:36,Mourão,LOCAL-070803,0.0,0,8,1.18,7,1.04,49.38,1369,676,Mourão,Évora,Alentejo
2019-12-03 11:13:36,Monte do Trigo,LOCAL-070903,0.0,0,5,0.96,2,0.38,50.53,1033,522,Portel,Évora,Alentejo
2019-12-03 11:13:36,Portel,LOCAL-070905,0.0,0,14,1.15,24,1.98,56.89,2134,1214,Portel,Évora,Alentejo
2019-12-03 11:13:36,Santana,LOCAL-070906,0.0,0,5,2.4,4,1.92,48.94,425,208,Portel,Évora,Alentejo
2019-12-03 11:13:36,Vera Cruz,LOCAL-070908,0.0,0,2,1.21,1,0.61,52.55,314,165,Portel,Évora,Alentejo
2019-12-03 11:13:36,Amieira e Alqueva,LOCAL-070909,0.0,0,2,0.54,4,1.08,65.72,563,370,Portel,Évora,Alentejo
2019-12-03 11:13:36,São Bartolomeu do Outeiro e Oriola,LOCAL-070910,0.0,0,6,1.59,6,1.59,54.39,695,378,Portel,Évora,Alentejo
2019-12-03 11:13:36,Montoito,LOCAL-071001,0.0,0,9,1.79,8,1.59,50.2,1002,503,Redondo,Évora,Alentejo
2019-12-03 11:13:36,Redondo,LOCAL-071002,0.0,0,50,2.2,33,1.46,48.82,4646,2268,Redondo,Évora,Alentejo
2019-12-03 11:13:36,Corval,LOCAL-071102,0.0,0,23,3.92,11,1.87,51.72,1135,587,Reguengos de Monsaraz,Évora,Alentejo
2019-12-03 11:13:36,Monsaraz,LOCAL-071103,0.0,0,8,2.22,4,1.11,56.14,643,361,Reguengos de Monsaraz,Évora,Alentejo
2019-12-03 11:13:36,Reguengos de Monsaraz,LOCAL-071104,0.0,0,69,2.59,46,1.73,44.64,5966,2663,Reguengos de Monsaraz,Évora,Alentejo
2019-12-03 11:13:36,Campo e Campinho,LOCAL-071106,0.0,0,6,1.09,13,2.37,46.64,1175,548,Reguengos de Monsaraz,Évora,Alentejo
2019-12-03 11:13:36,Vendas Novas,LOCAL-071201,0.0,0,118,2.4,74,1.5,52.43,9392,4924,Vendas Novas,Évora,Alentejo
2019-12-03 11:13:36,Landeira,LOCAL-071202,0.0,0,4,1.03,2,0.51,65.82,591,389,Vendas Novas,Évora,Alentejo
2019-12-03 11:13:36,Alcáçovas,LOCAL-071301,0.0,0,21,2.45,9,1.05,51.32,1672,858,Viana do Alentejo,Évora,Alentejo
2019-12-03 11:13:36,Viana do Alentejo,LOCAL-071302,0.0,0,14,1.26,21,1.89,49.56,2248,1114,Viana do Alentejo,Évora,Alentejo
2019-12-03 11:13:36,Aguiar,LOCAL-071303,0.0,0,9,1.94,4,0.86,64.53,719,464,Viana do Alentejo,Évora,Alentejo
2019-12-03 11:13:36,Bencatel,LOCAL-071401,0.0,0,12,1.59,9,1.2,55.12,1366,753,Vila Viçosa,Évora,Alentejo
2019-12-03 11:13:36,Ciladas,LOCAL-071402,0.0,0,5,1.34,7,1.87,44.21,846,374,Vila Viçosa,Évora,Alentejo
2019-12-03 11:13:36,Pardais,LOCAL-071404,0.0,0,3,1.28,9,3.83,54.65,430,235,Vila Viçosa,Évora,Alentejo
2019-12-03 11:13:36,Nossa Senhora da Conceição e São Bartolomeu,LOCAL-071406,0.0,0,61,2.84,35,1.63,51.66,4156,2147,Vila Viçosa,Évora,Alentejo
2019-12-03 11:13:36,Guia,LOCAL-080102,0.0,0,37,2.4,33,2.14,45.1,3417,1541,Albufeira,Faro,Algarve
2019-12-03 11:13:36,Paderne,LOCAL-080103,0.0,0,27,2.15,31,2.47,47.56,2643,1257,Albufeira,Faro,Algarve
2019-12-03 11:13:36,Ferreiras,LOCAL-080104,0.0,0,86,3.42,49,1.95,46.75,5371,2511,Albufeira,Faro,Algarve
2019-12-03 11:13:36,Albufeira e Olhos de Água,LOCAL-080106,0.0,0,247,2.82,148,1.69,37.8,23180,8763,Albufeira,Faro,Algarve
2019-12-03 11:13:36,Giões,LOCAL-080202,0.0,0,2,1.83,3,2.75,61.24,178,109,Alcoutim,Faro,Algarve
2019-12-03 11:13:36,Martim Longo,LOCAL-080203,0.0,0,15,2.91,15,2.91,57.72,894,516,Alcoutim,Faro,Algarve
2019-12-03 11:13:36,Vaqueiros,LOCAL-080205,0.0,0,3,1.56,6,3.13,49.23,390,192,Alcoutim,Faro,Algarve
2019-12-03 11:13:36,Alcoutim e Pereiro,LOCAL-080206,0.0,0,17,3.22,4,0.76,56.84,929,528,Alcoutim,Faro,Algarve
2019-12-03 11:13:36,Aljezur,LOCAL-080301,0.0,0,22,2.13,25,2.42,48.59,2126,1033,Aljezur,Faro,Algarve
2019-12-03 11:13:36,Bordeira,LOCAL-080302,0.0,0,8,5.8,3,2.17,44.81,308,138,Aljezur,Faro,Algarve
2019-12-03 11:13:36,Odeceixe,LOCAL-080303,0.0,0,15,3.57,8,1.9,54.83,766,420,Aljezur,Faro,Algarve
2019-12-03 11:13:36,Rogil,LOCAL-080304,0.0,0,12,2.37,14,2.76,57.88,876,507,Aljezur,Faro,Algarve
2019-12-03 11:13:36,Azinhal,LOCAL-080401,0.0,0,11,4.74,8,3.45,53.09,437,232,Castro Marim,Faro,Algarve
2019-12-03 11:13:36,Castro Marim,LOCAL-080402,0.0,0,24,1.83,13,0.99,45.69,2874,1313,Castro Marim,Faro,Algarve
2019-12-03 11:13:36,Odeleite,LOCAL-080403,0.0,0,5,1.71,7,2.39,51.13,573,293,Castro Marim,Faro,Algarve
2019-12-03 11:13:36,Altura,LOCAL-080404,0.0,0,18,2.11,11,1.29,45.89,1863,855,Castro Marim,Faro,Algarve
2019-12-03 11:13:36,Santa Bárbara de Nexe,LOCAL-080503,0.0,0,40,2.77,28,1.94,48.17,3000,1445,Faro,Faro,Algarve
2019-12-03 11:13:36,Montenegro,LOCAL-080506,0.0,0,107,2.76,49,1.27,54.78,7066,3871,Faro,Faro,Algarve
2019-12-03 11:13:36,Conceição e Estoi,LOCAL-080507,0.0,0,92,2.87,52,1.62,47.54,6755,3211,Faro,Faro,Algarve
2019-12-03 11:13:36,Faro (Sé e São Pedro),LOCAL-080508,0.0,0,554,2.76,256,1.28,50.45,39761,20060,Faro,Faro,Algarve
2019-12-03 11:13:36,Ferragudo,LOCAL-080602,0.0,0,16,2.03,13,1.65,49.87,1578,787,Lagoa,Faro,Algarve
2019-12-03 11:13:36,Porches,LOCAL-080604,0.0,0,14,2.07,11,1.63,41.42,1632,676,Lagoa,Faro,Algarve
2019-12-03 11:13:36,Estômbar e Parchal,LOCAL-080607,0.0,0,93,2.56,67,1.84,49.09,7411,3638,Lagoa,Faro,Algarve
2019-12-03 11:13:36,Lagoa e Carvoeiro,LOCAL-080608,0.0,0,92,2.48,70,1.88,46.92,7918,3715,Lagoa,Faro,Algarve
2019-12-03 11:13:36,Luz,LOCAL-080703,0.0,0,44,4.45,15,1.52,44.54,2218,988,Lagos,Faro,Algarve
2019-12-03 11:13:36,Odiáxere,LOCAL-080704,0.0,0,33,3.42,18,1.86,45.44,2126,966,Lagos,Faro,Algarve
2019-12-03 11:13:36,Bensafrim e Barão de São João,LOCAL-080707,0.0,0,32,3.74,14,1.64,50.95,1678,855,Lagos,Faro,Algarve
2019-12-03 11:13:36,São Gonçalo de Lagos,LOCAL-080708,0.0,0,220,2.81,122,1.56,44.33,17637,7819,Lagos,Faro,Algarve
2019-12-03 11:13:36,Almancil,LOCAL-080801,0.0,0,76,2.4,67,2.11,39.92,7949,3173,Loulé,Faro,Algarve
2019-12-03 11:13:36,Alte,LOCAL-080802,0.0,0,22,2.75,17,2.13,51.81,1544,800,Loulé,Faro,Algarve
2019-12-03 11:13:36,Ameixial,LOCAL-080803,0.0,0,4,1.82,3,1.36,58.98,373,220,Loulé,Faro,Algarve
2019-12-03 11:13:36,Boliqueime,LOCAL-080804,0.0,0,78,4.12,61,3.22,47.85,3954,1892,Loulé,Faro,Algarve
2019-12-03 11:13:36,Quarteira,LOCAL-080805,0.0,0,209,2.86,119,1.63,37.23,19631,7308,Loulé,Faro,Algarve
2019-12-03 11:13:36,Salir,LOCAL-080807,0.0,0,39,3.52,32,2.89,48.58,2283,1109,Loulé,Faro,Algarve
2019-12-03 11:13:36,Loulé (São Clemente),LOCAL-080808,0.0,0,227,3.29,148,2.14,45.34,15234,6907,Loulé,Faro,Algarve
2019-12-03 11:13:36,Loulé (São Sebastião),LOCAL-080809,0.0,0,94,3.28,50,1.75,46.11,6211,2864,Loulé,Faro,Algarve
2019-12-03 11:13:36,"Querença, Tôr e Benafim",LOCAL-080812,0.0,0,43,3.87,23,2.07,52.16,2128,1110,Loulé,Faro,Algarve
2019-12-03 11:13:36,Alferce,LOCAL-080901,0.0,0,5,2.75,7,3.85,60.26,302,182,Monchique,Faro,Algarve
2019-12-03 11:13:36,Marmelete,LOCAL-080902,0.0,0,16,4.48,10,2.8,63.41,563,357,Monchique,Faro,Algarve
2019-12-03 11:13:36,Monchique,LOCAL-080903,0.0,0,76,3.31,65,2.83,62.09,3696,2295,Monchique,Faro,Algarve
2019-12-03 11:13:36,Olhão,LOCAL-081003,0.0,0,120,2.43,62,1.26,39.13,12596,4929,Olhão,Faro,Algarve
2019-12-03 11:13:36,Pechão,LOCAL-081004,0.0,0,39,2.71,16,1.11,49.91,2883,1439,Olhão,Faro,Algarve
2019-12-03 11:13:36,Quelfes,LOCAL-081005,0.0,0,153,2.55,108,1.8,42.18,14222,5999,Olhão,Faro,Algarve
2019-12-03 11:13:36,Moncarapacho e Fuseta,LOCAL-081006,0.0,0,101,2.77,71,1.94,48.42,7543,3652,Olhão,Faro,Algarve
2019-12-03 11:13:36,Alvor,LOCAL-081101,0.0,0,70,2.81,33,1.32,48.69,5122,2494,Portimão,Faro,Algarve
2019-12-03 11:13:36,Mexilhoeira Grande,LOCAL-081102,0.0,0,63,3.65,31,1.8,53.77,3208,1725,Portimão,Faro,Algarve
2019-12-03 11:13:36,Portimão,LOCAL-081103,0.0,0,447,2.48,295,1.63,44.56,40518,18055,Portimão,Faro,Algarve
2019-12-03 11:13:36,São Brás de Alportel,LOCAL-081201,0.0,0,149,3.29,81,1.79,49.22,9205,4531,São Brás de Alportel,Faro,Algarve
2019-12-03 11:13:36,Armação de Pêra,LOCAL-081303,0.0,0,39,2.05,32,1.69,41.36,4589,1898,Silves,Faro,Algarve
2019-12-03 11:13:36,São Bartolomeu de Messines,LOCAL-081305,0.0,0,127,3.77,86,2.55,50.07,6727,3368,Silves,Faro,Algarve
2019-12-03 11:13:36,São Marcos da Serra,LOCAL-081306,0.0,0,21,4.29,17,3.48,50.46,969,489,Silves,Faro,Algarve
2019-12-03 11:13:36,Silves,LOCAL-081307,0.0,0,137,3.19,95,2.21,48.69,8813,4291,Silves,Faro,Algarve
2019-12-03 11:13:36,Alcantarilha e Pêra,LOCAL-081309,0.0,0,50,2.74,39,2.14,47.21,3868,1826,Silves,Faro,Algarve
2019-12-03 11:13:36,Algoz e Tunes,LOCAL-081310,0.0,0,58,2.43,64,2.68,48.21,4955,2389,Silves,Faro,Algarve
2019-12-03 11:13:36,Cachopo,LOCAL-081401,0.0,0,9,3.35,8,2.97,50.75,530,269,Tavira,Faro,Algarve
2019-12-03 11:13:36,Santa Catarina da Fonte do Bispo,LOCAL-081404,0.0,0,26,3.51,28,3.78,56.65,1308,741,Tavira,Faro,Algarve
2019-12-03 11:13:36,Santa Luzia,LOCAL-081408,0.0,0,21,3.39,15,2.42,48.06,1288,619,Tavira,Faro,Algarve
2019-12-03 11:13:36,Conceição e Cabanas de Tavira,LOCAL-081410,0.0,0,28,2.64,22,2.07,45.7,2324,1062,Tavira,Faro,Algarve
2019-12-03 11:13:36,Luz de Tavira e Santo Estêvão,LOCAL-081411,0.0,0,65,3.53,38,2.06,51.39,3586,1843,Tavira,Faro,Algarve
2019-12-03 11:13:36,Tavira (Santa Maria e Santiago),LOCAL-081412,0.0,0,188,3.14,100,1.67,48.19,12433,5992,Tavira,Faro,Algarve
2019-12-03 11:13:36,Barão de São Miguel,LOCAL-081501,0.0,0,8,4.88,2,1.22,61.89,265,164,Vila do Bispo,Faro,Algarve
2019-12-03 11:13:36,Budens,LOCAL-081502,0.0,0,11,2.26,8,1.65,47.0,1034,486,Vila do Bispo,Faro,Algarve
2019-12-03 11:13:36,Sagres,LOCAL-081504,0.0,0,26,4.03,11,1.71,41.35,1560,645,Vila do Bispo,Faro,Algarve
2019-12-03 11:13:36,Vila do Bispo e Raposeira,LOCAL-081506,0.0,0,23,4.32,12,2.26,50.71,1049,532,Vila do Bispo,Faro,Algarve
2019-12-03 11:13:36,Vila Nova de Cacela,LOCAL-081601,0.0,0,52,3.69,16,1.13,43.0,3279,1410,Vila Real de Santo António,Faro,Algarve
2019-12-03 11:13:36,Vila Real de Santo António,LOCAL-081602,0.0,0,80,1.85,72,1.66,41.79,10360,4329,Vila Real de Santo António,Faro,Algarve
2019-12-03 11:13:36,Monte Gordo,LOCAL-081603,0.0,0,14,1.31,12,1.13,34.45,3094,1066,Vila Real de Santo António,Faro,Algarve
2019-12-03 11:13:36,Carapito,LOCAL-090102,0.0,0,9,3.77,3,1.26,53.83,444,239,Aguiar da Beira,Guarda,Centro
2019-12-03 11:13:36,Cortiçada,LOCAL-090103,0.0,0,5,2.53,7,3.54,44.9,441,198,Aguiar da Beira,Guarda,Centro
2019-12-03 11:13:36,Dornelas,LOCAL-090105,0.0,0,9,2.59,9,2.59,51.64,672,347,Aguiar da Beira,Guarda,Centro
2019-12-03 11:13:36,Eirado,LOCAL-090106,0.0,0,10,6.85,1,0.68,59.84,244,146,Aguiar da Beira,Guarda,Centro
2019-12-03 11:13:36,Forninhos,LOCAL-090107,0.0,0,3,2.44,2,1.63,54.19,227,123,Aguiar da Beira,Guarda,Centro
2019-12-03 11:13:36,Pena Verde,LOCAL-090109,0.0,0,5,1.39,12,3.32,45.01,802,361,Aguiar da Beira,Guarda,Centro
2019-12-03 11:13:36,Pinheiro,LOCAL-090110,0.0,0,4,2.67,4,2.67,47.92,313,150,Aguiar da Beira,Guarda,Centro
2019-12-03 11:13:36,Aguiar da Beira e Coruche,LOCAL-090114,0.0,0,34,3.91,26,2.99,46.95,1851,869,Aguiar da Beira,Guarda,Centro
2019-12-03 11:13:36,Sequeiros e Gradiz,LOCAL-090115,0.0,0,6,2.53,7,2.95,48.17,492,237,Aguiar da Beira,Guarda,Centro
2019-12-03 11:13:36,Souto de Aguiar da Beira e Valverde,LOCAL-090116,0.0,0,11,4.21,2,0.77,48.33,540,261,Aguiar da Beira,Guarda,Centro
2019-12-03 11:13:36,Almeida,LOCAL-090203,0.0,0,22,3.8,17,2.94,51.65,1121,579,Almeida,Guarda,Centro
2019-12-03 11:13:36,Castelo Bom,LOCAL-090207,0.0,0,3,4.11,1,1.37,42.2,173,73,Almeida,Guarda,Centro
2019-12-03 11:13:36,Freineda,LOCAL-090209,0.0,0,1,0.93,5,4.63,48.87,221,108,Almeida,Guarda,Centro
2019-12-03 11:13:36,Freixo,LOCAL-090210,0.0,0,1,0.93,3,2.78,58.7,184,108,Almeida,Guarda,Centro
2019-12-03 11:13:36,Malhada Sorda,LOCAL-090213,0.0,0,5,4.24,7,5.93,31.64,373,118,Almeida,Guarda,Centro
2019-12-03 11:13:36,Nave de Haver,LOCAL-090219,0.0,0,5,3.03,2,1.21,34.52,478,165,Almeida,Guarda,Centro
2019-12-03 11:13:36,São Pedro de Rio Seco,LOCAL-090224,0.0,0,4,4.6,0,0.0,45.79,190,87,Almeida,Guarda,Centro
2019-12-03 11:13:36,Vale da Mula,LOCAL-090227,0.0,0,0,0.0,4,4.17,45.5,211,96,Almeida,Guarda,Centro
2019-12-03 11:13:36,Vilar Formoso,LOCAL-090229,0.0,0,23,2.47,22,2.36,47.68,1957,933,Almeida,Guarda,Centro
2019-12-03 11:13:36,"Amoreira, Parada e Cabreira",LOCAL-090230,0.0,0,4,1.93,5,2.42,60.88,340,207,Almeida,Guarda,Centro
2019-12-03 11:13:36,"Azinhal, Peva e Valverde",LOCAL-090231,0.0,0,1,0.76,4,3.03,49.25,268,132,Almeida,Guarda,Centro
2019-12-03 11:13:36,"Castelo Mendo, Ade, Monteperobolso e Mesquitela",LOCAL-090232,0.0,0,3,2.22,5,3.7,47.87,282,135,Almeida,Guarda,Centro
2019-12-03 11:13:36,Junça e Naves,LOCAL-090233,0.0,0,0,0.0,4,3.64,43.82,251,110,Almeida,Guarda,Centro
2019-12-03 11:13:36,"Leomil, Mido, Senouras e Aldeia Nova",LOCAL-090234,0.0,0,4,4.21,3,3.16,39.09,243,95,Almeida,Guarda,Centro
2019-12-03 11:13:36,Malpartida e Vale de Coelha,LOCAL-090235,0.0,0,4,3.23,2,1.61,50.0,248,124,Almeida,Guarda,Centro
2019-12-03 11:13:36,Miuzela e Porto de Ovelha,LOCAL-090236,0.0,0,4,2.15,7,3.76,44.29,420,186,Almeida,Guarda,Centro
2019-12-03 11:13:36,Baraçal,LOCAL-090302,0.0,0,2,1.94,2,1.94,41.87,246,103,Celorico da Beira,Guarda,Centro
2019-12-03 11:13:36,Carrapichana,LOCAL-090304,0.0,0,5,4.76,1,0.95,42.0,250,105,Celorico da Beira,Guarda,Centro
2019-12-03 11:13:36,Forno Telheiro,LOCAL-090306,0.0,0,5,1.74,4,1.39,45.07,639,288,Celorico da Beira,Guarda,Centro
2019-12-03 11:13:36,Lajeosa do Mondego,LOCAL-090307,0.0,0,5,1.51,5,1.51,53.82,615,331,Celorico da Beira,Guarda,Centro
2019-12-03 11:13:36,Linhares,LOCAL-090308,0.0,0,2,2.17,1,1.09,32.97,279,92,Celorico da Beira,Guarda,Centro
2019-12-03 11:13:36,Maçal do Chão,LOCAL-090309,0.0,0,1,1.28,1,1.28,42.62,183,78,Celorico da Beira,Guarda,Centro
2019-12-03 11:13:36,Mesquitela,LOCAL-090310,0.0,0,2,1.87,2,1.87,39.93,268,107,Celorico da Beira,Guarda,Centro
2019-12-03 11:13:36,Minhocal,LOCAL-090311,0.0,0,3,3.61,2,2.41,45.6,182,83,Celorico da Beira,Guarda,Centro
2019-12-03 11:13:36,Prados,LOCAL-090312,0.0,0,0,0.0,2,2.3,32.83,265,87,Celorico da Beira,Guarda,Centro
2019-12-03 11:13:36,Ratoeira,LOCAL-090314,0.0,0,7,5.07,3,2.17,47.92,288,138,Celorico da Beira,Guarda,Centro
2019-12-03 11:13:36,Vale de Azares,LOCAL-090318,0.0,0,7,3.4,5,2.43,53.79,383,206,Celorico da Beira,Guarda,Centro
2019-12-03 11:13:36,Casas do Soeiro,LOCAL-090322,0.0,0,9,3.01,11,3.68,58.74,509,299,Celorico da Beira,Guarda,Centro
2019-12-03 11:13:36,Açores e Velosa,LOCAL-090323,0.0,0,6,2.62,4,1.75,42.49,539,229,Celorico da Beira,Guarda,Centro
2019-12-03 11:13:36,São Pedro e Santa Maria e Vila Boa do Mondego,LOCAL-090324,0.0,0,22,2.12,28,2.69,46.08,2255,1039,Celorico da Beira,Guarda,Centro
2019-12-03 11:13:36,"Cortiçô da Serra, Vide entre Vinhas e Salgueirais",LOCAL-090325,0.0,0,3,1.27,8,3.38,51.3,462,237,Celorico da Beira,Guarda,Centro
2019-12-03 11:13:36,Rapa e Cadafaz,LOCAL-090326,0.0,0,4,2.31,8,4.62,56.54,306,173,Celorico da Beira,Guarda,Centro
2019-12-03 11:13:36,Castelo Rodrigo,LOCAL-090403,0.0,0,0,0.0,1,0.87,54.25,212,115,Figueira de Castelo Rodrigo,Guarda,Centro
2019-12-03 11:13:36,Escalhão,LOCAL-090406,0.0,0,4,1.16,9,2.62,50.44,682,344,Figueira de Castelo Rodrigo,Guarda,Centro
2019-12-03 11:13:36,Figueira de Castelo Rodrigo,LOCAL-090408,0.0,0,14,1.33,27,2.57,49.39,2128,1051,Figueira de Castelo Rodrigo,Guarda,Centro
2019-12-03 11:13:36,Mata de Lobos,LOCAL-090410,0.0,0,2,1.15,7,4.02,50.14,347,174,Figueira de Castelo Rodrigo,Guarda,Centro
2019-12-03 11:13:36,Vermiosa,LOCAL-090415,0.0,0,2,1.74,3,2.61,29.34,392,115,Figueira de Castelo Rodrigo,Guarda,Centro
2019-12-03 11:13:36,"Algodres, Vale de Afonsinho e Vilar de Amargo",LOCAL-090418,0.0,0,2,0.8,7,2.81,56.33,442,249,Figueira de Castelo Rodrigo,Guarda,Centro
2019-12-03 11:13:36,Almofala e Escarigo,LOCAL-090419,0.0,0,6,4.84,4,3.23,47.51,261,124,Figueira de Castelo Rodrigo,Guarda,Centro
2019-12-03 11:13:36,Cinco Vilas e Reigada,LOCAL-090420,0.0,0,1,0.55,5,2.76,47.51,381,181,Figueira de Castelo Rodrigo,Guarda,Centro
2019-12-03 11:13:36,"Freixeda Torrão, Quintã Pêro Martins, Penha Águia",LOCAL-090421,0.0,0,2,0.85,8,3.4,52.69,446,235,Figueira de Castelo Rodrigo,Guarda,Centro
2019-12-03 11:13:36,Colmeal e Vilar Torpim,LOCAL-090422,0.0,0,3,2.83,5,4.72,44.35,239,106,Figueira de Castelo Rodrigo,Guarda,Centro
2019-12-03 11:13:36,Algodres,LOCAL-090501,0.0,0,5,2.87,5,2.87,54.89,317,174,Fornos de Algodres,Guarda,Centro
2019-12-03 11:13:36,Casal Vasco,LOCAL-090502,0.0,0,0,0.0,4,3.77,52.48,202,106,Fornos de Algodres,Guarda,Centro
2019-12-03 11:13:36,Figueiró da Granja,LOCAL-090504,0.0,0,1,0.44,4,1.76,60.86,373,227,Fornos de Algodres,Guarda,Centro
2019-12-03 11:13:36,Fornos de Algodres,LOCAL-090505,0.0,0,32,3.9,13,1.59,59.16,1386,820,Fornos de Algodres,Guarda,Centro
2019-12-03 11:13:36,Infias,LOCAL-090507,0.0,0,3,1.92,2,1.28,69.96,223,156,Fornos de Algodres,Guarda,Centro
2019-12-03 11:13:36,Maceira,LOCAL-090509,0.0,0,1,0.66,4,2.65,65.09,232,151,Fornos de Algodres,Guarda,Centro
2019-12-03 11:13:36,Matança,LOCAL-090510,0.0,0,3,2.65,3,2.65,49.56,228,113,Fornos de Algodres,Guarda,Centro
2019-12-03 11:13:36,Muxagata,LOCAL-090511,0.0,0,4,3.54,2,1.77,42.48,266,113,Fornos de Algodres,Guarda,Centro
2019-12-03 11:13:36,Queiriz,LOCAL-090512,0.0,0,2,1.45,7,5.07,52.08,265,138,Fornos de Algodres,Guarda,Centro
2019-12-03 11:13:36,Cortiçô e Vila Chã,LOCAL-090517,0.0,0,6,5.13,1,0.85,69.64,168,117,Fornos de Algodres,Guarda,Centro
2019-12-03 11:13:36,"Juncais, Vila Ruiva e Vila Soeiro do Chão",LOCAL-090518,0.0,0,9,2.56,8,2.27,51.39,685,352,Fornos de Algodres,Guarda,Centro
2019-12-03 11:13:36,Sobral Pichorro e Fuinhas,LOCAL-090519,0.0,0,7,4.0,7,4.0,59.52,294,175,Fornos de Algodres,Guarda,Centro
2019-12-03 11:13:36,Arcozelo,LOCAL-090602,0.0,0,13,4.19,9,2.9,53.45,580,310,Gouveia,Guarda,Centro
2019-12-03 11:13:36,Cativelos,LOCAL-090603,0.0,0,8,2.6,2,0.65,39.9,772,308,Gouveia,Guarda,Centro
2019-12-03 11:13:36,Folgosinho,LOCAL-090605,0.0,0,6,2.96,5,2.46,41.09,494,203,Gouveia,Guarda,Centro
2019-12-03 11:13:36,Nespereira,LOCAL-090612,0.0,0,6,1.57,8,2.09,55.12,693,382,Gouveia,Guarda,Centro
2019-12-03 11:13:36,Paços da Serra,LOCAL-090613,0.0,0,10,3.3,6,1.98,56.01,541,303,Gouveia,Guarda,Centro
2019-12-03 11:13:36,Ribamondego,LOCAL-090614,0.0,0,1,0.88,3,2.65,40.5,279,113,Gouveia,Guarda,Centro
2019-12-03 11:13:36,São Paio,LOCAL-090617,0.0,0,14,4.49,15,4.81,39.69,786,312,Gouveia,Guarda,Centro
2019-12-03 11:13:36,Vila Cortês da Serra,LOCAL-090619,0.0,0,10,9.35,6,5.61,45.15,237,107,Gouveia,Guarda,Centro
2019-12-03 11:13:36,Vila Franca da Serra,LOCAL-090620,0.0,0,5,3.7,8,5.93,53.15,254,135,Gouveia,Guarda,Centro
2019-12-03 11:13:36,Vila Nova de Tazem,LOCAL-090621,0.0,0,40,5.16,15,1.94,48.14,1610,775,Gouveia,Guarda,Centro
2019-12-03 11:13:36,Aldeias e Mangualde da Serra,LOCAL-090623,0.0,0,12,4.44,5,1.85,60.54,446,270,Gouveia,Guarda,Centro
2019-12-03 11:13:36,Figueiró da Serra e Freixo da Serra,LOCAL-090624,0.0,0,6,3.06,10,5.1,49.49,396,196,Gouveia,Guarda,Centro
2019-12-03 11:13:36,Gouveia,LOCAL-090625,0.0,0,56,3.34,35,2.09,52.52,3195,1678,Gouveia,Guarda,Centro
2019-12-03 11:13:36,Melo e Nabais,LOCAL-090626,0.0,0,7,1.79,18,4.6,45.31,863,391,Gouveia,Guarda,Centro
2019-12-03 11:13:36,Moimenta da Serra e Vinhó,LOCAL-090627,0.0,0,15,2.65,21,3.71,54.58,1037,566,Gouveia,Guarda,Centro
2019-12-03 11:13:36,Rio Torto e Lagarinhos,LOCAL-090628,0.0,0,19,4.91,10,2.58,48.99,790,387,Gouveia,Guarda,Centro
2019-12-03 11:13:36,Aldeia do Bispo,LOCAL-090703,0.0,0,2,1.43,7,5.0,71.07,197,140,Guarda,Guarda,Centro
2019-12-03 11:13:36,Aldeia Viçosa,LOCAL-090704,0.0,0,0,0.0,2,1.04,58.66,329,193,Guarda,Guarda,Centro
2019-12-03 11:13:36,Alvendre,LOCAL-090705,0.0,0,2,1.77,7,6.19,55.39,204,113,Guarda,Guarda,Centro
2019-12-03 11:13:36,Arrifana,LOCAL-090706,0.0,0,8,2.75,7,2.41,57.74,504,291,Guarda,Guarda,Centro
2019-12-03 11:13:36,Avelãs da Ribeira,LOCAL-090708,0.0,0,1,1.27,1,1.27,51.3,154,79,Guarda,Guarda,Centro
2019-12-03 11:13:36,Benespera,LOCAL-090709,0.0,0,1,0.79,7,5.56,40.0,315,126,Guarda,Guarda,Centro
2019-12-03 11:13:36,Casal de Cinza,LOCAL-090711,0.0,0,6,2.18,12,4.36,56.12,490,275,Guarda,Guarda,Centro
2019-12-03 11:13:36,Castanheira,LOCAL-090712,0.0,0,3,1.6,8,4.26,50.4,373,188,Guarda,Guarda,Centro
2019-12-03 11:13:36,Cavadoude,LOCAL-090713,0.0,0,0,0.0,7,4.52,57.2,271,155,Guarda,Guarda,Centro
2019-12-03 11:13:36,Codesseiro,LOCAL-090714,0.0,0,6,5.45,0,0.0,50.0,220,110,Guarda,Guarda,Centro
2019-12-03 11:13:36,Faia,LOCAL-090716,0.0,0,3,2.88,4,3.85,58.43,178,104,Guarda,Guarda,Centro
2019-12-03 11:13:36,Famalicão,LOCAL-090717,0.0,0,6,2.41,5,2.01,49.7,501,249,Guarda,Guarda,Centro
2019-12-03 11:13:36,Fernão Joanes,LOCAL-090718,0.0,0,0,0.0,3,2.1,50.71,282,143,Guarda,Guarda,Centro
2019-12-03 11:13:36,Gonçalo Bocas,LOCAL-090721,0.0,0,4,2.9,7,5.07,64.19,215,138,Guarda,Guarda,Centro
2019-12-03 11:13:36,João Antão,LOCAL-090722,0.0,0,1,1.15,2,2.3,64.93,134,87,Guarda,Guarda,Centro
2019-12-03 11:13:36,Maçainhas,LOCAL-090723,0.0,0,10,1.59,16,2.55,63.63,987,628,Guarda,Guarda,Centro
2019-12-03 11:13:36,Marmeleiro,LOCAL-090724,0.0,0,2,0.91,4,1.82,50.57,435,220,Guarda,Guarda,Centro
2019-12-03 11:13:36,Meios,LOCAL-090725,0.0,0,3,3.06,3,3.06,54.75,179,98,Guarda,Guarda,Centro
2019-12-03 11:13:36,Panoias de Cima,LOCAL-090728,0.0,0,10,3.18,7,2.23,54.04,581,314,Guarda,Guarda,Centro
2019-12-03 11:13:36,Pega,LOCAL-090729,0.0,0,2,2.47,1,1.23,37.16,218,81,Guarda,Guarda,Centro
2019-12-03 11:13:36,Pêra do Moço,LOCAL-090730,0.0,0,20,4.04,16,3.23,63.38,781,495,Guarda,Guarda,Centro
2019-12-03 11:13:36,Porto da Carne,LOCAL-090732,0.0,0,2,1.18,7,4.14,58.68,288,169,Guarda,Guarda,Centro
2019-12-03 11:13:36,Ramela,LOCAL-090734,0.0,0,2,1.71,2,1.71,58.21,201,117,Guarda,Guarda,Centro
2019-12-03 11:13:36,Santana da Azinha,LOCAL-090738,0.0,0,6,3.41,8,4.55,42.21,417,176,Guarda,Guarda,Centro
2019-12-03 11:13:36,Sobral da Serra,LOCAL-090744,0.0,0,1,0.76,3,2.29,55.27,237,131,Guarda,Guarda,Centro
2019-12-03 11:13:36,Vale de Estrela,LOCAL-090746,0.0,0,3,1.2,4,1.6,65.96,379,250,Guarda,Guarda,Centro
2019-12-03 11:13:36,Valhelhas,LOCAL-090747,0.0,0,8,4.15,8,4.15,53.02,364,193,Guarda,Guarda,Centro
2019-12-03 11:13:36,Vela,LOCAL-090748,0.0,0,7,3.37,7,3.37,55.61,374,208,Guarda,Guarda,Centro
2019-12-03 11:13:36,Videmonte,LOCAL-090749,0.0,0,6,2.47,11,4.53,58.84,413,243,Guarda,Guarda,Centro
2019-12-03 11:13:36,Vila Cortês do Mondego,LOCAL-090750,0.0,0,3,2.22,5,3.7,53.57,252,135,Guarda,Guarda,Centro
2019-12-03 11:13:36,Vila Fernando,LOCAL-090751,0.0,0,2,1.05,6,3.14,39.54,483,191,Guarda,Guarda,Centro
2019-12-03 11:13:36,Vila Franca do Deão,LOCAL-090752,0.0,0,1,1.35,2,2.7,49.66,149,74,Guarda,Guarda,Centro
2019-12-03 11:13:36,Vila Garcia,LOCAL-090753,0.0,0,5,2.81,13,7.3,58.36,305,178,Guarda,Guarda,Centro
2019-12-03 11:13:36,Gonçalo,LOCAL-090757,0.0,0,12,2.13,10,1.77,53.61,1052,564,Guarda,Guarda,Centro
2019-12-03 11:13:36,Guarda,LOCAL-090758,0.0,0,322,2.42,317,2.39,57.0,23299,13280,Guarda,Guarda,Centro
2019-12-03 11:13:36,Jarmelo São Miguel,LOCAL-090759,0.0,0,3,1.53,6,3.06,68.77,285,196,Guarda,Guarda,Centro
2019-12-03 11:13:36,Jarmelo São Pedro,LOCAL-090760,0.0,0,6,3.49,4,2.33,60.14,286,172,Guarda,Guarda,Centro
2019-12-03 11:13:36,Avelãs de Ambom e Rocamondo,LOCAL-090761,0.0,0,1,1.0,1,1.0,67.11,149,100,Guarda,Guarda,Centro
2019-12-03 11:13:36,Corujeira e Trinta,LOCAL-090762,0.0,0,3,1.05,13,4.53,53.05,541,287,Guarda,Guarda,Centro
2019-12-03 11:13:36,"Mizarela, Pêro Soares e Vila Soeiro",LOCAL-090763,0.0,0,2,1.5,3,2.26,55.65,239,133,Guarda,Guarda,Centro
2019-12-03 11:13:36,Pousade e Albardo,LOCAL-090764,0.0,0,5,3.27,4,2.61,55.64,275,153,Guarda,Guarda,Centro
2019-12-03 11:13:36,Rochoso e Monte Margarida,LOCAL-090765,0.0,0,2,1.36,6,4.08,50.69,290,147,Guarda,Guarda,Centro
2019-12-03 11:13:36,Adão,LOCAL-090766,0.0,0,7,4.52,3,1.94,50.49,307,155,Guarda,Guarda,Centro
2019-12-03 11:13:36,Sameiro,LOCAL-090801,0.0,0,7,3.91,5,2.79,47.61,376,179,Manteigas,Guarda,Centro
2019-12-03 11:13:36,Manteigas (Santa Maria),LOCAL-090802,0.0,0,15,2.11,15,2.11,51.26,1389,712,Manteigas,Guarda,Centro
2019-12-03 11:13:36,Manteigas (São Pedro),LOCAL-090803,0.0,0,13,2.09,18,2.89,51.07,1218,622,Manteigas,Guarda,Centro
2019-12-03 11:13:36,Vale de Amoreira,LOCAL-090804,0.0,0,2,1.79,3,2.68,38.62,290,112,Manteigas,Guarda,Centro
2019-12-03 11:13:36,Aveloso,LOCAL-090901,0.0,0,1,1.37,4,5.48,35.44,206,73,Mêda,Guarda,Centro
2019-12-03 11:13:36,Barreira,LOCAL-090902,0.0,0,1,1.05,5,5.26,43.78,217,95,Mêda,Guarda,Centro
2019-12-03 11:13:36,Coriscada,LOCAL-090905,0.0,0,1,0.93,0,0.0,54.31,197,107,Mêda,Guarda,Centro
2019-12-03 11:13:36,Longroiva,LOCAL-090907,0.0,0,1,0.81,6,4.84,41.2,301,124,Mêda,Guarda,Centro
2019-12-03 11:13:36,Marialva,LOCAL-090908,0.0,0,1,0.82,3,2.46,43.11,283,122,Mêda,Guarda,Centro
2019-12-03 11:13:36,Poço do Canto,LOCAL-090912,0.0,0,5,2.39,6,2.87,45.73,457,209,Mêda,Guarda,Centro
2019-12-03 11:13:36,Rabaçal,LOCAL-090914,0.0,0,1,0.87,3,2.61,44.23,260,115,Mêda,Guarda,Centro
2019-12-03 11:13:36,Ranhados,LOCAL-090915,0.0,0,1,0.79,3,2.36,38.72,328,127,Mêda,Guarda,Centro
2019-12-03 11:13:36,"Mêda, Outeiro de Gatos e Fonte Longa",LOCAL-090917,0.0,0,25,2.14,38,3.25,50.19,2329,1169,Mêda,Guarda,Centro
2019-12-03 11:13:36,Prova e Casteição,LOCAL-090918,0.0,0,4,2.21,3,1.66,47.38,382,181,Mêda,Guarda,Centro
2019-12-03 11:13:36,"Vale Flor, Carvalhal e Pai Penela",LOCAL-090919,0.0,0,6,4.14,9,6.21,40.96,354,145,Mêda,Guarda,Centro
2019-12-03 11:13:36,Ervedosa,LOCAL-091009,0.0,0,7,9.21,1,1.32,45.78,166,76,Pinhel,Guarda,Centro
2019-12-03 11:13:36,Freixedas,LOCAL-091010,0.0,0,12,3.69,11,3.38,37.19,874,325,Pinhel,Guarda,Centro
2019-12-03 11:13:36,Lamegal,LOCAL-091012,0.0,0,7,5.04,4,2.88,53.26,261,139,Pinhel,Guarda,Centro
2019-12-03 11:13:36,Lameiras,LOCAL-091013,0.0,0,4,2.96,4,2.96,51.14,264,135,Pinhel,Guarda,Centro
2019-12-03 11:13:36,Manigoto,LOCAL-091014,0.0,0,1,1.1,5,5.49,42.72,213,91,Pinhel,Guarda,Centro
2019-12-03 11:13:36,Pala,LOCAL-091015,0.0,0,8,3.88,5,2.43,33.72,611,206,Pinhel,Guarda,Centro
2019-12-03 11:13:36,Pinhel,LOCAL-091017,0.0,0,44,2.89,35,2.3,46.64,3261,1521,Pinhel,Guarda,Centro
2019-12-03 11:13:36,Pínzio,LOCAL-091018,0.0,0,4,1.96,5,2.45,53.13,384,204,Pinhel,Guarda,Centro
2019-12-03 11:13:36,Souro Pires,LOCAL-091024,0.0,0,4,2.37,6,3.55,28.79,587,169,Pinhel,Guarda,Centro
2019-12-03 11:13:36,Vascoveiro,LOCAL-091027,0.0,0,4,4.21,3,3.16,46.12,206,95,Pinhel,Guarda,Centro
2019-12-03 11:13:36,Agregação das freguesias Sul de Pinhel,LOCAL-091028,0.0,0,5,2.37,14,6.64,50.48,418,211,Pinhel,Guarda,Centro
2019-12-03 11:13:36,Alto do Palurdo,LOCAL-091032,0.0,0,0,0.0,3,2.29,49.25,266,131,Pinhel,Guarda,Centro
2019-12-03 11:13:36,Alverca da Beira/Bouça Cova,LOCAL-091029,0.0,0,3,1.28,7,2.98,43.28,543,235,Pinhel,Guarda,Centro
2019-12-03 11:13:36,Terras de Massueime,LOCAL-091030,0.0,0,1,0.85,4,3.39,41.4,285,118,Pinhel,Guarda,Centro
2019-12-03 11:13:36,Atalaia e Safurdão,LOCAL-091035,0.0,0,7,5.0,5,3.57,61.14,229,140,Pinhel,Guarda,Centro
2019-12-03 11:13:36,Valbom/Bogalhal,LOCAL-091031,0.0,0,5,4.1,3,2.46,47.66,256,122,Pinhel,Guarda,Centro
2019-12-03 11:13:36,Vale do Côa,LOCAL-091033,0.0,0,1,0.94,1,0.94,49.3,215,106,Pinhel,Guarda,Centro
2019-12-03 11:13:36,Vale do Massueime,LOCAL-091034,0.0,0,6,4.35,7,5.07,46.62,296,138,Pinhel,Guarda,Centro
2019-12-03 11:13:36,Águas Belas,LOCAL-091101,0.0,0,2,2.06,3,3.09,44.29,219,97,Sabugal,Guarda,Centro
2019-12-03 11:13:36,Aldeia do Bispo,LOCAL-091102,0.0,0,3,2.21,4,2.94,53.54,254,136,Sabugal,Guarda,Centro
2019-12-03 11:13:36,Aldeia da Ponte,LOCAL-091103,0.0,0,3,1.88,4,2.5,45.07,355,160,Sabugal,Guarda,Centro
2019-12-03 11:13:36,Aldeia Velha,LOCAL-091106,0.0,0,1,0.52,4,2.08,45.82,419,192,Sabugal,Guarda,Centro
2019-12-03 11:13:36,Alfaiates,LOCAL-091107,0.0,0,4,2.82,13,9.15,35.32,402,142,Sabugal,Guarda,Centro
2019-12-03 11:13:36,Baraçal,LOCAL-091109,0.0,0,7,8.05,0,0.0,44.85,194,87,Sabugal,Guarda,Centro
2019-12-03 11:13:36,Bendada,LOCAL-091110,0.0,0,5,1.69,6,2.03,52.76,561,296,Sabugal,Guarda,Centro
2019-12-03 11:13:36,Bismula,LOCAL-091111,0.0,0,4,5.71,6,8.57,33.33,210,70,Sabugal,Guarda,Centro
2019-12-03 11:13:36,Casteleiro,LOCAL-091112,0.0,0,6,3.95,11,7.24,45.51,334,152,Sabugal,Guarda,Centro
2019-12-03 11:13:36,Cerdeira,LOCAL-091113,0.0,0,11,10.89,0,0.0,51.53,196,101,Sabugal,Guarda,Centro
2019-12-03 11:13:36,Fóios,LOCAL-091114,0.0,0,6,3.87,3,1.94,50.32,308,155,Sabugal,Guarda,Centro
2019-12-03 11:13:36,Malcata,LOCAL-091118,0.0,0,1,7.69,0,0.0,3.21,405,13,Sabugal,Guarda,Centro
2019-12-03 11:13:36,Nave,LOCAL-091120,0.0,0,4,3.92,0,0.0,35.66,286,102,Sabugal,Guarda,Centro
2019-12-03 11:13:36,Quadrazais,LOCAL-091123,0.0,0,3,1.53,2,1.02,31.66,619,196,Sabugal,Guarda,Centro
2019-12-03 11:13:36,Quintas de São Bartolomeu,LOCAL-091124,0.0,0,1,1.14,1,1.14,34.65,254,88,Sabugal,Guarda,Centro
2019-12-03 11:13:36,Rapoula do Côa,LOCAL-091125,0.0,0,6,5.71,3,2.86,50.72,207,105,Sabugal,Guarda,Centro
2019-12-03 11:13:36,Rebolosa,LOCAL-091126,0.0,0,2,1.64,2,1.64,47.29,258,122,Sabugal,Guarda,Centro
2019-12-03 11:13:36,Rendo,LOCAL-091127,0.0,0,0,0.0,3,2.54,37.82,312,118,Sabugal,Guarda,Centro
2019-12-03 11:13:36,Sortelha,LOCAL-091133,0.0,0,3,1.71,3,1.71,41.08,426,175,Sabugal,Guarda,Centro
2019-12-03 11:13:36,Souto,LOCAL-091134,0.0,0,13,2.71,15,3.13,41.81,1148,480,Sabugal,Guarda,Centro
2019-12-03 11:13:36,Vale de Espinho,LOCAL-091136,0.0,0,2,1.47,8,5.88,28.51,477,136,Sabugal,Guarda,Centro
2019-12-03 11:13:36,Vila Boa,LOCAL-091138,0.0,0,7,5.69,0,0.0,39.55,311,123,Sabugal,Guarda,Centro
2019-12-03 11:13:36,Vila do Touro,LOCAL-091139,0.0,0,0,0.0,3,3.03,51.56,192,99,Sabugal,Guarda,Centro
2019-12-03 11:13:36,"Aldeia da Ribeira, Vilar Maior e Badamalos",LOCAL-091141,0.0,0,4,2.47,8,4.94,42.3,383,162,Sabugal,Guarda,Centro
2019-12-03 11:13:36,Lajeosa e Forcalhos,LOCAL-091142,0.0,0,7,7.69,2,2.2,34.47,264,91,Sabugal,Guarda,Centro
2019-12-03 11:13:36,"Pousafoles do Bispo, Pena Lobo e Lomba",LOCAL-091143,0.0,0,2,0.87,6,2.6,53.23,434,231,Sabugal,Guarda,Centro
2019-12-03 11:13:36,"Ruvina, Ruivós e Vale das Éguas",LOCAL-091144,0.0,0,2,1.64,1,0.82,46.74,261,122,Sabugal,Guarda,Centro
2019-12-03 11:13:36,Sabugal e Aldeia de Santo António,LOCAL-091145,0.0,0,28,2.19,26,2.04,47.23,2704,1277,Sabugal,Guarda,Centro
2019-12-03 11:13:36,Santo Estêvão e Moita,LOCAL-091146,0.0,0,4,2.35,7,4.12,38.2,445,170,Sabugal,Guarda,Centro
2019-12-03 11:13:36,Seixo do Côa e Vale Longo,LOCAL-091147,0.0,0,2,1.48,1,0.74,43.41,311,135,Sabugal,Guarda,Centro
2019-12-03 11:13:36,Alvoco da Serra,LOCAL-091201,0.0,0,3,1.2,6,2.41,55.96,445,249,Seia,Guarda,Centro
2019-12-03 11:13:36,Girabolhos,LOCAL-091205,0.0,0,4,2.61,5,3.27,41.69,367,153,Seia,Guarda,Centro
2019-12-03 11:13:36,Loriga,LOCAL-091207,0.0,0,12,2.29,7,1.34,56.79,921,523,Seia,Guarda,Centro
2019-12-03 11:13:36,Paranhos,LOCAL-091208,0.0,0,8,1.28,22,3.51,46.83,1339,627,Seia,Guarda,Centro
2019-12-03 11:13:36,Pinhanços,LOCAL-091209,0.0,0,13,4.13,14,4.44,48.31,652,315,Seia,Guarda,Centro
2019-12-03 11:13:36,Sabugueiro,LOCAL-091210,0.0,0,8,3.69,9,4.15,57.41,378,217,Seia,Guarda,Centro
2019-12-03 11:13:36,Sandomil,LOCAL-091212,0.0,0,16,3.4,14,2.97,62.88,749,471,Seia,Guarda,Centro
2019-12-03 11:13:36,Santa Comba,LOCAL-091213,0.0,0,17,4.51,17,4.51,52.36,720,377,Seia,Guarda,Centro
2019-12-03 11:13:36,Santiago,LOCAL-091216,0.0,0,24,3.86,12,1.93,57.82,1074,621,Seia,Guarda,Centro
2019-12-03 11:13:36,Sazes da Beira,LOCAL-091219,0.0,0,2,1.61,2,1.61,47.33,262,124,Seia,Guarda,Centro
2019-12-03 11:13:36,Teixeira,LOCAL-091221,0.0,0,2,1.69,2,1.69,63.44,186,118,Seia,Guarda,Centro
2019-12-03 11:13:36,Travancinha,LOCAL-091224,0.0,0,7,3.08,10,4.41,56.33,403,227,Seia,Guarda,Centro
2019-12-03 11:13:36,Valezim,LOCAL-091225,0.0,0,9,5.42,3,1.81,61.03,272,166,Seia,Guarda,Centro
2019-12-03 11:13:36,Vila Cova à Coelheira,LOCAL-091228,0.0,0,8,3.69,3,1.38,60.78,357,217,Seia,Guarda,Centro
2019-12-03 11:13:36,Carragozela e Várzea de Meruge,LOCAL-091230,0.0,0,14,4.19,8,2.4,64.98,514,334,Seia,Guarda,Centro
2019-12-03 11:13:36,Sameice e Santa Eulália,LOCAL-091231,0.0,0,11,3.21,9,2.62,63.28,542,343,Seia,Guarda,Centro
2019-12-03 11:13:36,Santa Marinha e São Martinho,LOCAL-091232,0.0,0,34,4.4,17,2.2,52.02,1486,773,Seia,Guarda,Centro
2019-12-03 11:13:36,"Seia, São Romão e Lapa dos Dinheiros",LOCAL-091233,0.0,0,132,3.04,119,2.75,51.8,8369,4335,Seia,Guarda,Centro
2019-12-03 11:13:36,Torrozelo e Folhadosa,LOCAL-091234,0.0,0,11,2.64,21,5.04,58.82,709,417,Seia,Guarda,Centro
2019-12-03 11:13:36,Tourais e Lajes,LOCAL-091235,0.0,0,23,2.83,23,2.83,51.07,1594,814,Seia,Guarda,Centro
2019-12-03 11:13:36,Vide e Cabeça,LOCAL-091236,0.0,0,8,2.34,12,3.51,51.74,661,342,Seia,Guarda,Centro
2019-12-03 11:13:36,Aldeia Nova,LOCAL-091301,0.0,0,5,3.36,2,1.34,50.34,296,149,Trancoso,Guarda,Centro
2019-12-03 11:13:36,Castanheira,LOCAL-091303,0.0,0,1,0.96,1,0.96,60.47,172,104,Trancoso,Guarda,Centro
2019-12-03 11:13:36,Cogula,LOCAL-091304,0.0,0,10,9.52,4,3.81,61.76,170,105,Trancoso,Guarda,Centro
2019-12-03 11:13:36,Cótimos,LOCAL-091305,0.0,0,0,0.0,1,1.0,57.14,175,100,Trancoso,Guarda,Centro
2019-12-03 11:13:36,Fiães,LOCAL-091307,0.0,0,5,3.79,1,0.76,52.17,253,132,Trancoso,Guarda,Centro
2019-12-03 11:13:36,Granja,LOCAL-091309,0.0,0,1,1.2,0,0.0,45.6,182,83,Trancoso,Guarda,Centro
2019-12-03 11:13:36,Guilheiro,LOCAL-091310,0.0,0,2,2.22,1,1.11,56.25,160,90,Trancoso,Guarda,Centro
2019-12-03 11:13:36,Moimentinha,LOCAL-091311,0.0,0,4,4.44,2,2.22,44.55,202,90,Trancoso,Guarda,Centro
2019-12-03 11:13:36,Moreira de Rei,LOCAL-091312,0.0,0,1,0.49,9,4.43,38.59,526,203,Trancoso,Guarda,Centro
2019-12-03 11:13:36,Palhais,LOCAL-091313,0.0,0,1,1.18,0,0.0,47.75,178,85,Trancoso,Guarda,Centro
2019-12-03 11:13:36,Póvoa do Concelho,LOCAL-091314,0.0,0,1,0.72,4,2.9,50.0,276,138,Trancoso,Guarda,Centro
2019-12-03 11:13:36,Reboleiro,LOCAL-091315,0.0,0,4,3.36,1,0.84,54.84,217,119,Trancoso,Guarda,Centro
2019-12-03 11:13:36,Rio de Mel,LOCAL-091316,0.0,0,2,1.34,6,4.03,59.6,250,149,Trancoso,Guarda,Centro
2019-12-03 11:13:36,Tamanhos,LOCAL-091321,0.0,0,0,0.0,4,3.42,47.95,244,117,Trancoso,Guarda,Centro
2019-12-03 11:13:36,Valdujo,LOCAL-091325,0.0,0,2,2.2,2,2.2,43.75,208,91,Trancoso,Guarda,Centro
2019-12-03 11:13:36,Freches e Torres,LOCAL-091330,0.0,0,5,1.85,8,2.96,49.27,548,270,Trancoso,Guarda,Centro
2019-12-03 11:13:36,"Torre do Terrenho, Sebadelhe da Serra e Terrenho",LOCAL-091331,0.0,0,4,1.61,4,1.61,53.8,461,248,Trancoso,Guarda,Centro
2019-12-03 11:13:36,Trancoso (São Pedro e Santa Maria) e Souto Maior,LOCAL-091332,0.0,0,54,3.14,41,2.39,55.56,3094,1719,Trancoso,Guarda,Centro
2019-12-03 11:13:36,Vale do Seixo e Vila Garcia,LOCAL-091333,0.0,0,5,3.94,2,1.57,49.03,259,127,Trancoso,Guarda,Centro
2019-12-03 11:13:36,Vila Franca das Naves e Feital,LOCAL-091334,0.0,0,17,3.6,13,2.75,51.03,925,472,Trancoso,Guarda,Centro
2019-12-03 11:13:36,Vilares e Carnicães,LOCAL-091335,0.0,0,5,2.72,11,5.98,54.44,338,184,Trancoso,Guarda,Centro
2019-12-03 11:13:36,Almendra,LOCAL-091401,0.0,0,1,0.69,2,1.39,36.36,396,144,Vila Nova de Foz Côa,Guarda,Centro
2019-12-03 11:13:36,Castelo Melhor,LOCAL-091402,0.0,0,0,0.0,4,3.48,45.82,251,115,Vila Nova de Foz Côa,Guarda,Centro
2019-12-03 11:13:36,Cedovim,LOCAL-091403,0.0,0,2,1.34,5,3.36,45.02,331,149,Vila Nova de Foz Côa,Guarda,Centro
2019-12-03 11:13:36,Chãs,LOCAL-091404,0.0,0,5,3.62,3,2.17,48.59,284,138,Vila Nova de Foz Côa,Guarda,Centro
2019-12-03 11:13:36,Custóias,LOCAL-091405,0.0,0,3,2.97,0,0.0,41.22,245,101,Vila Nova de Foz Côa,Guarda,Centro
2019-12-03 11:13:36,Horta,LOCAL-091407,0.0,0,3,2.59,0,0.0,45.67,254,116,Vila Nova de Foz Côa,Guarda,Centro
2019-12-03 11:13:36,Muxagata,LOCAL-091410,0.0,0,2,1.32,6,3.97,45.9,329,151,Vila Nova de Foz Côa,Guarda,Centro
2019-12-03 11:13:36,Numão,LOCAL-091411,0.0,0,0,0.0,0,0.0,46.53,288,134,Vila Nova de Foz Côa,Guarda,Centro
2019-12-03 11:13:36,Santa Comba,LOCAL-091412,0.0,0,0,0.0,2,1.92,35.14,296,104,Vila Nova de Foz Côa,Guarda,Centro
2019-12-03 11:13:36,Sebadelhe,LOCAL-091414,0.0,0,3,2.14,3,2.14,51.09,274,140,Vila Nova de Foz Côa,Guarda,Centro
2019-12-03 11:13:36,Seixas,LOCAL-091415,0.0,0,5,3.68,6,4.41,41.46,328,136,Vila Nova de Foz Côa,Guarda,Centro
2019-12-03 11:13:36,Touça,LOCAL-091416,0.0,0,2,2.3,4,4.6,36.71,237,87,Vila Nova de Foz Côa,Guarda,Centro
2019-12-03 11:13:36,Freixo de Numão,LOCAL-091418,0.0,0,9,3.52,13,5.08,44.14,580,256,Vila Nova de Foz Côa,Guarda,Centro
2019-12-03 11:13:36,Vila Nova de Foz Côa,LOCAL-091419,0.0,0,47,3.09,36,2.37,45.96,3307,1520,Vila Nova de Foz Côa,Guarda,Centro
2019-12-03 11:13:36,Alfeizerão,LOCAL-100102,0.0,0,49,3.05,31,1.93,49.14,3268,1606,Alcobaça,Leiria,Centro
2019-12-03 11:13:36,Bárrio,LOCAL-100104,0.0,0,26,3.34,15,1.93,59.25,1313,778,Alcobaça,Leiria,Centro
2019-12-03 11:13:36,Benedita,LOCAL-100105,0.0,0,135,2.95,152,3.32,61.99,7395,4584,Alcobaça,Leiria,Centro
2019-12-03 11:13:36,Cela,LOCAL-100106,0.0,0,38,2.5,58,3.81,54.38,2797,1521,Alcobaça,Leiria,Centro
2019-12-03 11:13:36,Évora de Alcobaça,LOCAL-100108,0.0,0,61,2.62,56,2.41,61.99,3752,2326,Alcobaça,Leiria,Centro
2019-12-03 11:13:36,Maiorga,LOCAL-100109,0.0,0,21,2.14,20,2.04,58.87,1668,982,Alcobaça,Leiria,Centro
2019-12-03 11:13:36,São Martinho do Porto,LOCAL-100112,0.0,0,29,2.22,21,1.6,48.77,2684,1309,Alcobaça,Leiria,Centro
2019-12-03 11:13:36,Turquel,LOCAL-100114,0.0,0,67,3.01,103,4.63,59.95,3715,2227,Alcobaça,Leiria,Centro
2019-12-03 11:13:36,Vimeiro,LOCAL-100116,0.0,0,34,3.3,19,1.84,63.04,1634,1030,Alcobaça,Leiria,Centro
2019-12-03 11:13:36,Aljubarrota,LOCAL-100120,0.0,0,112,3.86,82,2.83,51.77,5600,2899,Alcobaça,Leiria,Centro
2019-12-03 11:13:36,Alcobaça e Vestiaria,LOCAL-100121,0.0,0,87,2.6,76,2.27,54.34,6163,3349,Alcobaça,Leiria,Centro
2019-12-03 11:13:36,"Coz, Alpedriz e Montes",LOCAL-100122,0.0,0,64,4.4,34,2.34,53.77,2704,1454,Alcobaça,Leiria,Centro
2019-12-03 11:13:36,Pataias e Martingança,LOCAL-100123,0.0,0,120,3.66,61,1.86,56.14,5834,3275,Alcobaça,Leiria,Centro
2019-12-03 11:13:36,Almoster,LOCAL-100201,0.0,0,8,2.52,6,1.89,54.47,582,317,Alvaiázere,Leiria,Centro
2019-12-03 11:13:36,Maçãs de Dona Maria,LOCAL-100204,0.0,0,23,2.72,19,2.24,56.39,1502,847,Alvaiázere,Leiria,Centro
2019-12-03 11:13:36,Pelmá,LOCAL-100205,0.0,0,17,4.91,8,2.31,45.05,768,346,Alvaiázere,Leiria,Centro
2019-12-03 11:13:36,Alvaiázere,LOCAL-100208,0.0,0,30,3.06,23,2.35,59.04,1660,980,Alvaiázere,Leiria,Centro
2019-12-03 11:13:36,Pussos São Pedro,LOCAL-100209,0.0,0,21,2.23,26,2.76,58.48,1609,941,Alvaiázere,Leiria,Centro
2019-12-03 11:13:36,Alvorge,LOCAL-100301,0.0,0,16,2.93,16,2.93,56.46,967,546,Ansião,Leiria,Centro
2019-12-03 11:13:36,Avelar,LOCAL-100303,0.0,0,18,1.7,17,1.61,57.25,1848,1058,Ansião,Leiria,Centro
2019-12-03 11:13:36,Chão de Couce,LOCAL-100304,0.0,0,31,3.09,25,2.49,59.09,1699,1004,Ansião,Leiria,Centro
2019-12-03 11:13:36,Pousaflores,LOCAL-100306,0.0,0,9,1.79,17,3.37,59.02,854,504,Ansião,Leiria,Centro
2019-12-03 11:13:36,Santiago da Guarda,LOCAL-100307,0.0,0,39,2.59,35,2.33,55.33,2720,1505,Ansião,Leiria,Centro
2019-12-03 11:13:36,Ansião,LOCAL-100309,0.0,0,61,3.2,39,2.04,58.29,3275,1909,Ansião,Leiria,Centro
2019-12-03 11:13:36,Batalha,LOCAL-100401,0.0,0,185,4.28,117,2.71,57.8,7474,4320,Batalha,Leiria,Centro
2019-12-03 11:13:36,Reguengo do Fetal,LOCAL-100402,0.0,0,46,4.15,31,2.8,58.18,1906,1109,Batalha,Leiria,Centro
2019-12-03 11:13:36,São Mamede,LOCAL-100403,0.0,0,81,4.06,66,3.31,60.75,3284,1995,Batalha,Leiria,Centro
2019-12-03 11:13:36,Golpilheira,LOCAL-100404,0.0,0,30,3.46,24,2.77,65.11,1330,866,Batalha,Leiria,Centro
2019-12-03 11:13:36,Carvalhal,LOCAL-100502,0.0,0,32,2.67,26,2.17,53.65,2235,1199,Bombarral,Leiria,Centro
2019-12-03 11:13:36,Roliça,LOCAL-100503,0.0,0,41,3.42,33,2.75,54.65,2194,1199,Bombarral,Leiria,Centro
2019-12-03 11:13:36,Pó,LOCAL-100505,0.0,0,13,3.23,10,2.48,57.74,698,403,Bombarral,Leiria,Centro
2019-12-03 11:13:36,Bombarral e Vale Covo,LOCAL-100506,0.0,0,85,2.68,53,1.67,53.24,5954,3170,Bombarral,Leiria,Centro
2019-12-03 11:13:36,A dos Francos,LOCAL-100601,0.0,0,27,3.57,26,3.43,53.65,1411,757,Caldas da Rainha,Leiria,Centro
2019-12-03 11:13:36,Alvorninha,LOCAL-100602,0.0,0,37,2.8,22,1.67,53.03,2489,1320,Caldas da Rainha,Leiria,Centro
2019-12-03 11:13:36,Carvalhal Benfeito,LOCAL-100604,0.0,0,18,3.02,9,1.51,57.18,1044,597,Caldas da Rainha,Leiria,Centro
2019-12-03 11:13:36,Foz do Arelho,LOCAL-100606,0.0,0,24,3.72,11,1.7,53.39,1210,646,Caldas da Rainha,Leiria,Centro
2019-12-03 11:13:36,Landal,LOCAL-100607,0.0,0,15,2.78,14,2.59,55.61,971,540,Caldas da Rainha,Leiria,Centro
2019-12-03 11:13:36,Nadadouro,LOCAL-100608,0.0,0,53,5.63,25,2.65,58.44,1612,942,Caldas da Rainha,Leiria,Centro
2019-12-03 11:13:36,Salir de Matos,LOCAL-100609,0.0,0,49,4.11,16,1.34,53.24,2237,1191,Caldas da Rainha,Leiria,Centro
2019-12-03 11:13:36,Santa Catarina,LOCAL-100611,0.0,0,47,3.12,53,3.52,57.36,2624,1505,Caldas da Rainha,Leiria,Centro
2019-12-03 11:13:36,Vidais,LOCAL-100615,0.0,0,10,1.93,13,2.51,55.95,924,517,Caldas da Rainha,Leiria,Centro
2019-12-03 11:13:36,"Nossa Senhora do Pópulo, Coto e São Gregório",LOCAL-100617,0.0,0,250,2.92,113,1.32,51.73,16532,8552,Caldas da Rainha,Leiria,Centro
2019-12-03 11:13:36,Caldas da Rainha - Santo Onofre e Serra do Bouro,LOCAL-100618,0.0,0,137,2.81,95,1.95,46.18,10561,4877,Caldas da Rainha,Leiria,Centro
2019-12-03 11:13:36,Tornada e Salir do Porto,LOCAL-100619,0.0,0,78,3.96,41,2.08,51.9,3796,1970,Caldas da Rainha,Leiria,Centro
2019-12-03 11:13:36,Castanheira de Pêra e Coentral,LOCAL-100703,0.0,0,24,1.62,38,2.57,55.88,2645,1478,Castanheira de Pêra,Leiria,Centro
2019-12-03 11:13:36,Aguda,LOCAL-100801,0.0,0,12,2.14,19,3.39,58.26,963,561,Figueiró dos Vinhos,Leiria,Centro
2019-12-03 11:13:36,Arega,LOCAL-100802,0.0,0,18,4.0,3,0.67,56.39,798,450,Figueiró dos Vinhos,Leiria,Centro
2019-12-03 11:13:36,Campelo,LOCAL-100803,0.0,0,0,0.0,0,0.0,46.99,183,86,Figueiró dos Vinhos,Leiria,Centro
2019-12-03 11:13:36,Figueiró dos Vinhos e Bairradas,LOCAL-100806,0.0,0,65,3.38,52,2.7,54.8,3511,1924,Figueiró dos Vinhos,Leiria,Centro
2019-12-03 11:13:36,Amor,LOCAL-100901,0.0,0,121,5.27,83,3.62,56.12,4088,2294,Leiria,Leiria,Centro
2019-12-03 11:13:36,Arrabal,LOCAL-100902,0.0,0,78,5.17,21,1.39,63.0,2397,1510,Leiria,Leiria,Centro
2019-12-03 11:13:36,Caranguejeira,LOCAL-100907,0.0,0,104,3.89,67,2.51,61.06,4376,2672,Leiria,Leiria,Centro
2019-12-03 11:13:36,Coimbrão,LOCAL-100909,0.0,0,37,4.37,22,2.6,51.15,1654,846,Leiria,Leiria,Centro
2019-12-03 11:13:36,Maceira,LOCAL-100913,0.0,0,197,4.12,135,2.82,56.74,8425,4780,Leiria,Leiria,Centro
2019-12-03 11:13:36,Milagres,LOCAL-100915,0.0,0,85,5.56,54,3.53,53.95,2836,1530,Leiria,Leiria,Centro
2019-12-03 11:13:36,Regueira de Pontes,LOCAL-100921,0.0,0,53,4.57,45,3.88,62.11,1866,1159,Leiria,Leiria,Centro
2019-12-03 11:13:36,Bajouca,LOCAL-100925,0.0,0,56,4.56,23,1.87,68.62,1791,1229,Leiria,Leiria,Centro
2019-12-03 11:13:36,Bidoeira de Cima,LOCAL-100926,0.0,0,51,4.01,40,3.14,61.72,2061,1272,Leiria,Leiria,Centro
2019-12-03 11:13:36,Colmeias e Memória,LOCAL-100932,0.0,0,65,3.43,35,1.85,47.43,3991,1893,Leiria,Leiria,Centro
2019-12-03 11:13:36,"Leiria, Pousos, Barreira e Cortes",LOCAL-100933,0.0,0,681,3.93,335,1.93,60.34,28721,17331,Leiria,Leiria,Centro
2019-12-03 11:13:36,Marrazes e Barosa,LOCAL-100934,0.0,0,480,4.2,215,1.88,52.96,21567,11422,Leiria,Leiria,Centro
2019-12-03 11:13:36,Monte Real e Carvide,LOCAL-100935,0.0,0,155,5.37,74,2.56,57.81,4996,2888,Leiria,Leiria,Centro
2019-12-03 11:13:36,Monte Redondo e Carreira,LOCAL-100936,0.0,0,134,4.8,89,3.19,57.49,4853,2790,Leiria,Leiria,Centro
2019-12-03 11:13:36,Parceiros e Azoia,LOCAL-100937,0.0,0,142,3.6,86,2.18,62.87,6267,3940,Leiria,Leiria,Centro
2019-12-03 11:13:36,Santa Catarina da Serra e Chainça,LOCAL-100938,0.0,0,80,2.78,70,2.43,67.78,4252,2882,Leiria,Leiria,Centro
2019-12-03 11:13:36,Santa Eufémia e Boa Vista,LOCAL-100939,0.0,0,78,3.39,63,2.74,61.14,3767,2303,Leiria,Leiria,Centro
2019-12-03 11:13:36,Souto da Carpalhosa e Ortigosa,LOCAL-100940,0.0,0,146,4.7,92,2.96,60.73,5113,3105,Leiria,Leiria,Centro
2019-12-03 11:13:36,Marinha Grande,LOCAL-101001,0.0,0,505,3.39,315,2.11,53.63,27809,14915,Marinha Grande,Leiria,Centro
2019-12-03 11:13:36,Vieira de Leiria,LOCAL-101002,0.0,0,108,4.21,54,2.1,49.88,5146,2567,Marinha Grande,Leiria,Centro
2019-12-03 11:13:36,Moita,LOCAL-101003,0.0,0,36,5.25,8,1.17,56.37,1217,686,Marinha Grande,Leiria,Centro
2019-12-03 11:13:36,Famalicão,LOCAL-101101,0.0,0,23,2.82,24,2.94,54.66,1493,816,Nazaré,Leiria,Centro
2019-12-03 11:13:36,Nazaré,LOCAL-101102,0.0,0,107,2.73,56,1.43,38.57,10155,3917,Nazaré,Leiria,Centro
2019-12-03 11:13:36,Valado dos Frades,LOCAL-101103,0.0,0,40,3.08,9,0.69,47.05,2761,1299,Nazaré,Leiria,Centro
2019-12-03 11:13:36,A dos Negros,LOCAL-101201,0.0,0,15,2.07,17,2.35,55.48,1305,724,Óbidos,Leiria,Centro
2019-12-03 11:13:36,Amoreira,LOCAL-101202,0.0,0,18,4.03,9,2.01,49.83,897,447,Óbidos,Leiria,Centro
2019-12-03 11:13:36,Olho Marinho,LOCAL-101203,0.0,0,31,5.34,17,2.93,50.35,1152,580,Óbidos,Leiria,Centro
2019-12-03 11:13:36,Vau,LOCAL-101207,0.0,0,18,4.21,11,2.57,50.89,841,428,Óbidos,Leiria,Centro
2019-12-03 11:13:36,Gaeiras,LOCAL-101208,0.0,0,56,4.39,15,1.18,63.07,2023,1276,Óbidos,Leiria,Centro
2019-12-03 11:13:36,Usseira,LOCAL-101209,0.0,0,16,3.57,11,2.46,54.97,815,448,Óbidos,Leiria,Centro
2019-12-03 11:13:36,"Santa Maria, São Pedro e Sobral da Lagoa",LOCAL-101210,0.0,0,56,3.15,38,2.14,52.65,3375,1777,Óbidos,Leiria,Centro
2019-12-03 11:13:36,Graça,LOCAL-101301,0.0,0,12,3.58,18,5.37,50.83,659,335,Pedrógão Grande,Leiria,Centro
2019-12-03 11:13:36,Pedrógão Grande,LOCAL-101302,0.0,0,54,4.81,26,2.32,55.37,2028,1123,Pedrógão Grande,Leiria,Centro
2019-12-03 11:13:36,Vila Facaia,LOCAL-101303,0.0,0,3,0.99,12,3.97,61.01,495,302,Pedrógão Grande,Leiria,Centro
2019-12-03 11:13:36,Atouguia da Baleia,LOCAL-101402,0.0,0,163,3.97,91,2.22,51.14,8033,4108,Peniche,Leiria,Centro
2019-12-03 11:13:36,Serra d'El-Rei,LOCAL-101405,0.0,0,20,3.23,19,3.06,53.04,1169,620,Peniche,Leiria,Centro
2019-12-03 11:13:36,Ferrel,LOCAL-101406,0.0,0,44,4.01,22,2.01,43.86,2501,1097,Peniche,Leiria,Centro
2019-12-03 11:13:36,Peniche,LOCAL-101407,0.0,0,214,4.01,86,1.61,42.31,12627,5342,Peniche,Leiria,Centro
2019-12-03 11:13:36,Abiul,LOCAL-101501,0.0,0,36,3.44,31,2.96,40.0,2615,1046,Pombal,Leiria,Centro
2019-12-03 11:13:36,Almagreira,LOCAL-101503,0.0,0,38,3.0,30,2.37,42.23,2998,1266,Pombal,Leiria,Centro
2019-12-03 11:13:36,Carnide,LOCAL-101504,0.0,0,29,3.66,14,1.77,47.01,1687,793,Pombal,Leiria,Centro
2019-12-03 11:13:36,Carriço,LOCAL-101505,0.0,0,72,4.41,54,3.3,51.53,3171,1634,Pombal,Leiria,Centro
2019-12-03 11:13:36,Louriçal,LOCAL-101506,0.0,0,97,4.53,73,3.41,51.37,4168,2141,Pombal,Leiria,Centro
2019-12-03 11:13:36,Pelariga,LOCAL-101508,0.0,0,33,3.62,17,1.86,47.7,1912,912,Pombal,Leiria,Centro
2019-12-03 11:13:36,Pombal,LOCAL-101509,0.0,0,295,4.31,133,1.94,44.07,15541,6849,Pombal,Leiria,Centro
2019-12-03 11:13:36,Redinha,LOCAL-101510,0.0,0,22,2.39,25,2.71,47.38,1946,922,Pombal,Leiria,Centro
2019-12-03 11:13:36,Vermoil,LOCAL-101513,0.0,0,59,4.61,34,2.66,48.72,2625,1279,Pombal,Leiria,Centro
2019-12-03 11:13:36,Vila Cã,LOCAL-101514,0.0,0,44,6.64,14,2.11,46.59,1423,663,Pombal,Leiria,Centro
2019-12-03 11:13:36,Meirinhas,LOCAL-101515,0.0,0,40,4.31,18,1.94,59.13,1571,929,Pombal,Leiria,Centro
2019-12-03 11:13:36,"Guia, Ilha e Mata Mourisca",LOCAL-101518,0.0,0,144,4.74,82,2.7,52.75,5763,3040,Pombal,Leiria,Centro
2019-12-03 11:13:36,Santiago e S.Simão de Litém e Albergaria dos Doze,LOCAL-101519,0.0,0,96,4.42,43,1.98,45.11,4819,2174,Pombal,Leiria,Centro
2019-12-03 11:13:36,Alqueidão da Serra,LOCAL-101602,0.0,0,41,4.51,22,2.42,57.06,1593,909,Porto de Mós,Leiria,Centro
2019-12-03 11:13:36,Calvaria de Cima,LOCAL-101605,0.0,0,41,3.45,36,3.03,56.71,2095,1188,Porto de Mós,Leiria,Centro
2019-12-03 11:13:36,Juncal,LOCAL-101606,0.0,0,62,3.92,47,2.97,57.44,2754,1582,Porto de Mós,Leiria,Centro
2019-12-03 11:13:36,Mira de Aire,LOCAL-101608,0.0,0,38,2.24,49,2.89,53.71,3156,1695,Porto de Mós,Leiria,Centro
2019-12-03 11:13:36,Pedreiras,LOCAL-101609,0.0,0,58,4.54,35,2.74,56.47,2263,1278,Porto de Mós,Leiria,Centro
2019-12-03 11:13:36,São Bento,LOCAL-101610,0.0,0,13,3.19,6,1.47,52.86,770,407,Porto de Mós,Leiria,Centro
2019-12-03 11:13:36,Serro Ventoso,LOCAL-101613,0.0,0,20,3.81,19,3.62,63.95,821,525,Porto de Mós,Leiria,Centro
2019-12-03 11:13:36,Porto de Mós - São João Baptista e São Pedro,LOCAL-101614,0.0,0,104,3.55,57,1.94,54.4,5390,2932,Porto de Mós,Leiria,Centro
2019-12-03 11:13:36,Alvados e Alcaria,LOCAL-101615,0.0,0,16,3.81,5,1.19,60.17,698,420,Porto de Mós,Leiria,Centro
2019-12-03 11:13:36,Arrimal e Mendiga,LOCAL-101616,0.0,0,29,3.14,32,3.46,68.6,1347,924,Porto de Mós,Leiria,Centro
2019-12-03 11:13:36,Carnota,LOCAL-110106,0.0,0,14,1.84,21,2.77,56.22,1350,759,Alenquer,Lisboa,Lisboa
2019-12-03 11:13:36,Meca,LOCAL-110107,0.0,0,21,2.42,14,1.62,61.03,1419,866,Alenquer,Lisboa,Lisboa
2019-12-03 11:13:36,Olhalvo,LOCAL-110108,0.0,0,14,1.38,14,1.38,65.53,1552,1017,Alenquer,Lisboa,Lisboa
2019-12-03 11:13:36,Ota,LOCAL-110109,0.0,0,13,2.06,6,0.95,62.02,1019,632,Alenquer,Lisboa,Lisboa
2019-12-03 11:13:36,Ventosa,LOCAL-110113,0.0,0,28,2.7,17,1.64,61.97,1675,1038,Alenquer,Lisboa,Lisboa
2019-12-03 11:13:36,Vila Verde dos Francos,LOCAL-110114,0.0,0,12,2.29,8,1.53,54.88,953,523,Alenquer,Lisboa,Lisboa
2019-12-03 11:13:36,Abrigada e Cabanas de Torres,LOCAL-110117,0.0,0,45,2.14,36,1.71,59.11,3556,2102,Alenquer,Lisboa,Lisboa
2019-12-03 11:13:36,Aldeia Galega da Merceana e Aldeia Gavinha,LOCAL-110118,0.0,0,35,2.43,18,1.25,58.55,2463,1442,Alenquer,Lisboa,Lisboa
2019-12-03 11:13:36,Alenquer (Santo Estêvão e Triana),LOCAL-110119,0.0,0,176,3.27,70,1.3,56.98,9456,5388,Alenquer,Lisboa,Lisboa
2019-12-03 11:13:36,Carregado e Cadafais,LOCAL-110120,0.0,0,157,3.03,85,1.64,48.19,10770,5190,Alenquer,Lisboa,Lisboa
2019-12-03 11:13:36,Ribafria e Pereiro de Palhacana,LOCAL-110121,0.0,0,15,2.03,6,0.81,57.2,1292,739,Alenquer,Lisboa,Lisboa
2019-12-03 11:13:36,Arranhó,LOCAL-110201,0.0,0,28,2.25,34,2.74,60.81,2044,1243,Arruda dos Vinhos,Lisboa,Lisboa
2019-12-03 11:13:36,Arruda dos Vinhos,LOCAL-110202,0.0,0,140,3.12,77,1.72,61.51,7290,4484,Arruda dos Vinhos,Lisboa,Lisboa
2019-12-03 11:13:36,Cardosas,LOCAL-110203,0.0,0,11,2.75,5,1.25,62.89,636,400,Arruda dos Vinhos,Lisboa,Lisboa
2019-12-03 11:13:36,São Tiago dos Velhos,LOCAL-110204,0.0,0,13,1.89,12,1.74,61.7,1115,688,Arruda dos Vinhos,Lisboa,Lisboa
2019-12-03 11:13:36,Alcoentre,LOCAL-110301,0.0,0,19,1.57,35,2.89,51.86,2339,1213,Azambuja,Lisboa,Lisboa
2019-12-03 11:13:36,Aveiras de Baixo,LOCAL-110302,0.0,0,22,3.24,14,2.06,62.62,1086,680,Azambuja,Lisboa,Lisboa
2019-12-03 11:13:36,Aveiras de Cima,LOCAL-110303,0.0,0,48,2.47,42,2.16,48.87,3982,1946,Azambuja,Lisboa,Lisboa
2019-12-03 11:13:36,Azambuja,LOCAL-110304,0.0,0,91,2.47,86,2.34,54.14,6797,3680,Azambuja,Lisboa,Lisboa
2019-12-03 11:13:36,Vale do Paraíso,LOCAL-110306,0.0,0,15,3.07,11,2.25,60.77,803,488,Azambuja,Lisboa,Lisboa
2019-12-03 11:13:36,Vila Nova da Rainha,LOCAL-110307,0.0,0,6,1.39,5,1.16,62.07,696,432,Azambuja,Lisboa,Lisboa
2019-12-03 11:13:36,"Manique do Intendente, V.N.de S.Pedro e Maçussa",LOCAL-110310,0.0,0,28,2.52,12,1.08,59.72,1857,1109,Azambuja,Lisboa,Lisboa
2019-12-03 11:13:36,Alguber,LOCAL-110401,0.0,0,10,2.3,8,1.84,62.23,699,435,Cadaval,Lisboa,Lisboa
2019-12-03 11:13:36,Peral,LOCAL-110407,0.0,0,12,2.68,9,2.01,56.28,796,448,Cadaval,Lisboa,Lisboa
2019-12-03 11:13:36,Vermelha,LOCAL-110409,0.0,0,19,3.05,9,1.45,56.75,1096,622,Cadaval,Lisboa,Lisboa
2019-12-03 11:13:36,Vilar,LOCAL-110410,0.0,0,37,4.44,21,2.52,57.05,1462,834,Cadaval,Lisboa,Lisboa
2019-12-03 11:13:36,Cadaval e Pêro Moniz,LOCAL-110411,0.0,0,60,3.84,34,2.18,50.16,3112,1561,Cadaval,Lisboa,Lisboa
2019-12-03 11:13:36,Lamas e Cercal,LOCAL-110412,0.0,0,45,2.61,33,1.91,56.4,3057,1724,Cadaval,Lisboa,Lisboa
2019-12-03 11:13:36,Painho e Figueiros,LOCAL-110413,0.0,0,27,3.26,16,1.93,51.3,1614,828,Cadaval,Lisboa,Lisboa
2019-12-03 11:13:36,Alcabideche,LOCAL-110501,0.0,0,404,2.23,246,1.36,51.37,35289,18128,Cascais,Lisboa,Lisboa
2019-12-03 11:13:36,São Domingos de Rana,LOCAL-110506,0.0,0,696,2.54,361,1.32,56.23,48788,27433,Cascais,Lisboa,Lisboa
2019-12-03 11:13:36,Carcavelos e Parede,LOCAL-110507,0.0,0,485,2.03,216,0.91,61.7,38639,23842,Cascais,Lisboa,Lisboa
2019-12-03 11:13:36,Cascais e Estoril,LOCAL-110508,0.0,0,522,1.76,298,1.0,54.17,54782,29673,Cascais,Lisboa,Lisboa
2019-12-03 11:13:36,Ajuda,LOCAL-110601,0.0,0,129,1.73,100,1.34,56.51,13165,7439,Lisboa,Lisboa,Lisboa
2019-12-03 11:13:36,Alcântara,LOCAL-110602,0.0,0,112,1.6,83,1.19,59.31,11800,6999,Lisboa,Lisboa,Lisboa
2019-12-03 11:13:36,Beato,LOCAL-110607,0.0,0,101,1.71,91,1.54,54.87,10760,5904,Lisboa,Lisboa,Lisboa
2019-12-03 11:13:36,Benfica,LOCAL-110608,0.0,0,352,1.71,251,1.22,62.51,33020,20641,Lisboa,Lisboa,Lisboa
2019-12-03 11:13:36,Campolide,LOCAL-110610,0.0,0,112,1.46,94,1.23,58.64,13075,7667,Lisboa,Lisboa,Lisboa
2019-12-03 11:13:36,Carnide,LOCAL-110611,0.0,0,182,1.77,139,1.35,63.31,16216,10267,Lisboa,Lisboa,Lisboa
2019-12-03 11:13:36,Lumiar,LOCAL-110618,0.0,0,526,1.98,243,0.91,67.91,39197,26618,Lisboa,Lisboa,Lisboa
2019-12-03 11:13:36,Marvila,LOCAL-110621,0.0,0,257,1.54,296,1.77,49.13,33962,16685,Lisboa,Lisboa,Lisboa
2019-12-03 11:13:36,Olivais,LOCAL-110633,0.0,0,321,1.81,249,1.41,59.38,29832,17715,Lisboa,Lisboa,Lisboa
2019-12-03 11:13:36,São Domingos de Benfica,LOCAL-110639,0.0,0,350,1.7,194,0.94,66.92,30803,20614,Lisboa,Lisboa,Lisboa
2019-12-03 11:13:36,Alvalade,LOCAL-110654,0.0,0,360,1.82,184,0.93,66.47,29718,19754,Lisboa,Lisboa,Lisboa
2019-12-03 11:13:36,Areeiro,LOCAL-110655,0.0,0,231,1.84,110,0.87,64.9,19394,12587,Lisboa,Lisboa,Lisboa
2019-12-03 11:13:36,Arroios,LOCAL-110656,0.0,0,264,1.7,177,1.14,55.02,28219,15527,Lisboa,Lisboa,Lisboa
2019-12-03 11:13:36,Avenidas Novas,LOCAL-110657,0.0,0,222,1.6,119,0.86,66.09,20967,13858,Lisboa,Lisboa,Lisboa
2019-12-03 11:13:36,Belém,LOCAL-110658,0.0,0,150,1.56,76,0.79,67.94,14119,9593,Lisboa,Lisboa,Lisboa
2019-12-03 11:13:36,Campo de Ourique,LOCAL-110659,0.0,0,197,1.59,134,1.08,63.58,19524,12414,Lisboa,Lisboa,Lisboa
2019-12-03 11:13:36,Estrela,LOCAL-110660,0.0,0,172,1.62,82,0.77,64.16,16516,10596,Lisboa,Lisboa,Lisboa
2019-12-03 11:13:36,Misericórdia,LOCAL-110661,0.0,0,88,1.67,58,1.1,52.22,10112,5280,Lisboa,Lisboa,Lisboa
2019-12-03 11:13:36,Parque das Nações,LOCAL-110662,0.0,0,223,2.02,88,0.8,65.57,16833,11038,Lisboa,Lisboa,Lisboa
2019-12-03 11:13:36,Penha de França,LOCAL-110663,0.0,0,223,1.62,169,1.23,55.36,24792,13725,Lisboa,Lisboa,Lisboa
2019-12-03 11:13:36,Santa Clara,LOCAL-110664,0.0,0,164,1.76,149,1.6,48.76,19152,9338,Lisboa,Lisboa,Lisboa
2019-12-03 11:13:36,Santa Maria Maior,LOCAL-110665,0.0,0,56,1.26,58,1.31,45.78,9699,4440,Lisboa,Lisboa,Lisboa
2019-12-03 11:13:36,Santo António,LOCAL-110666,0.0,0,98,1.56,52,0.83,59.89,10485,6279,Lisboa,Lisboa,Lisboa
2019-12-03 11:13:36,São Vicente,LOCAL-110667,0.0,0,95,1.47,82,1.27,55.04,11727,6454,Lisboa,Lisboa,Lisboa
2019-12-03 11:13:36,Bucelas,LOCAL-110702,0.0,0,50,2.18,41,1.79,59.78,3839,2295,Loures,Lisboa,Lisboa
2019-12-03 11:13:36,Fanhões,LOCAL-110705,0.0,0,33,2.48,20,1.5,60.71,2194,1332,Loures,Lisboa,Lisboa
2019-12-03 11:13:36,Loures,LOCAL-110707,0.0,0,373,2.52,234,1.58,60.16,24620,14811,Loures,Lisboa,Lisboa
2019-12-03 11:13:36,Lousa,LOCAL-110708,0.0,0,37,2.48,11,0.74,57.3,2602,1491,Loures,Lisboa,Lisboa
2019-12-03 11:13:36,Moscavide e Portela,LOCAL-110726,0.0,0,222,1.87,140,1.18,64.05,18557,11886,Loures,Lisboa,Lisboa
2019-12-03 11:13:36,Sacavém e Prior Velho,LOCAL-110727,0.0,0,239,2.01,153,1.29,59.24,20054,11879,Loures,Lisboa,Lisboa
2019-12-03 11:13:36,"Santa Iria de Azoia, São João da Talha e Bobadela",LOCAL-110728,0.0,0,484,2.07,421,1.8,62.23,37649,23428,Loures,Lisboa,Lisboa
2019-12-03 11:13:36,Santo Antão e São Julião do Tojal,LOCAL-110729,0.0,0,84,2.06,69,1.7,59.64,6824,4070,Loures,Lisboa,Lisboa
2019-12-03 11:13:36,Santo António dos Cavaleiros e Frielas,LOCAL-110730,0.0,0,253,1.9,188,1.41,53.37,24916,13298,Loures,Lisboa,Lisboa
2019-12-03 11:13:36,"Camarate, Unhos e Apelação",LOCAL-110731,0.0,0,207,1.51,267,1.95,50.25,27308,13721,Loures,Lisboa,Lisboa
2019-12-03 11:13:36,Moita dos Ferreiros,LOCAL-110803,0.0,0,14,1.83,19,2.48,49.64,1545,767,Lourinhã,Lisboa,Lisboa
2019-12-03 11:13:36,Reguengo Grande,LOCAL-110805,0.0,0,24,3.6,21,3.15,48.44,1377,667,Lourinhã,Lisboa,Lisboa
2019-12-03 11:13:36,Santa Bárbara,LOCAL-110806,0.0,0,34,3.41,18,1.8,60.63,1646,998,Lourinhã,Lisboa,Lisboa
2019-12-03 11:13:36,Vimeiro,LOCAL-110808,0.0,0,27,3.77,25,3.49,55.5,1292,717,Lourinhã,Lisboa,Lisboa
2019-12-03 11:13:36,Ribamar,LOCAL-110810,0.0,0,45,4.53,35,3.52,54.77,1813,993,Lourinhã,Lisboa,Lisboa
2019-12-03 11:13:36,Lourinhã e Atalaia,LOCAL-110812,0.0,0,183,3.19,139,2.42,52.61,10906,5738,Lourinhã,Lisboa,Lisboa
2019-12-03 11:13:36,Miragaia e Marteleira,LOCAL-110813,0.0,0,67,3.96,33,1.95,54.86,3084,1692,Lourinhã,Lisboa,Lisboa
2019-12-03 11:13:36,São Bartolomeu dos Galegos e Moledo,LOCAL-110814,0.0,0,28,3.73,29,3.87,56.48,1328,750,Lourinhã,Lisboa,Lisboa
2019-12-03 11:13:36,Carvoeira,LOCAL-110902,0.0,0,31,2.69,18,1.56,55.71,2066,1151,Mafra,Lisboa,Lisboa
2019-12-03 11:13:36,Encarnação,LOCAL-110904,0.0,0,64,2.9,42,1.9,58.43,3774,2205,Mafra,Lisboa,Lisboa
2019-12-03 11:13:36,Ericeira,LOCAL-110906,0.0,0,141,2.78,78,1.54,55.54,9116,5063,Mafra,Lisboa,Lisboa
2019-12-03 11:13:36,Mafra,LOCAL-110909,0.0,0,339,3.67,150,1.62,58.12,15883,9231,Mafra,Lisboa,Lisboa
2019-12-03 11:13:36,Milharado,LOCAL-110911,0.0,0,123,3.41,68,1.88,62.39,5783,3608,Mafra,Lisboa,Lisboa
2019-12-03 11:13:36,Santo Isidoro,LOCAL-110913,0.0,0,83,4.01,41,1.98,60.21,3438,2070,Mafra,Lisboa,Lisboa
2019-12-03 11:13:36,Azueira e Sobral da Abelheira,LOCAL-110918,0.0,0,64,3.04,55,2.61,59.63,3535,2108,Mafra,Lisboa,Lisboa
2019-12-03 11:13:36,"Enxara do Bispo, Gradil e Vila Franca do Rosário",LOCAL-110919,0.0,0,57,3.45,29,1.76,55.35,2981,1650,Mafra,Lisboa,Lisboa
2019-12-03 11:13:36,Igreja Nova e Cheleiros,LOCAL-110920,0.0,0,59,2.74,44,2.04,59.33,3634,2156,Mafra,Lisboa,Lisboa
2019-12-03 11:13:36,Malveira e São Miguel de Alcainça,LOCAL-110921,0.0,0,125,3.18,57,1.45,55.08,7132,3928,Mafra,Lisboa,Lisboa
2019-12-03 11:13:36,Venda do Pinheiro e Santo Estêvão das Galés,LOCAL-110922,0.0,0,165,3.16,100,1.92,62.83,8300,5215,Mafra,Lisboa,Lisboa
2019-12-03 11:13:36,Barcarena,LOCAL-111002,0.0,0,181,2.42,100,1.34,62.76,11905,7471,Oeiras,Lisboa,Lisboa
2019-12-03 11:13:36,Porto Salvo,LOCAL-111009,0.0,0,197,2.73,121,1.68,58.06,12417,7209,Oeiras,Lisboa,Lisboa
2019-12-03 11:13:36,"Algés, Linda-a-Velha e Cruz Quebrada-Dafundo",LOCAL-111012,0.0,0,507,1.9,272,1.02,64.48,41312,26639,Oeiras,Lisboa,Lisboa
2019-12-03 11:13:36,Carnaxide e Queijas,LOCAL-111013,0.0,0,446,2.31,244,1.26,63.8,30302,19333,Oeiras,Lisboa,Lisboa
2019-12-03 11:13:36,"Oeiras e S.Julião da Barra, Paço de Arcos e Caxias",LOCAL-111014,0.0,0,696,2.2,379,1.2,62.34,50797,31667,Oeiras,Lisboa,Lisboa
2019-12-03 11:13:36,Algueirão-Mem Martins,LOCAL-111102,0.0,0,678,2.37,474,1.65,51.37,55771,28650,Sintra,Lisboa,Lisboa
2019-12-03 11:13:36,Colares,LOCAL-111105,0.0,0,96,2.53,59,1.56,58.48,6477,3788,Sintra,Lisboa,Lisboa
2019-12-03 11:13:36,Rio de Mouro,LOCAL-111108,0.0,0,465,2.24,355,1.71,51.46,40418,20798,Sintra,Lisboa,Lisboa
2019-12-03 11:13:36,Casal de Cambra,LOCAL-111115,0.0,0,141,2.64,129,2.42,52.4,10187,5338,Sintra,Lisboa,Lisboa
2019-12-03 11:13:36,Agualva e Mira-Sintra,LOCAL-111122,0.0,0,316,1.86,282,1.66,48.02,35413,17007,Sintra,Lisboa,Lisboa
2019-12-03 11:13:36,"Almargem do Bispo, Pêro Pinheiro e Montelavar",LOCAL-111123,0.0,0,200,2.45,142,1.74,57.75,14139,8165,Sintra,Lisboa,Lisboa
2019-12-03 11:13:36,Cacém e São Marcos,LOCAL-111124,0.0,0,345,2.21,280,1.8,49.48,31506,15588,Sintra,Lisboa,Lisboa
2019-12-03 11:13:36,Massamá e Monte Abraão,LOCAL-111125,0.0,0,511,2.28,291,1.3,52.42,42767,22417,Sintra,Lisboa,Lisboa
2019-12-03 11:13:36,Queluz e Belas,LOCAL-111126,0.0,0,508,2.22,408,1.78,51.99,44064,22911,Sintra,Lisboa,Lisboa
2019-12-03 11:13:36,São João das Lampas e Terrugem,LOCAL-111127,0.0,0,239,2.97,147,1.83,57.6,13955,8038,Sintra,Lisboa,Lisboa
2019-12-03 11:13:36,"S.Maria, S.Miguel, S.Martinho, S.Pedro Penaferrim",LOCAL-111128,0.0,0,350,2.36,214,1.44,61.0,24286,14815,Sintra,Lisboa,Lisboa
2019-12-03 11:13:36,Santo Quintino,LOCAL-111201,0.0,0,39,2.34,20,1.2,53.25,3125,1664,Sobral de Monte Agraço,Lisboa,Lisboa
2019-12-03 11:13:36,Sapataria,LOCAL-111202,0.0,0,53,3.8,23,1.65,57.13,2442,1395,Sobral de Monte Agraço,Lisboa,Lisboa
2019-12-03 11:13:36,Sobral de Monte Agraço,LOCAL-111203,0.0,0,43,2.49,35,2.03,60.88,2832,1724,Sobral de Monte Agraço,Lisboa,Lisboa
2019-12-03 11:13:36,Freiria,LOCAL-111306,0.0,0,45,3.8,27,2.28,56.0,2116,1185,Torres Vedras,Lisboa,Lisboa
2019-12-03 11:13:36,Ponte do Rol,LOCAL-111310,0.0,0,40,3.3,25,2.06,59.88,2024,1212,Torres Vedras,Lisboa,Lisboa
2019-12-03 11:13:36,Ramalhal,LOCAL-111311,0.0,0,77,4.56,51,3.02,58.79,2873,1689,Torres Vedras,Lisboa,Lisboa
2019-12-03 11:13:36,São Pedro da Cadeira,LOCAL-111314,0.0,0,77,3.28,54,2.3,55.9,4202,2349,Torres Vedras,Lisboa,Lisboa
2019-12-03 11:13:36,Silveira,LOCAL-111316,0.0,0,151,3.42,89,2.02,56.56,7807,4416,Torres Vedras,Lisboa,Lisboa
2019-12-03 11:13:36,Turcifal,LOCAL-111317,0.0,0,31,1.9,29,1.78,59.12,2759,1631,Torres Vedras,Lisboa,Lisboa
2019-12-03 11:13:36,Ventosa,LOCAL-111318,0.0,0,84,3.43,39,1.59,56.29,4349,2448,Torres Vedras,Lisboa,Lisboa
2019-12-03 11:13:36,A dos Cunhados e Maceira,LOCAL-111321,0.0,0,164,3.33,115,2.34,54.77,8983,4920,Torres Vedras,Lisboa,Lisboa
2019-12-03 11:13:36,Campelos e Outeiro da Cabeça,LOCAL-111322,0.0,0,42,2.61,35,2.17,51.83,3110,1612,Torres Vedras,Lisboa,Lisboa
2019-12-03 11:13:36,Carvoeira e Carmões,LOCAL-111323,0.0,0,23,1.95,32,2.72,58.76,2003,1177,Torres Vedras,Lisboa,Lisboa
2019-12-03 11:13:36,Dois Portos e Runa,LOCAL-111324,0.0,0,41,3.0,25,1.83,56.74,2411,1368,Torres Vedras,Lisboa,Lisboa
2019-12-03 11:13:36,Maxial e Monte Redondo,LOCAL-111325,0.0,0,32,2.05,43,2.76,53.67,2905,1559,Torres Vedras,Lisboa,Lisboa
2019-12-03 11:13:36,"Santa Maria, São Pedro e Matacães",LOCAL-111326,0.0,0,411,3.13,227,1.73,57.91,22689,13140,Torres Vedras,Lisboa,Lisboa
2019-12-03 11:13:36,Vialonga,LOCAL-111408,0.0,0,206,2.22,141,1.52,54.82,16924,9278,Vila Franca de Xira,Lisboa,Lisboa
2019-12-03 11:13:36,Vila Franca de Xira,LOCAL-111409,0.0,0,217,2.58,104,1.24,54.22,15527,8418,Vila Franca de Xira,Lisboa,Lisboa
2019-12-03 11:13:36,"Alhandra, São João dos Montes e Calhandriz",LOCAL-111412,0.0,0,161,2.52,102,1.6,60.43,10557,6380,Vila Franca de Xira,Lisboa,Lisboa
2019-12-03 11:13:36,Alverca do Ribatejo e Sobralinho,LOCAL-111413,0.0,0,417,2.33,248,1.39,59.71,29957,17886,Vila Franca de Xira,Lisboa,Lisboa
2019-12-03 11:13:36,Castanheira do Ribatejo e Cachoeiras,LOCAL-111414,0.0,0,100,2.83,56,1.58,53.33,6634,3538,Vila Franca de Xira,Lisboa,Lisboa
2019-12-03 11:13:36,Póvoa de Santa Iria e Forte da Casa,LOCAL-111415,0.0,0,465,2.33,369,1.85,59.22,33749,19986,Vila Franca de Xira,Lisboa,Lisboa
2019-12-03 11:13:36,Alfragide,LOCAL-111512,0.0,0,215,2.46,109,1.25,62.72,13950,8750,Amadora,Lisboa,Lisboa
2019-12-03 11:13:36,Águas Livres,LOCAL-111513,0.0,0,301,1.77,306,1.8,54.03,31465,16999,Amadora,Lisboa,Lisboa
2019-12-03 11:13:36,Encosta do Sol,LOCAL-111514,0.0,0,229,1.91,224,1.87,52.34,22870,11970,Amadora,Lisboa,Lisboa
2019-12-03 11:13:36,Falagueira-Venda Nova,LOCAL-111515,0.0,0,176,1.77,155,1.56,53.72,18464,9918,Amadora,Lisboa,Lisboa
2019-12-03 11:13:36,Mina de Água,LOCAL-111516,0.0,0,387,1.97,326,1.66,54.72,35833,19609,Amadora,Lisboa,Lisboa
2019-12-03 11:13:36,Venteira,LOCAL-111517,0.0,0,239,1.9,198,1.58,55.68,22560,12561,Amadora,Lisboa,Lisboa
2019-12-03 11:13:36,Odivelas,LOCAL-111603,0.0,0,568,1.96,480,1.66,55.42,52209,28936,Odivelas,Lisboa,Lisboa
2019-12-03 11:13:36,Pontinha e Famões,LOCAL-111608,0.0,0,337,2.04,348,2.11,55.06,30000,16519,Odivelas,Lisboa,Lisboa
2019-12-03 11:13:36,Póvoa de Santo Adrião e Olival Basto,LOCAL-111609,0.0,0,127,1.54,150,1.82,51.09,16092,8222,Odivelas,Lisboa,Lisboa
2019-12-03 11:13:36,Ramada e Caneças,LOCAL-111610,0.0,0,420,2.45,297,1.74,60.82,28143,17116,Odivelas,Lisboa,Lisboa
2019-12-03 11:13:36,Alter do Chão,LOCAL-120101,0.0,0,17,1.7,16,1.6,54.57,1829,998,Alter do Chão,Portalegre,Alentejo
2019-12-03 11:13:36,Chancelaria,LOCAL-120102,0.0,0,2,0.96,4,1.92,55.91,372,208,Alter do Chão,Portalegre,Alentejo
2019-12-03 11:13:36,Seda,LOCAL-120103,0.0,0,3,1.52,2,1.02,70.61,279,197,Alter do Chão,Portalegre,Alentejo
2019-12-03 11:13:36,Cunheira,LOCAL-120104,0.0,0,1,0.62,5,3.11,62.16,259,161,Alter do Chão,Portalegre,Alentejo
2019-12-03 11:13:36,Assunção,LOCAL-120201,0.0,0,37,3.92,20,2.12,58.48,1616,945,Arronches,Portalegre,Alentejo
2019-12-03 11:13:36,Esperança,LOCAL-120202,0.0,0,3,1.01,8,2.68,47.08,633,298,Arronches,Portalegre,Alentejo
2019-12-03 11:13:36,Mosteiros,LOCAL-120203,0.0,0,0,0.0,5,2.76,58.01,312,181,Arronches,Portalegre,Alentejo
2019-12-03 11:13:36,Aldeia Velha,LOCAL-120302,0.0,0,0,0.0,6,3.92,71.16,215,153,Avis,Portalegre,Alentejo
2019-12-03 11:13:36,Avis,LOCAL-120303,0.0,0,23,2.75,16,1.91,58.25,1437,837,Avis,Portalegre,Alentejo
2019-12-03 11:13:36,Ervedal,LOCAL-120305,0.0,0,3,1.07,3,1.07,64.75,434,281,Avis,Portalegre,Alentejo
2019-12-03 11:13:36,Figueira e Barros,LOCAL-120306,0.0,0,7,4.22,3,1.81,76.5,217,166,Avis,Portalegre,Alentejo
2019-12-03 11:13:36,Alcórrego e Maranhão,LOCAL-120309,0.0,0,6,2.41,3,1.2,64.84,384,249,Avis,Portalegre,Alentejo
2019-12-03 11:13:36,Benavila e Valongo,LOCAL-120310,0.0,0,10,1.96,6,1.18,63.83,799,510,Avis,Portalegre,Alentejo
2019-12-03 11:13:36,Nossa Senhora da Expectação,LOCAL-120401,0.0,0,27,1.57,25,1.46,52.22,3284,1715,Campo Maior,Portalegre,Alentejo
2019-12-03 11:13:36,Nossa Senhora da Graça dos Degolados,LOCAL-120402,0.0,0,4,1.43,12,4.29,54.9,510,280,Campo Maior,Portalegre,Alentejo
2019-12-03 11:13:36,São João Baptista,LOCAL-120403,0.0,0,24,1.36,43,2.44,52.16,3372,1759,Campo Maior,Portalegre,Alentejo
2019-12-03 11:13:36,Nossa Senhora da Graça de Póvoa e Meadas,LOCAL-120501,0.0,0,6,2.11,5,1.75,60.9,468,285,Castelo de Vide,Portalegre,Alentejo
2019-12-03 11:13:36,Santa Maria da Devesa,LOCAL-120502,0.0,0,13,1.62,16,1.99,61.47,1308,804,Castelo de Vide,Portalegre,Alentejo
2019-12-03 11:13:36,Santiago Maior,LOCAL-120503,0.0,0,1,0.65,4,2.6,54.42,283,154,Castelo de Vide,Portalegre,Alentejo
2019-12-03 11:13:36,São João Baptista,LOCAL-120504,0.0,0,21,4.76,13,2.95,63.64,693,441,Castelo de Vide,Portalegre,Alentejo
2019-12-03 11:13:36,Aldeia da Mata,LOCAL-120601,0.0,0,4,1.99,2,1.0,68.37,294,201,Crato,Portalegre,Alentejo
2019-12-03 11:13:36,Gáfete,LOCAL-120604,0.0,0,10,2.51,6,1.5,56.52,706,399,Crato,Portalegre,Alentejo
2019-12-03 11:13:36,Monte da Pedra,LOCAL-120605,0.0,0,2,1.33,1,0.67,70.09,214,150,Crato,Portalegre,Alentejo
2019-12-03 11:13:36,"Crato e Mártires, Flor da Rosa e Vale do Peso",LOCAL-120607,0.0,0,24,2.27,18,1.7,57.56,1838,1058,Crato,Portalegre,Alentejo
2019-12-03 11:13:36,Santa Eulália,LOCAL-120706,0.0,0,4,0.87,10,2.17,48.37,953,461,Elvas,Portalegre,Alentejo
2019-12-03 11:13:36,São Brás e São Lourenço,LOCAL-120707,0.0,0,20,2.9,8,1.16,48.35,1427,690,Elvas,Portalegre,Alentejo
2019-12-03 11:13:36,São Vicente e Ventosa,LOCAL-120708,0.0,0,0,0.0,6,1.79,52.83,636,336,Elvas,Portalegre,Alentejo
2019-12-03 11:13:36,"Assunção, Ajuda, Salvador e Santo Ildefonso",LOCAL-120712,0.0,0,85,2.29,65,1.75,44.44,8368,3719,Elvas,Portalegre,Alentejo
2019-12-03 11:13:36,"Caia, São Pedro e Alcáçova",LOCAL-120713,0.0,0,34,1.88,37,2.05,36.05,5010,1806,Elvas,Portalegre,Alentejo
2019-12-03 11:13:36,Barbacena e Vila Fernando,LOCAL-120714,0.0,0,7,1.99,13,3.7,48.55,723,351,Elvas,Portalegre,Alentejo
2019-12-03 11:13:36,Terrugem e Vila Boim,LOCAL-120715,0.0,0,36,3.36,15,1.4,54.55,1965,1072,Elvas,Portalegre,Alentejo
2019-12-03 11:13:36,Cabeço de Vide,LOCAL-120801,0.0,0,8,1.73,12,2.59,56.05,826,463,Fronteira,Portalegre,Alentejo
2019-12-03 11:13:36,Fronteira,LOCAL-120802,0.0,0,18,1.78,26,2.57,61.37,1649,1012,Fronteira,Portalegre,Alentejo
2019-12-03 11:13:36,São Saturnino,LOCAL-120803,0.0,0,4,2.58,1,0.65,71.76,216,155,Fronteira,Portalegre,Alentejo
2019-12-03 11:13:36,Belver,LOCAL-120902,0.0,0,7,1.97,5,1.4,64.85,549,356,Gavião,Portalegre,Alentejo
2019-12-03 11:13:36,Comenda,LOCAL-120903,0.0,0,9,2.27,3,0.76,59.34,669,397,Gavião,Portalegre,Alentejo
2019-12-03 11:13:36,Margem,LOCAL-120905,0.0,0,5,1.54,8,2.47,49.62,653,324,Gavião,Portalegre,Alentejo
2019-12-03 11:13:36,Gavião e Atalaia,LOCAL-120906,0.0,0,20,2.26,20,2.26,62.94,1406,885,Gavião,Portalegre,Alentejo
2019-12-03 11:13:36,Beirã,LOCAL-121001,0.0,0,4,1.89,6,2.83,56.38,376,212,Marvão,Portalegre,Alentejo
2019-12-03 11:13:36,Santa Maria de Marvão,LOCAL-121002,0.0,0,6,3.26,5,2.72,52.42,351,184,Marvão,Portalegre,Alentejo
2019-12-03 11:13:36,Santo António das Areias,LOCAL-121003,0.0,0,16,3.02,8,1.51,57.92,915,530,Marvão,Portalegre,Alentejo
2019-12-03 11:13:36,São Salvador da Aramenha,LOCAL-121004,0.0,0,19,3.03,8,1.27,55.92,1123,628,Marvão,Portalegre,Alentejo
2019-12-03 11:13:36,Assumar,LOCAL-121101,0.0,0,1,0.42,4,1.69,45.84,517,237,Monforte,Portalegre,Alentejo
2019-12-03 11:13:36,Monforte,LOCAL-121102,0.0,0,10,1.6,6,0.96,57.99,1076,624,Monforte,Portalegre,Alentejo
2019-12-03 11:13:36,Santo Aleixo,LOCAL-121103,0.0,0,4,1.51,9,3.4,52.89,501,265,Monforte,Portalegre,Alentejo
2019-12-03 11:13:36,Vaiamonte,LOCAL-121104,0.0,0,3,1.05,3,1.05,58.37,490,286,Monforte,Portalegre,Alentejo
2019-12-03 11:13:36,Alpalhão,LOCAL-121201,0.0,0,10,1.93,11,2.12,52.97,978,518,Nisa,Portalegre,Alentejo
2019-12-03 11:13:36,Montalvão,LOCAL-121205,0.0,0,5,2.96,5,2.96,53.99,313,169,Nisa,Portalegre,Alentejo
2019-12-03 11:13:36,Santana,LOCAL-121207,0.0,0,6,3.19,6,3.19,64.38,292,188,Nisa,Portalegre,Alentejo
2019-12-03 11:13:36,São Matias,LOCAL-121208,0.0,0,1,0.74,3,2.21,59.13,230,136,Nisa,Portalegre,Alentejo
2019-12-03 11:13:36,Tolosa,LOCAL-121210,0.0,0,5,1.09,15,3.28,59.25,773,458,Nisa,Portalegre,Alentejo
2019-12-03 11:13:36,Arez e Amieira do Tejo,LOCAL-121211,0.0,0,4,1.76,4,1.76,60.21,377,227,Nisa,Portalegre,Alentejo
2019-12-03 11:13:36,"Espírito Santo, Nossa Senhora da Graça e São Simão",LOCAL-121212,0.0,0,46,2.95,21,1.35,53.58,2906,1557,Nisa,Portalegre,Alentejo
2019-12-03 11:13:36,Galveias,LOCAL-121301,0.0,0,10,1.9,16,3.04,50.1,1050,526,Ponte de Sor,Portalegre,Alentejo
2019-12-03 11:13:36,Montargil,LOCAL-121302,0.0,0,25,2.62,23,2.41,52.91,1805,955,Ponte de Sor,Portalegre,Alentejo
2019-12-03 11:13:36,Foros de Arrão,LOCAL-121304,0.0,0,5,1.18,7,1.66,52.49,804,422,Ponte de Sor,Portalegre,Alentejo
2019-12-03 11:13:36,Longomel,LOCAL-121305,0.0,0,7,1.28,8,1.46,54.64,1003,548,Ponte de Sor,Portalegre,Alentejo
2019-12-03 11:13:36,"Ponte de Sor, Tramaga e Vale de Açor",LOCAL-121308,0.0,0,143,2.99,72,1.51,50.87,9394,4779,Ponte de Sor,Portalegre,Alentejo
2019-12-03 11:13:36,Alagoa,LOCAL-121401,0.0,0,6,2.03,5,1.69,58.38,507,296,Portalegre,Portalegre,Alentejo
2019-12-03 11:13:36,Alegrete,LOCAL-121402,0.0,0,25,3.47,12,1.67,53.57,1344,720,Portalegre,Portalegre,Alentejo
2019-12-03 11:13:36,Fortios,LOCAL-121404,0.0,0,34,3.81,21,2.35,57.29,1557,892,Portalegre,Portalegre,Alentejo
2019-12-03 11:13:36,Urra,LOCAL-121410,0.0,0,19,2.19,16,1.85,56.89,1524,867,Portalegre,Portalegre,Alentejo
2019-12-03 11:13:36,Sé e São Lourenço,LOCAL-121411,0.0,0,184,2.52,149,2.04,55.55,13160,7311,Portalegre,Portalegre,Alentejo
2019-12-03 11:13:36,Reguengo e São Julião,LOCAL-121412,0.0,0,16,3.49,16,3.49,56.89,805,458,Portalegre,Portalegre,Alentejo
2019-12-03 11:13:36,Ribeira de Nisa e Carreiras,LOCAL-121413,0.0,0,31,3.55,13,1.49,59.03,1479,873,Portalegre,Portalegre,Alentejo
2019-12-03 11:13:36,Cano,LOCAL-121501,0.0,0,6,1.11,27,5.01,52.74,1022,539,Sousel,Portalegre,Alentejo
2019-12-03 11:13:36,Casa Branca,LOCAL-121502,0.0,0,10,1.87,12,2.25,56.99,937,534,Sousel,Portalegre,Alentejo
2019-12-03 11:13:36,Santo Amaro,LOCAL-121503,0.0,0,8,2.35,6,1.76,67.46,504,340,Sousel,Portalegre,Alentejo
2019-12-03 11:13:36,Sousel,LOCAL-121504,0.0,0,26,3.01,11,1.27,58.7,1472,864,Sousel,Portalegre,Alentejo
2019-12-03 11:13:36,Ansiães,LOCAL-130103,0.0,0,6,2.5,7,2.92,39.54,607,240,Amarante,Porto,Norte
2019-12-03 11:13:36,Candemil,LOCAL-130107,0.0,0,6,2.24,17,6.34,34.23,783,268,Amarante,Porto,Norte
2019-12-03 11:13:36,Fregim,LOCAL-130112,0.0,0,22,1.8,23,1.89,53.65,2274,1220,Amarante,Porto,Norte
2019-12-03 11:13:36,Fridão,LOCAL-130115,0.0,0,11,2.63,3,0.72,62.44,671,419,Amarante,Porto,Norte
2019-12-03 11:13:36,Gondar,LOCAL-130117,0.0,0,19,2.36,22,2.73,53.45,1508,806,Amarante,Porto,Norte
2019-12-03 11:13:36,Jazente,LOCAL-130118,0.0,0,1,0.29,7,2.02,58.35,593,346,Amarante,Porto,Norte
2019-12-03 11:13:36,Lomba,LOCAL-130119,0.0,0,7,1.51,11,2.37,59.16,786,465,Amarante,Porto,Norte
2019-12-03 11:13:36,Louredo,LOCAL-130120,0.0,0,6,1.7,2,0.57,57.99,607,352,Amarante,Porto,Norte
2019-12-03 11:13:36,Lufrei,LOCAL-130121,0.0,0,29,3.07,9,0.95,58.88,1605,945,Amarante,Porto,Norte
2019-12-03 11:13:36,Mancelos,LOCAL-130123,0.0,0,48,3.2,24,1.6,51.3,2926,1501,Amarante,Porto,Norte
2019-12-03 11:13:36,Padronelo,LOCAL-130126,0.0,0,8,2.14,5,1.34,49.6,754,374,Amarante,Porto,Norte
2019-12-03 11:13:36,Rebordelo,LOCAL-130128,0.0,0,4,2.96,3,2.22,48.39,279,135,Amarante,Porto,Norte
2019-12-03 11:13:36,Salvador do Monte,LOCAL-130129,0.0,0,14,2.43,10,1.74,63.47,906,575,Amarante,Porto,Norte
2019-12-03 11:13:36,Gouveia (São Simão),LOCAL-130134,0.0,0,10,3.16,4,1.27,55.15,573,316,Amarante,Porto,Norte
2019-12-03 11:13:36,Telões,LOCAL-130135,0.0,0,43,2.16,33,1.65,51.46,3877,1995,Amarante,Porto,Norte
2019-12-03 11:13:36,Travanca,LOCAL-130136,0.0,0,18,2.0,22,2.45,49.04,1831,898,Amarante,Porto,Norte
2019-12-03 11:13:36,Vila Caiz,LOCAL-130138,0.0,0,21,1.49,28,1.99,54.24,2592,1406,Amarante,Porto,Norte
2019-12-03 11:13:36,Vila Chã do Marão,LOCAL-130139,0.0,0,8,1.72,5,1.07,53.5,871,466,Amarante,Porto,Norte
2019-12-03 11:13:36,"Aboadela, Sanche e Várzea",LOCAL-130141,0.0,0,25,3.23,8,1.03,45.72,1693,774,Amarante,Porto,Norte
2019-12-03 11:13:36,"Amarante (São Gonçalo), Madalena, Cepelos e Gatão",LOCAL-130142,0.0,0,122,2.0,67,1.1,56.22,10873,6113,Amarante,Porto,Norte
2019-12-03 11:13:36,"Bustelo, Carneiro e Carvalho de Rei",LOCAL-130143,0.0,0,10,2.42,10,2.42,48.02,860,413,Amarante,Porto,Norte
2019-12-03 11:13:36,Figueiró (Santiago e Santa Cristina),LOCAL-130144,0.0,0,38,2.03,34,1.82,51.15,3656,1870,Amarante,Porto,Norte
2019-12-03 11:13:36,Freixo de Cima e de Baixo,LOCAL-130145,0.0,0,48,2.77,32,1.85,52.45,3300,1731,Amarante,Porto,Norte
2019-12-03 11:13:36,Olo e Canadelo,LOCAL-130146,0.0,0,3,1.26,6,2.52,43.12,552,238,Amarante,Porto,Norte
2019-12-03 11:13:36,Vila Meã,LOCAL-130147,0.0,0,56,2.25,60,2.41,56.85,4385,2493,Amarante,Porto,Norte
2019-12-03 11:13:36,"Vila Garcia, Aboim e Chapa",LOCAL-130148,0.0,0,25,2.73,11,1.2,55.18,1660,916,Amarante,Porto,Norte
2019-12-03 11:13:36,Frende,LOCAL-130204,0.0,0,9,3.25,1,0.36,48.34,573,277,Baião,Porto,Norte
2019-12-03 11:13:36,Gestaçô,LOCAL-130205,0.0,0,11,2.41,18,3.95,42.07,1084,456,Baião,Porto,Norte
2019-12-03 11:13:36,Gove,LOCAL-130206,0.0,0,14,1.79,17,2.17,45.79,1712,784,Baião,Porto,Norte
2019-12-03 11:13:36,Grilo,LOCAL-130207,0.0,0,6,2.63,3,1.32,48.93,466,228,Baião,Porto,Norte
2019-12-03 11:13:36,Loivos do Monte,LOCAL-130208,0.0,0,5,2.98,0,0.0,49.7,338,168,Baião,Porto,Norte
2019-12-03 11:13:36,Santa Marinha do Zêzere,LOCAL-130215,0.0,0,27,2.67,18,1.78,43.02,2350,1011,Baião,Porto,Norte
2019-12-03 11:13:36,Valadares,LOCAL-130219,0.0,0,3,1.06,4,1.41,37.47,758,284,Baião,Porto,Norte
2019-12-03 11:13:36,Viariz,LOCAL-130220,0.0,0,0,0.0,5,3.79,40.0,330,132,Baião,Porto,Norte
2019-12-03 11:13:36,Ancede e Ribadouro,LOCAL-130221,0.0,0,25,2.21,27,2.39,50.11,2257,1131,Baião,Porto,Norte
2019-12-03 11:13:36,Baião (Santa Leocádia) e Mesquinhata,LOCAL-130222,0.0,0,5,1.31,5,1.31,55.46,687,381,Baião,Porto,Norte
2019-12-03 11:13:36,Campelo e Ovil,LOCAL-130223,0.0,0,55,3.16,46,2.64,51.72,3368,1742,Baião,Porto,Norte
2019-12-03 11:13:36,Loivos da Ribeira e Tresouras,LOCAL-130224,0.0,0,3,0.94,3,0.94,46.43,687,319,Baião,Porto,Norte
2019-12-03 11:13:36,Santa Cruz do Douro e São Tomé de Covelas,LOCAL-130225,0.0,0,16,2.05,9,1.15,49.31,1586,782,Baião,Porto,Norte
2019-12-03 11:13:36,Teixeira e Teixeiró,LOCAL-130226,0.0,0,5,1.43,9,2.57,37.08,944,350,Baião,Porto,Norte
2019-12-03 11:13:36,Aião,LOCAL-130301,0.0,0,11,3.15,6,1.72,51.25,681,349,Felgueiras,Porto,Norte
2019-12-03 11:13:36,Airães,LOCAL-130302,0.0,0,27,2.23,19,1.57,52.15,2324,1212,Felgueiras,Porto,Norte
2019-12-03 11:13:36,Friande,LOCAL-130305,0.0,0,18,1.83,29,2.95,64.0,1536,983,Felgueiras,Porto,Norte
2019-12-03 11:13:36,Idães,LOCAL-130306,0.0,0,23,1.63,30,2.13,58.57,2409,1411,Felgueiras,Porto,Norte
2019-12-03 11:13:36,Jugueiros,LOCAL-130307,0.0,0,10,1.66,9,1.49,53.03,1137,603,Felgueiras,Porto,Norte
2019-12-03 11:13:36,Penacova,LOCAL-130313,0.0,0,8,1.24,13,2.01,66.46,972,646,Felgueiras,Porto,Norte
2019-12-03 11:13:36,Pinheiro,LOCAL-130314,0.0,0,20,3.42,11,1.88,61.58,950,585,Felgueiras,Porto,Norte
2019-12-03 11:13:36,Pombeiro de Ribavizela,LOCAL-130315,0.0,0,31,2.74,12,1.06,58.93,1921,1132,Felgueiras,Porto,Norte
2019-12-03 11:13:36,Refontoura,LOCAL-130317,0.0,0,15,1.54,16,1.65,54.46,1783,971,Felgueiras,Porto,Norte
2019-12-03 11:13:36,Regilde,LOCAL-130318,0.0,0,8,1.18,9,1.33,63.09,1073,677,Felgueiras,Porto,Norte
2019-12-03 11:13:36,Revinhade,LOCAL-130319,0.0,0,6,1.53,2,0.51,65.6,596,391,Felgueiras,Porto,Norte
2019-12-03 11:13:36,Sendim,LOCAL-130324,0.0,0,22,2.7,10,1.23,57.59,1417,816,Felgueiras,Porto,Norte
2019-12-03 11:13:36,Macieira da Lixa e Caramos,LOCAL-130334,0.0,0,54,2.67,27,1.34,58.53,3451,2020,Felgueiras,Porto,Norte
2019-12-03 11:13:36,"Margaride, Várzea, Lagares, Varziela e Moure",LOCAL-130335,0.0,0,212,2.32,160,1.75,55.88,16333,9127,Felgueiras,Porto,Norte
2019-12-03 11:13:36,"Pedreira, Rande e Sernande",LOCAL-130336,0.0,0,40,2.48,26,1.61,54.47,2967,1616,Felgueiras,Porto,Norte
2019-12-03 11:13:36,Torrados e Sousa,LOCAL-130337,0.0,0,27,1.57,35,2.03,56.39,3050,1720,Felgueiras,Porto,Norte
2019-12-03 11:13:36,Unhão e Lordelo,LOCAL-130338,0.0,0,15,2.56,10,1.7,54.35,1080,587,Felgueiras,Porto,Norte
2019-12-03 11:13:36,Vila Cova da Lixa e Borba de Godim,LOCAL-130339,0.0,0,74,2.38,51,1.64,54.19,5726,3103,Felgueiras,Porto,Norte
2019-12-03 11:13:36,Vila Fria e Vizela (São Jorge),LOCAL-130340,0.0,0,9,1.44,7,1.12,59.66,1051,627,Felgueiras,Porto,Norte
2019-12-03 11:13:36,Vila Verde e Santão,LOCAL-130341,0.0,0,22,2.65,10,1.21,57.33,1446,829,Felgueiras,Porto,Norte
2019-12-03 11:13:36,Lomba,LOCAL-130405,0.0,0,11,1.69,15,2.31,49.24,1318,649,Gondomar,Porto,Norte
2019-12-03 11:13:36,Rio Tinto,LOCAL-130408,0.0,0,591,2.23,417,1.58,58.19,45473,26462,Gondomar,Porto,Norte
2019-12-03 11:13:36,Baguim do Monte (Rio Tinto),LOCAL-130412,0.0,0,189,2.52,149,1.99,59.26,12664,7505,Gondomar,Porto,Norte
2019-12-03 11:13:36,Fânzeres e São Pedro da Cova,LOCAL-130413,0.0,0,375,2.14,366,2.09,51.98,33668,17499,Gondomar,Porto,Norte
2019-12-03 11:13:36,Foz do Sousa e Covelo,LOCAL-130414,0.0,0,99,2.4,85,2.06,63.17,6519,4118,Gondomar,Porto,Norte
2019-12-03 11:13:36,"Gondomar (São Cosme), Valbom e Jovim",LOCAL-130415,0.0,0,608,2.46,495,2.0,58.88,41970,24711,Gondomar,Porto,Norte
2019-12-03 11:13:36,Melres e Medas,LOCAL-130416,0.0,0,111,3.54,57,1.82,63.66,4920,3132,Gondomar,Porto,Norte
2019-12-03 11:13:36,Aveleda,LOCAL-130502,0.0,0,27,2.97,12,1.32,55.98,1622,908,Lousada,Porto,Norte
2019-12-03 11:13:36,Caíde de Rei,LOCAL-130504,0.0,0,17,1.4,24,1.97,53.54,2273,1217,Lousada,Porto,Norte
2019-12-03 11:13:36,Lodares,LOCAL-130510,0.0,0,26,2.43,25,2.34,62.38,1712,1068,Lousada,Porto,Norte
2019-12-03 11:13:36,Macieira,LOCAL-130512,0.0,0,8,1.13,9,1.27,53.3,1332,710,Lousada,Porto,Norte
2019-12-03 11:13:36,Meinedo,LOCAL-130513,0.0,0,45,2.13,39,1.85,62.3,3390,2112,Lousada,Porto,Norte
2019-12-03 11:13:36,Nevogilde,LOCAL-130515,0.0,0,16,1.36,21,1.79,53.87,2183,1176,Lousada,Porto,Norte
2019-12-03 11:13:36,Sousela,LOCAL-130524,0.0,0,20,2.33,13,1.51,56.95,1510,860,Lousada,Porto,Norte
2019-12-03 11:13:36,Torno,LOCAL-130525,0.0,0,22,1.71,28,2.18,55.06,2330,1283,Lousada,Porto,Norte
2019-12-03 11:13:36,Vilar do Torno e Alentém,LOCAL-130526,0.0,0,15,2.26,9,1.35,56.5,1177,665,Lousada,Porto,Norte
2019-12-03 11:13:36,Cernadelo e Lousada (São Miguel e Santa Margarida),LOCAL-130527,0.0,0,17,1.65,17,1.65,54.4,1899,1033,Lousada,Porto,Norte
2019-12-03 11:13:36,"Cristelos, Boim e Ordem",LOCAL-130528,0.0,0,71,1.9,70,1.87,59.05,6340,3744,Lousada,Porto,Norte
2019-12-03 11:13:36,Figueiras e Covas,LOCAL-130529,0.0,0,25,2.11,23,1.94,64.49,1839,1186,Lousada,Porto,Norte
2019-12-03 11:13:36,Lustosa e Barrosas (Santo Estêvão),LOCAL-130530,0.0,0,49,1.76,60,2.16,55.43,5015,2780,Lousada,Porto,Norte
2019-12-03 11:13:36,Nespereira e Casais,LOCAL-130531,0.0,0,46,2.54,29,1.6,61.36,2948,1809,Lousada,Porto,Norte
2019-12-03 11:13:36,"Silvares, Pias, Nogueira e Alvarenga",LOCAL-130532,0.0,0,71,2.09,59,1.74,61.17,5542,3390,Lousada,Porto,Norte
2019-12-03 11:13:36,Águas Santas,LOCAL-130601,0.0,0,324,2.32,230,1.64,60.22,23228,13987,Maia,Porto,Norte
2019-12-03 11:13:36,Folgosa,LOCAL-130603,0.0,0,45,2.41,35,1.87,62.62,2983,1868,Maia,Porto,Norte
2019-12-03 11:13:36,Milheirós,LOCAL-130608,0.0,0,74,2.75,60,2.23,67.02,4011,2688,Maia,Porto,Norte
2019-12-03 11:13:36,Moreira,LOCAL-130609,0.0,0,218,3.06,110,1.54,63.7,11194,7131,Maia,Porto,Norte
2019-12-03 11:13:36,São Pedro Fins,LOCAL-130613,0.0,0,27,2.64,13,1.27,63.15,1620,1023,Maia,Porto,Norte
2019-12-03 11:13:36,Vila Nova da Telha,LOCAL-130616,0.0,0,83,2.6,52,1.63,62.1,5148,3197,Maia,Porto,Norte
2019-12-03 11:13:36,Pedrouços,LOCAL-130617,0.0,0,122,1.94,103,1.64,61.62,10213,6293,Maia,Porto,Norte
2019-12-03 11:13:36,Castêlo da Maia,LOCAL-130618,0.0,0,260,2.69,146,1.51,60.87,15851,9648,Maia,Porto,Norte
2019-12-03 11:13:36,Cidade da Maia,LOCAL-130619,0.0,0,635,2.79,327,1.44,65.15,34965,22781,Maia,Porto,Norte
2019-12-03 11:13:36,Nogueira e Silva Escura,LOCAL-130620,0.0,0,103,2.36,57,1.31,61.44,7093,4358,Maia,Porto,Norte
2019-12-03 11:13:36,Banho e Carvalhosa,LOCAL-130704,0.0,0,6,1.07,14,2.49,51.18,1098,562,Marco de Canaveses,Porto,Norte
2019-12-03 11:13:36,Constance,LOCAL-130705,0.0,0,18,2.05,9,1.03,63.76,1377,878,Marco de Canaveses,Porto,Norte
2019-12-03 11:13:36,Soalhães,LOCAL-130722,0.0,0,20,1.32,24,1.59,49.9,3026,1510,Marco de Canaveses,Porto,Norte
2019-12-03 11:13:36,Sobretâmega,LOCAL-130723,0.0,0,9,1.6,11,1.96,56.1,1000,561,Marco de Canaveses,Porto,Norte
2019-12-03 11:13:36,Tabuado,LOCAL-130724,0.0,0,23,3.07,17,2.27,62.8,1191,748,Marco de Canaveses,Porto,Norte
2019-12-03 11:13:36,Vila Boa do Bispo,LOCAL-130730,0.0,0,21,1.52,30,2.17,51.64,2682,1385,Marco de Canaveses,Porto,Norte
2019-12-03 11:13:36,"Alpendorada, Várzea e Torrão",LOCAL-130732,0.0,0,67,1.71,62,1.59,54.73,7146,3911,Marco de Canaveses,Porto,Norte
2019-12-03 11:13:36,Avessadas e Rosém,LOCAL-130733,0.0,0,18,2.61,9,1.31,51.88,1328,689,Marco de Canaveses,Porto,Norte
2019-12-03 11:13:36,Bem Viver,LOCAL-130734,0.0,0,33,1.95,44,2.61,52.53,3215,1689,Marco de Canaveses,Porto,Norte
2019-12-03 11:13:36,Santo Isidoro e Livração,LOCAL-130735,0.0,0,20,1.72,14,1.2,67.03,1738,1165,Marco de Canaveses,Porto,Norte
2019-12-03 11:13:36,Marco,LOCAL-130736,0.0,0,126,2.29,84,1.53,55.15,9958,5492,Marco de Canaveses,Porto,Norte
2019-12-03 11:13:36,Paredes de Viadores e Manhuncelos,LOCAL-130737,0.0,0,12,1.62,17,2.29,53.89,1377,742,Marco de Canaveses,Porto,Norte
2019-12-03 11:13:36,Penha Longa e Paços de Gaiolo,LOCAL-130738,0.0,0,23,2.06,16,1.43,47.8,2337,1117,Marco de Canaveses,Porto,Norte
2019-12-03 11:13:36,Sande e São Lourenço do Douro,LOCAL-130739,0.0,0,28,2.41,27,2.32,48.82,2382,1163,Marco de Canaveses,Porto,Norte
2019-12-03 11:13:36,"Várzea, Aliviada e Folhada",LOCAL-130740,0.0,0,19,1.53,36,2.9,51.28,2424,1243,Marco de Canaveses,Porto,Norte
2019-12-03 11:13:36,Vila Boa de Quires e Maureles,LOCAL-130741,0.0,0,19,1.04,30,1.64,56.51,3240,1831,Marco de Canaveses,Porto,Norte
2019-12-03 11:13:36,"Custóias, Leça do Balio e Guifões",LOCAL-130811,0.0,0,557,2.47,339,1.51,60.0,37521,22514,Matosinhos,Porto,Norte
2019-12-03 11:13:36,Matosinhos e Leça da Palmeira,LOCAL-130812,0.0,0,562,2.14,291,1.11,59.84,43786,26203,Matosinhos,Porto,Norte
2019-12-03 11:13:36,"Perafita, Lavra e Santa Cruz do Bispo",LOCAL-130813,0.0,0,364,2.52,234,1.62,56.33,25622,14433,Matosinhos,Porto,Norte
2019-12-03 11:13:36,São Mamede de Infesta e Senhora da Hora,LOCAL-130814,0.0,0,653,2.37,353,1.28,61.04,45104,27530,Matosinhos,Porto,Norte
2019-12-03 11:13:36,Carvalhosa,LOCAL-130902,0.0,0,49,2.26,57,2.63,55.81,3883,2167,Paços de Ferreira,Porto,Norte
2019-12-03 11:13:36,Eiriz,LOCAL-130904,0.0,0,35,3.06,22,1.92,60.16,1900,1143,Paços de Ferreira,Porto,Norte
2019-12-03 11:13:36,Ferreira,LOCAL-130905,0.0,0,69,3.28,49,2.33,56.95,3691,2102,Paços de Ferreira,Porto,Norte
2019-12-03 11:13:36,Figueiró,LOCAL-130906,0.0,0,38,2.85,17,1.28,61.95,2150,1332,Paços de Ferreira,Porto,Norte
2019-12-03 11:13:36,Freamunde,LOCAL-130908,0.0,0,139,3.65,47,1.23,56.44,6751,3810,Paços de Ferreira,Porto,Norte
2019-12-03 11:13:36,Meixomil,LOCAL-130910,0.0,0,65,3.38,32,1.66,59.0,3261,1924,Paços de Ferreira,Porto,Norte
2019-12-03 11:13:36,Penamaior,LOCAL-130913,0.0,0,56,3.06,29,1.58,57.33,3192,1830,Paços de Ferreira,Porto,Norte
2019-12-03 11:13:36,Raimonda,LOCAL-130914,0.0,0,38,2.87,15,1.13,59.31,2229,1322,Paços de Ferreira,Porto,Norte
2019-12-03 11:13:36,Seroa,LOCAL-130916,0.0,0,36,2.57,26,1.86,45.36,3084,1399,Paços de Ferreira,Porto,Norte
2019-12-03 11:13:36,Frazão Arreigada,LOCAL-130917,0.0,0,75,2.53,87,2.93,56.22,5279,2968,Paços de Ferreira,Porto,Norte
2019-12-03 11:13:36,Paços de Ferreira,LOCAL-130918,0.0,0,149,3.13,90,1.89,56.31,8448,4757,Paços de Ferreira,Porto,Norte
2019-12-03 11:13:36,Sanfins Lamoso Codessos,LOCAL-130919,0.0,0,78,2.76,53,1.88,57.9,4876,2823,Paços de Ferreira,Porto,Norte
2019-12-03 11:13:36,Aguiar de Sousa,LOCAL-131001,0.0,0,25,2.83,13,1.47,64.36,1372,883,Paredes,Porto,Norte
2019-12-03 11:13:36,Astromil,LOCAL-131002,0.0,0,19,3.26,16,2.75,67.91,857,582,Paredes,Porto,Norte
2019-12-03 11:13:36,Baltar,LOCAL-131003,0.0,0,50,1.9,69,2.63,62.54,4202,2628,Paredes,Porto,Norte
2019-12-03 11:13:36,Beire,LOCAL-131004,0.0,0,15,1.33,14,1.24,64.15,1760,1129,Paredes,Porto,Norte
2019-12-03 11:13:36,Cete,LOCAL-131008,0.0,0,27,1.67,33,2.04,62.98,2574,1621,Paredes,Porto,Norte
2019-12-03 11:13:36,Cristelo,LOCAL-131009,0.0,0,16,1.75,10,1.09,58.29,1568,914,Paredes,Porto,Norte
2019-12-03 11:13:36,Duas Igrejas,LOCAL-131010,0.0,0,24,1.33,65,3.6,58.0,3112,1805,Paredes,Porto,Norte
2019-12-03 11:13:36,Gandra,LOCAL-131011,0.0,0,63,1.78,75,2.12,59.26,5977,3542,Paredes,Porto,Norte
2019-12-03 11:13:36,Lordelo,LOCAL-131013,0.0,0,123,2.68,223,4.86,54.5,8428,4593,Paredes,Porto,Norte
2019-12-03 11:13:36,Louredo,LOCAL-131014,0.0,0,13,1.7,21,2.74,65.19,1175,766,Paredes,Porto,Norte
2019-12-03 11:13:36,Parada de Todeia,LOCAL-131017,0.0,0,14,1.48,18,1.9,62.59,1513,947,Paredes,Porto,Norte
2019-12-03 11:13:36,Rebordosa,LOCAL-131018,0.0,0,71,1.56,151,3.31,60.59,7533,4564,Paredes,Porto,Norte
2019-12-03 11:13:36,Recarei,LOCAL-131019,0.0,0,47,1.89,50,2.01,63.43,3918,2485,Paredes,Porto,Norte
2019-12-03 11:13:36,Sobreira,LOCAL-131020,0.0,0,63,2.82,51,2.28,61.85,3612,2234,Paredes,Porto,Norte
2019-12-03 11:13:36,Sobrosa,LOCAL-131021,0.0,0,28,1.95,30,2.09,62.95,2278,1434,Paredes,Porto,Norte
2019-12-03 11:13:36,Vandoma,LOCAL-131022,0.0,0,22,1.8,31,2.53,60.87,2011,1224,Paredes,Porto,Norte
2019-12-03 11:13:36,Vilela,LOCAL-131024,0.0,0,34,1.44,75,3.17,56.78,4165,2365,Paredes,Porto,Norte
2019-12-03 11:13:36,Paredes,LOCAL-131025,0.0,0,198,1.83,267,2.47,61.34,17646,10824,Paredes,Porto,Norte
2019-12-03 11:13:36,Abragão,LOCAL-131101,0.0,0,15,1.49,21,2.09,46.65,2152,1004,Penafiel,Porto,Norte
2019-12-03 11:13:36,Boelhe,LOCAL-131102,0.0,0,11,1.27,17,1.96,61.33,1417,869,Penafiel,Porto,Norte
2019-12-03 11:13:36,Bustelo,LOCAL-131103,0.0,0,16,1.62,37,3.76,68.93,1429,985,Penafiel,Porto,Norte
2019-12-03 11:13:36,Cabeça Santa,LOCAL-131104,0.0,0,21,1.56,22,1.63,63.4,2123,1346,Penafiel,Porto,Norte
2019-12-03 11:13:36,Canelas,LOCAL-131105,0.0,0,6,0.72,17,2.05,59.31,1401,831,Penafiel,Porto,Norte
2019-12-03 11:13:36,Capela,LOCAL-131106,0.0,0,12,2.05,12,2.05,67.87,862,585,Penafiel,Porto,Norte
2019-12-03 11:13:36,Castelões,LOCAL-131107,0.0,0,19,2.31,7,0.85,65.21,1262,823,Penafiel,Porto,Norte
2019-12-03 11:13:36,Croca,LOCAL-131108,0.0,0,17,1.97,20,2.32,55.43,1557,863,Penafiel,Porto,Norte
2019-12-03 11:13:36,Duas Igrejas,LOCAL-131109,0.0,0,13,1.38,49,5.19,46.35,2039,945,Penafiel,Porto,Norte
2019-12-03 11:13:36,Eja,LOCAL-131110,0.0,0,7,1.55,6,1.33,54.47,828,451,Penafiel,Porto,Norte
2019-12-03 11:13:36,Fonte Arcada,LOCAL-131112,0.0,0,17,1.97,25,2.89,66.64,1298,865,Penafiel,Porto,Norte
2019-12-03 11:13:36,Galegos,LOCAL-131113,0.0,0,25,1.76,33,2.32,63.13,2254,1423,Penafiel,Porto,Norte
2019-12-03 11:13:36,Irivo,LOCAL-131115,0.0,0,16,1.34,20,1.67,66.32,1805,1197,Penafiel,Porto,Norte
2019-12-03 11:13:36,Oldrões,LOCAL-131121,0.0,0,16,1.51,26,2.45,63.4,1675,1062,Penafiel,Porto,Norte
2019-12-03 11:13:36,Paço de Sousa,LOCAL-131122,0.0,0,62,2.86,65,3.0,64.07,3384,2168,Penafiel,Porto,Norte
2019-12-03 11:13:36,Perozelo,LOCAL-131125,0.0,0,8,1.06,17,2.25,66.93,1128,755,Penafiel,Porto,Norte
2019-12-03 11:13:36,Rans,LOCAL-131128,0.0,0,11,1.16,30,3.17,62.09,1522,945,Penafiel,Porto,Norte
2019-12-03 11:13:36,Rio de Moinhos,LOCAL-131129,0.0,0,19,1.33,26,1.82,59.02,2423,1430,Penafiel,Porto,Norte
2019-12-03 11:13:36,Recezinhos (São Mamede),LOCAL-131132,0.0,0,11,1.54,18,2.52,53.24,1343,715,Penafiel,Porto,Norte
2019-12-03 11:13:36,Recezinhos (São Martinho),LOCAL-131133,0.0,0,18,1.93,17,1.82,58.85,1587,934,Penafiel,Porto,Norte
2019-12-03 11:13:36,Sebolido,LOCAL-131134,0.0,0,4,0.87,8,1.73,61.85,747,462,Penafiel,Porto,Norte
2019-12-03 11:13:36,Valpedre,LOCAL-131136,0.0,0,19,2.18,19,2.18,70.57,1237,873,Penafiel,Porto,Norte
2019-12-03 11:13:36,Rio Mau,LOCAL-131138,0.0,0,27,3.26,17,2.05,68.17,1216,829,Penafiel,Porto,Norte
2019-12-03 11:13:36,Penafiel,LOCAL-131139,0.0,0,167,2.0,137,1.64,60.57,13755,8332,Penafiel,Porto,Norte
2019-12-03 11:13:36,Luzim e Vila Cova,LOCAL-131140,0.0,0,12,1.57,10,1.31,55.0,1391,765,Penafiel,Porto,Norte
2019-12-03 11:13:36,Guilhufe e Urrô,LOCAL-131141,0.0,0,41,1.84,55,2.46,64.19,3479,2233,Penafiel,Porto,Norte
2019-12-03 11:13:36,Lagares e Figueira,LOCAL-131142,0.0,0,35,2.27,45,2.91,65.79,2347,1544,Penafiel,Porto,Norte
2019-12-03 11:13:36,Termas de São Vicente,LOCAL-131143,0.0,0,45,1.72,60,2.29,61.4,4264,2618,Penafiel,Porto,Norte
2019-12-03 11:13:36,Bonfim,LOCAL-131202,0.0,0,206,1.56,170,1.29,60.42,21846,13199,Porto,Porto,Norte
2019-12-03 11:13:36,Campanhã,LOCAL-131203,0.0,0,277,1.76,225,1.43,56.09,28076,15747,Porto,Porto,Norte
2019-12-03 11:13:36,Paranhos,LOCAL-131210,0.0,0,456,1.8,311,1.23,61.81,41022,25354,Porto,Porto,Norte
2019-12-03 11:13:36,Ramalde,LOCAL-131211,0.0,0,392,1.8,246,1.13,64.92,33559,21787,Porto,Porto,Norte
2019-12-03 11:13:36,"Aldoar, Foz do Douro e Nevogilde",LOCAL-131216,0.0,0,262,1.48,139,0.79,69.27,25496,17661,Porto,Porto,Norte
2019-12-03 11:13:36,"Cedofeita,Ildefonso,Sé,Miragaia,Nicolau,Vitória",LOCAL-131217,0.0,0,304,1.53,185,0.93,55.65,35745,19893,Porto,Porto,Norte
2019-12-03 11:13:36,Lordelo do Ouro e Massarelos,LOCAL-131218,0.0,0,265,1.68,163,1.04,64.6,24360,15737,Porto,Porto,Norte
2019-12-03 11:13:36,Balazar,LOCAL-131305,0.0,0,26,1.85,22,1.57,59.93,2341,1403,Póvoa de Varzim,Porto,Norte
2019-12-03 11:13:36,Estela,LOCAL-131307,0.0,0,22,1.96,20,1.78,48.66,2312,1125,Póvoa de Varzim,Porto,Norte
2019-12-03 11:13:36,Laundos,LOCAL-131308,0.0,0,23,2.17,20,1.89,56.21,1884,1059,Póvoa de Varzim,Porto,Norte
2019-12-03 11:13:36,Rates,LOCAL-131311,0.0,0,28,2.14,13,0.99,59.27,2212,1311,Póvoa de Varzim,Porto,Norte
2019-12-03 11:13:36,"Aver-o-Mar, Amorim e Terroso",LOCAL-131313,0.0,0,161,2.44,110,1.67,51.59,12806,6606,Póvoa de Varzim,Porto,Norte
2019-12-03 11:13:36,Aguçadoura e Navais,LOCAL-131314,0.0,0,81,2.83,42,1.47,53.82,5318,2862,Póvoa de Varzim,Porto,Norte
2019-12-03 11:13:36,"Póvoa de Varzim, Beiriz e Argivai",LOCAL-131315,0.0,0,456,2.68,246,1.44,51.13,33326,17041,Póvoa de Varzim,Porto,Norte
2019-12-03 11:13:36,Agrela,LOCAL-131401,0.0,0,30,3.36,12,1.34,64.78,1380,894,Santo Tirso,Porto,Norte
2019-12-03 11:13:36,Água Longa,LOCAL-131402,0.0,0,39,3.12,24,1.92,62.92,1985,1249,Santo Tirso,Porto,Norte
2019-12-03 11:13:36,Aves,LOCAL-131405,0.0,0,123,2.8,49,1.12,58.5,7504,4390,Santo Tirso,Porto,Norte
2019-12-03 11:13:36,Monte Córdova,LOCAL-131413,0.0,0,60,2.8,23,1.07,61.94,3455,2140,Santo Tirso,Porto,Norte
2019-12-03 11:13:36,Rebordões,LOCAL-131416,0.0,0,46,2.48,24,1.29,61.89,3002,1858,Santo Tirso,Porto,Norte
2019-12-03 11:13:36,Reguenga,LOCAL-131418,0.0,0,26,3.13,16,1.93,61.69,1347,831,Santo Tirso,Porto,Norte
2019-12-03 11:13:36,Roriz,LOCAL-131419,0.0,0,56,2.87,26,1.33,61.57,3172,1953,Santo Tirso,Porto,Norte
2019-12-03 11:13:36,Negrelos (São Tomé),LOCAL-131430,0.0,0,44,2.11,34,1.63,60.37,3447,2081,Santo Tirso,Porto,Norte
2019-12-03 11:13:36,Vilarinho,LOCAL-131432,0.0,0,49,2.54,34,1.76,59.17,3260,1929,Santo Tirso,Porto,Norte
2019-12-03 11:13:36,"Areias, Sequeiró, Lama e Palmeira",LOCAL-131433,0.0,0,98,2.67,38,1.04,61.97,5924,3671,Santo Tirso,Porto,Norte
2019-12-03 11:13:36,Vila Nova do Campo,LOCAL-131434,0.0,0,128,3.45,52,1.4,62.97,5896,3713,Santo Tirso,Porto,Norte
2019-12-03 11:13:36,Carreira e Refojos de Riba de Ave,LOCAL-131435,0.0,0,31,2.6,17,1.43,62.51,1907,1192,Santo Tirso,Porto,Norte
2019-12-03 11:13:36,Lamelas e Guimarei,LOCAL-131436,0.0,0,26,2.88,19,2.1,64.55,1399,903,Santo Tirso,Porto,Norte
2019-12-03 11:13:36,"St.Tirso, Couto (S.Cristina e S.Miguel) e Burgães",LOCAL-131437,0.0,0,286,2.57,137,1.23,59.0,18873,11136,Santo Tirso,Porto,Norte
2019-12-03 11:13:36,Alfena,LOCAL-131501,0.0,0,189,2.59,151,2.07,56.34,12957,7300,Valongo,Porto,Norte
2019-12-03 11:13:36,Ermesinde,LOCAL-131503,0.0,0,468,2.32,352,1.74,57.46,35148,20196,Valongo,Porto,Norte
2019-12-03 11:13:36,Valongo,LOCAL-131505,0.0,0,356,2.85,230,1.84,57.86,21612,12504,Valongo,Porto,Norte
2019-12-03 11:13:36,Campo e Sobrado,LOCAL-131506,0.0,0,182,2.31,181,2.3,56.81,13870,7879,Valongo,Porto,Norte
2019-12-03 11:13:36,Árvore,LOCAL-131602,0.0,0,68,2.45,36,1.3,54.67,5067,2770,Vila do Conde,Porto,Norte
2019-12-03 11:13:36,Aveleda,LOCAL-131603,0.0,0,15,2.33,7,1.09,59.94,1076,645,Vila do Conde,Porto,Norte
2019-12-03 11:13:36,Azurara,LOCAL-131604,0.0,0,29,2.7,11,1.02,58.05,1852,1075,Vila do Conde,Porto,Norte
2019-12-03 11:13:36,Fajozes,LOCAL-131607,0.0,0,16,2.26,6,0.85,61.0,1159,707,Vila do Conde,Porto,Norte
2019-12-03 11:13:36,Gião,LOCAL-131610,0.0,0,24,2.46,12,1.23,66.37,1472,977,Vila do Conde,Porto,Norte
2019-12-03 11:13:36,Guilhabreu,LOCAL-131611,0.0,0,33,2.53,11,0.84,64.7,2017,1305,Vila do Conde,Porto,Norte
2019-12-03 11:13:36,Junqueira,LOCAL-131612,0.0,0,37,3.24,18,1.58,61.02,1870,1141,Vila do Conde,Porto,Norte
2019-12-03 11:13:36,Labruge,LOCAL-131613,0.0,0,37,2.35,16,1.02,63.11,2491,1572,Vila do Conde,Porto,Norte
2019-12-03 11:13:36,Macieira da Maia,LOCAL-131614,0.0,0,32,2.68,29,2.43,58.02,2058,1194,Vila do Conde,Porto,Norte
2019-12-03 11:13:36,Mindelo,LOCAL-131616,0.0,0,44,2.1,24,1.14,60.15,3488,2098,Vila do Conde,Porto,Norte
2019-12-03 11:13:36,Modivas,LOCAL-131617,0.0,0,30,3.1,12,1.24,62.86,1540,968,Vila do Conde,Porto,Norte
2019-12-03 11:13:36,Vila Chã,LOCAL-131627,0.0,0,46,2.74,28,1.67,56.1,2993,1679,Vila do Conde,Porto,Norte
2019-12-03 11:13:36,Vila do Conde,LOCAL-131628,0.0,0,325,2.59,151,1.2,47.85,26216,12544,Vila do Conde,Porto,Norte
2019-12-03 11:13:36,Vilar de Pinheiro,LOCAL-131630,0.0,0,23,1.66,17,1.22,63.14,2200,1389,Vila do Conde,Porto,Norte
2019-12-03 11:13:36,"Bagunte, Ferreiró, Outeiro Maior e Parada",LOCAL-131631,0.0,0,34,2.21,18,1.17,63.59,2417,1537,Vila do Conde,Porto,Norte
2019-12-03 11:13:36,Fornelo e Vairão,LOCAL-131632,0.0,0,29,2.36,20,1.62,56.6,2175,1231,Vila do Conde,Porto,Norte
2019-12-03 11:13:36,Malta e Canidelo,LOCAL-131633,0.0,0,37,2.99,27,2.18,63.75,1942,1238,Vila do Conde,Porto,Norte
2019-12-03 11:13:36,Retorta e Tougues,LOCAL-131634,0.0,0,36,3.07,16,1.37,63.04,1859,1172,Vila do Conde,Porto,Norte
2019-12-03 11:13:36,Rio Mau e Arcos,LOCAL-131635,0.0,0,36,2.42,27,1.82,61.7,2410,1487,Vila do Conde,Porto,Norte
2019-12-03 11:13:36,Touguinha e Touguinhó,LOCAL-131636,0.0,0,36,2.17,20,1.21,55.17,3005,1658,Vila do Conde,Porto,Norte
2019-12-03 11:13:36,Vilar e Mosteiró,LOCAL-131637,0.0,0,39,2.8,22,1.58,64.57,2159,1394,Vila do Conde,Porto,Norte
2019-12-03 11:13:36,Arcozelo,LOCAL-131701,0.0,0,226,2.77,105,1.29,61.67,13226,8156,Vila Nova de Gaia,Porto,Norte
2019-12-03 11:13:36,Avintes,LOCAL-131702,0.0,0,94,1.7,86,1.56,56.98,9687,5520,Vila Nova de Gaia,Porto,Norte
2019-12-03 11:13:36,Canelas,LOCAL-131703,0.0,0,205,2.99,124,1.81,57.92,11845,6861,Vila Nova de Gaia,Porto,Norte
2019-12-03 11:13:36,Canidelo,LOCAL-131704,0.0,0,380,2.6,215,1.47,59.96,24339,14593,Vila Nova de Gaia,Porto,Norte
2019-12-03 11:13:36,Madalena,LOCAL-131709,0.0,0,116,2.07,81,1.45,61.67,9068,5592,Vila Nova de Gaia,Porto,Norte
2019-12-03 11:13:36,Oliveira do Douro,LOCAL-131712,0.0,0,269,2.54,163,1.54,52.96,20022,10603,Vila Nova de Gaia,Porto,Norte
2019-12-03 11:13:36,São Félix da Marinha,LOCAL-131717,0.0,0,178,2.46,93,1.28,63.01,11502,7247,Vila Nova de Gaia,Porto,Norte
2019-12-03 11:13:36,Vilar de Andorinho,LOCAL-131723,0.0,0,191,2.24,172,2.02,55.19,15449,8527,Vila Nova de Gaia,Porto,Norte
2019-12-03 11:13:36,Grijó e Sermonde,LOCAL-131725,0.0,0,154,2.5,100,1.63,58.55,10501,6148,Vila Nova de Gaia,Porto,Norte
2019-12-03 11:13:36,Gulpilhares e Valadares,LOCAL-131726,0.0,0,297,2.56,160,1.38,60.12,19332,11623,Vila Nova de Gaia,Porto,Norte
2019-12-03 11:13:36,Mafamude e Vilar do Paraíso,LOCAL-131727,0.0,0,568,2.14,376,1.42,57.14,46495,26567,Vila Nova de Gaia,Porto,Norte
2019-12-03 11:13:36,Pedroso e Seixezelo,LOCAL-131728,0.0,0,257,2.4,173,1.62,59.42,17996,10694,Vila Nova de Gaia,Porto,Norte
2019-12-03 11:13:36,"Sandim, Olival, Lever e Crestuma",LOCAL-131729,0.0,0,255,2.74,185,1.99,62.59,14845,9291,Vila Nova de Gaia,Porto,Norte
2019-12-03 11:13:36,Santa Marinha e São Pedro da Afurada,LOCAL-131730,0.0,0,434,2.44,258,1.45,58.36,30424,17756,Vila Nova de Gaia,Porto,Norte
2019-12-03 11:13:36,Serzedo e Perosinho,LOCAL-131731,0.0,0,159,2.24,134,1.89,56.62,12529,7094,Vila Nova de Gaia,Porto,Norte
2019-12-03 11:13:36,Covelas,LOCAL-131806,0.0,0,21,2.59,13,1.6,62.12,1304,810,Trofa,Porto,Norte
2019-12-03 11:13:36,Muro,LOCAL-131808,0.0,0,18,1.73,19,1.83,64.88,1600,1038,Trofa,Porto,Norte
2019-12-03 11:13:36,Alvarelhos e Guidões,LOCAL-131809,0.0,0,75,2.79,56,2.08,64.43,4175,2690,Trofa,Porto,Norte
2019-12-03 11:13:36,Bougado (São Martinho e Santiago),LOCAL-131810,0.0,0,283,2.44,216,1.86,61.89,18745,11601,Trofa,Porto,Norte
2019-12-03 11:13:36,Coronado (São Romão e São Mamede),LOCAL-131811,0.0,0,90,1.99,89,1.96,57.66,7860,4532,Trofa,Porto,Norte
2019-12-03 11:13:36,Bemposta,LOCAL-140104,0.0,0,16,2.02,7,0.88,52.42,1511,792,Abrantes,Santarém,Centro
2019-12-03 11:13:36,Martinchel,LOCAL-140105,0.0,0,5,1.9,9,3.42,51.27,513,263,Abrantes,Santarém,Centro
2019-12-03 11:13:36,Mouriscas,LOCAL-140106,0.0,0,19,2.24,26,3.07,60.72,1395,847,Abrantes,Santarém,Centro
2019-12-03 11:13:36,Pego,LOCAL-140107,0.0,0,30,2.87,16,1.53,51.2,2039,1044,Abrantes,Santarém,Centro
2019-12-03 11:13:36,Rio de Moinhos,LOCAL-140108,0.0,0,17,3.22,9,1.7,53.44,988,528,Abrantes,Santarém,Centro
2019-12-03 11:13:36,Tramagal,LOCAL-140115,0.0,0,27,1.71,37,2.35,56.42,2795,1577,Abrantes,Santarém,Centro
2019-12-03 11:13:36,Fontes,LOCAL-140118,0.0,0,9,3.23,8,2.87,54.71,510,279,Abrantes,Santarém,Centro
2019-12-03 11:13:36,Carvalhal,LOCAL-140119,0.0,0,5,1.46,7,2.04,57.17,600,343,Abrantes,Santarém,Centro
2019-12-03 11:13:36,Abrantes (São Vicente e São João) e Alferrarede,LOCAL-140120,0.0,0,242,3.11,121,1.55,54.32,14338,7789,Abrantes,Santarém,Centro
2019-12-03 11:13:36,Aldeia do Mato e Souto,LOCAL-140121,0.0,0,6,1.26,13,2.72,67.32,710,478,Abrantes,Santarém,Centro
2019-12-03 11:13:36,Alvega e Concavada,LOCAL-140122,0.0,0,23,2.43,13,1.37,54.21,1747,947,Abrantes,Santarém,Centro
2019-12-03 11:13:36,São Facundo e Vale das Mós,LOCAL-140123,0.0,0,16,2.14,10,1.34,62.09,1203,747,Abrantes,Santarém,Centro
2019-12-03 11:13:36,São Miguel do Rio Torto e Rossio ao Sul do Tejo,LOCAL-140124,0.0,0,60,3.13,39,2.03,47.68,4023,1918,Abrantes,Santarém,Centro
2019-12-03 11:13:36,Bugalhos,LOCAL-140202,0.0,0,13,2.64,12,2.43,52.28,943,493,Alcanena,Santarém,Centro
2019-12-03 11:13:36,Minde,LOCAL-140206,0.0,0,44,2.79,32,2.03,57.49,2743,1577,Alcanena,Santarém,Centro
2019-12-03 11:13:36,Moitas Venda,LOCAL-140207,0.0,0,29,6.79,17,3.98,50.29,849,427,Alcanena,Santarém,Centro
2019-12-03 11:13:36,Monsanto,LOCAL-140208,0.0,0,25,6.25,4,1.0,53.91,742,400,Alcanena,Santarém,Centro
2019-12-03 11:13:36,Serra de Santo António,LOCAL-140209,0.0,0,16,4.47,4,1.12,48.84,733,358,Alcanena,Santarém,Centro
2019-12-03 11:13:36,Alcanena e Vila Moreira,LOCAL-140211,0.0,0,70,3.11,58,2.58,51.28,4390,2251,Alcanena,Santarém,Centro
2019-12-03 11:13:36,"Malhou, Louriceira e Espinheiro",LOCAL-140212,0.0,0,32,3.59,12,1.35,57.56,1548,891,Alcanena,Santarém,Centro
2019-12-03 11:13:36,Almeirim,LOCAL-140301,0.0,0,174,3.29,91,1.72,49.48,10683,5286,Almeirim,Santarém,Centro
2019-12-03 11:13:36,Benfica do Ribatejo,LOCAL-140302,0.0,0,33,2.62,5,0.4,48.11,2619,1260,Almeirim,Santarém,Centro
2019-12-03 11:13:36,Fazendas de Almeirim,LOCAL-140303,0.0,0,93,3.46,47,1.75,45.39,5922,2688,Almeirim,Santarém,Centro
2019-12-03 11:13:36,Raposa,LOCAL-140304,0.0,0,4,1.33,3,1.0,62.19,484,301,Almeirim,Santarém,Centro
2019-12-03 11:13:36,Alpiarça,LOCAL-140401,0.0,0,123,3.46,57,1.6,57.0,6239,3556,Alpiarça,Santarém,Centro
2019-12-03 11:13:36,Benavente,LOCAL-140501,0.0,0,132,3.56,62,1.67,48.08,7715,3709,Benavente,Santarém,Centro
2019-12-03 11:13:36,Samora Correia,LOCAL-140502,0.0,0,174,2.58,125,1.86,48.15,13980,6732,Benavente,Santarém,Centro
2019-12-03 11:13:36,Santo Estêvão,LOCAL-140503,0.0,0,17,1.73,10,1.02,61.54,1599,984,Benavente,Santarém,Centro
2019-12-03 11:13:36,Barrosa,LOCAL-140504,0.0,0,7,2.6,8,2.97,44.68,602,269,Benavente,Santarém,Centro
2019-12-03 11:13:36,Pontével,LOCAL-140604,0.0,0,61,2.95,30,1.45,52.69,3919,2065,Cartaxo,Santarém,Centro
2019-12-03 11:13:36,Valada,LOCAL-140605,0.0,0,9,2.69,2,0.6,56.21,596,335,Cartaxo,Santarém,Centro
2019-12-03 11:13:36,Vila Chã de Ourique,LOCAL-140607,0.0,0,44,3.41,16,1.24,56.52,2284,1291,Cartaxo,Santarém,Centro
2019-12-03 11:13:36,Vale da Pedra,LOCAL-140608,0.0,0,22,2.86,12,1.56,52.96,1452,769,Cartaxo,Santarém,Centro
2019-12-03 11:13:36,Cartaxo e Vale da Pinta,LOCAL-140609,0.0,0,173,3.07,93,1.65,53.01,10627,5633,Cartaxo,Santarém,Centro
2019-12-03 11:13:36,Ereira e Lapa,LOCAL-140610,0.0,0,32,3.49,10,1.09,57.31,1600,917,Cartaxo,Santarém,Centro
2019-12-03 11:13:36,Ulme,LOCAL-140704,0.0,0,11,1.99,8,1.45,57.38,962,552,Chamusca,Santarém,Centro
2019-12-03 11:13:36,Vale de Cavalos,LOCAL-140705,0.0,0,7,1.49,11,2.34,58.17,808,470,Chamusca,Santarém,Centro
2019-12-03 11:13:36,Carregueira,LOCAL-140707,0.0,0,25,2.81,19,2.13,56.04,1590,891,Chamusca,Santarém,Centro
2019-12-03 11:13:36,Chamusca e Pinheiro Grande,LOCAL-140708,0.0,0,48,2.48,33,1.7,56.48,3428,1936,Chamusca,Santarém,Centro
2019-12-03 11:13:36,Parreira e Chouto,LOCAL-140709,0.0,0,10,1.93,7,1.35,46.21,1121,518,Chamusca,Santarém,Centro
2019-12-03 11:13:36,Constância,LOCAL-140801,0.0,0,19,3.69,8,1.55,61.6,836,515,Constância,Santarém,Centro
2019-12-03 11:13:36,Montalvo,LOCAL-140802,0.0,0,20,2.9,23,3.33,64.61,1068,690,Constância,Santarém,Centro
2019-12-03 11:13:36,Santa Margarida da Coutada,LOCAL-140803,0.0,0,21,2.55,13,1.58,57.56,1428,822,Constância,Santarém,Centro
2019-12-03 11:13:36,Couço,LOCAL-140902,0.0,0,21,1.57,15,1.12,61.78,2161,1335,Coruche,Santarém,Centro
2019-12-03 11:13:36,São José da Lamarosa,LOCAL-140903,0.0,0,7,0.94,11,1.48,53.53,1388,743,Coruche,Santarém,Centro
2019-12-03 11:13:36,Branca,LOCAL-140905,0.0,0,12,1.99,8,1.33,50.59,1190,602,Coruche,Santarém,Centro
2019-12-03 11:13:36,Biscainho,LOCAL-140907,0.0,0,7,1.62,4,0.93,51.8,832,431,Coruche,Santarém,Centro
2019-12-03 11:13:36,Santana do Mato,LOCAL-140908,0.0,0,9,2.09,8,1.86,48.48,889,431,Coruche,Santarém,Centro
2019-12-03 11:13:36,"Coruche, Fajarda e Erra",LOCAL-140909,0.0,0,126,2.53,73,1.47,51.14,9742,4982,Coruche,Santarém,Centro
2019-12-03 11:13:36,São João Baptista,LOCAL-141001,0.0,0,98,2.56,64,1.67,58.72,6526,3832,Entroncamento,Santarém,Centro
2019-12-03 11:13:36,Nossa Senhora de Fátima,LOCAL-141002,0.0,0,197,3.44,115,2.01,54.53,10491,5721,Entroncamento,Santarém,Centro
2019-12-03 11:13:36,Águas Belas,LOCAL-141101,0.0,0,13,1.97,7,1.06,64.77,1019,660,Ferreira do Zêzere,Santarém,Centro
2019-12-03 11:13:36,Beco,LOCAL-141103,0.0,0,13,3.0,6,1.39,61.16,708,433,Ferreira do Zêzere,Santarém,Centro
2019-12-03 11:13:36,Chãos,LOCAL-141104,0.0,0,3,1.14,11,4.18,57.05,461,263,Ferreira do Zêzere,Santarém,Centro
2019-12-03 11:13:36,Ferreira do Zêzere,LOCAL-141106,0.0,0,49,3.83,44,3.44,63.25,2022,1279,Ferreira do Zêzere,Santarém,Centro
2019-12-03 11:13:36,Igreja Nova do Sobral,LOCAL-141107,0.0,0,13,3.86,6,1.78,63.47,531,337,Ferreira do Zêzere,Santarém,Centro
2019-12-03 11:13:36,Nossa Senhora do Pranto,LOCAL-141110,0.0,0,16,2.7,13,2.19,66.55,891,593,Ferreira do Zêzere,Santarém,Centro
2019-12-03 11:13:36,Areias e Pias,LOCAL-141111,0.0,0,18,2.13,30,3.55,57.36,1475,846,Ferreira do Zêzere,Santarém,Centro
2019-12-03 11:13:36,Azinhaga,LOCAL-141201,0.0,0,10,1.32,7,0.92,56.91,1332,758,Golegã,Santarém,Centro
2019-12-03 11:13:36,Golegã,LOCAL-141202,0.0,0,41,2.45,24,1.43,51.76,3238,1676,Golegã,Santarém,Centro
2019-12-03 11:13:36,Pombalinho,LOCAL-141203,0.0,0,8,3.64,5,2.27,57.74,381,220,Golegã,Santarém,Centro
2019-12-03 11:13:36,Amêndoa,LOCAL-141302,0.0,0,2,0.72,8,2.88,66.83,416,278,Mação,Santarém,Centro
2019-12-03 11:13:36,Cardigos,LOCAL-141303,0.0,0,14,2.35,21,3.52,67.27,886,596,Mação,Santarém,Centro
2019-12-03 11:13:36,Carvoeiro,LOCAL-141304,0.0,0,4,1.25,9,2.8,65.24,492,321,Mação,Santarém,Centro
2019-12-03 11:13:36,Envendos,LOCAL-141305,0.0,0,7,1.34,9,1.72,64.84,805,522,Mação,Santarém,Centro
2019-12-03 11:13:36,Ortiga,LOCAL-141307,0.0,0,7,2.22,13,4.11,67.52,468,316,Mação,Santarém,Centro
2019-12-03 11:13:36,"Mação, Penhascoso e Aboboreira",LOCAL-141309,0.0,0,64,3.22,42,2.11,67.25,2959,1990,Mação,Santarém,Centro
2019-12-03 11:13:36,Alcobertas,LOCAL-141401,0.0,0,29,2.86,29,2.86,67.04,1514,1015,Rio Maior,Santarém,Centro
2019-12-03 11:13:36,Arrouquelas,LOCAL-141402,0.0,0,3,0.92,2,0.61,65.66,498,327,Rio Maior,Santarém,Centro
2019-12-03 11:13:36,Fráguas,LOCAL-141405,0.0,0,22,4.51,18,3.69,63.05,774,488,Rio Maior,Santarém,Centro
2019-12-03 11:13:36,Rio Maior,LOCAL-141408,0.0,0,134,2.55,107,2.03,51.37,10241,5261,Rio Maior,Santarém,Centro
2019-12-03 11:13:36,Asseiceira,LOCAL-141410,0.0,0,24,4.59,11,2.1,59.7,876,523,Rio Maior,Santarém,Centro
2019-12-03 11:13:36,São Sebastião,LOCAL-141411,0.0,0,4,1.63,2,0.82,55.68,440,245,Rio Maior,Santarém,Centro
2019-12-03 11:13:36,Azambujeira e Malaqueijo,LOCAL-141415,0.0,0,20,5.17,7,1.81,54.58,709,387,Rio Maior,Santarém,Centro
2019-12-03 11:13:36,Marmeleira e Assentiz,LOCAL-141416,0.0,0,9,1.99,5,1.11,64.66,699,452,Rio Maior,Santarém,Centro
2019-12-03 11:13:36,Outeiro da Cortiçada e Arruda dos Pisões,LOCAL-141417,0.0,0,11,1.97,14,2.51,62.07,899,558,Rio Maior,Santarém,Centro
2019-12-03 11:13:36,São João da Ribeira e Ribeira de São João,LOCAL-141418,0.0,0,21,3.36,7,1.12,56.46,1107,625,Rio Maior,Santarém,Centro
2019-12-03 11:13:36,Marinhais,LOCAL-141502,0.0,0,71,2.87,64,2.59,45.99,5371,2470,Salvaterra de Magos,Santarém,Centro
2019-12-03 11:13:36,Muge,LOCAL-141503,0.0,0,15,2.9,4,0.77,51.34,1009,518,Salvaterra de Magos,Santarém,Centro
2019-12-03 11:13:36,Glória do Ribatejo e Granho,LOCAL-141507,0.0,0,44,2.85,32,2.07,44.68,3460,1546,Salvaterra de Magos,Santarém,Centro
2019-12-03 11:13:36,Salvaterra de Magos e Foros de Salvaterra,LOCAL-141508,0.0,0,112,2.88,86,2.21,44.31,8771,3886,Salvaterra de Magos,Santarém,Centro
2019-12-03 11:13:36,Abitureiras,LOCAL-141601,0.0,0,12,2.59,8,1.72,58.07,799,464,Santarém,Santarém,Centro
2019-12-03 11:13:36,Abrã,LOCAL-141602,0.0,0,12,2.33,13,2.53,56.3,913,514,Santarém,Santarém,Centro
2019-12-03 11:13:36,Alcanede,LOCAL-141604,0.0,0,52,2.44,49,2.3,56.29,3793,2135,Santarém,Santarém,Centro
2019-12-03 11:13:36,Alcanhões,LOCAL-141605,0.0,0,24,3.35,16,2.23,57.14,1253,716,Santarém,Santarém,Centro
2019-12-03 11:13:36,Almoster,LOCAL-141606,0.0,0,12,1.56,11,1.43,54.67,1403,767,Santarém,Santarém,Centro
2019-12-03 11:13:36,Amiais de Baixo,LOCAL-141607,0.0,0,16,1.77,8,0.88,60.28,1503,906,Santarém,Santarém,Centro
2019-12-03 11:13:36,Arneiro das Milhariças,LOCAL-141608,0.0,0,10,2.36,6,1.42,58.91,718,423,Santarém,Santarém,Centro
2019-12-03 11:13:36,Moçarria,LOCAL-141613,0.0,0,12,2.15,5,0.89,60.43,925,559,Santarém,Santarém,Centro
2019-12-03 11:13:36,Pernes,LOCAL-141614,0.0,0,21,2.95,15,2.1,53.37,1336,713,Santarém,Santarém,Centro
2019-12-03 11:13:36,Póvoa da Isenta,LOCAL-141616,0.0,0,8,1.57,5,0.98,59.58,856,510,Santarém,Santarém,Centro
2019-12-03 11:13:36,Vale de Santarém,LOCAL-141625,0.0,0,32,2.4,15,1.13,56.39,2364,1333,Santarém,Santarém,Centro
2019-12-03 11:13:36,Gançaria,LOCAL-141628,0.0,0,7,2.53,3,1.08,60.75,456,277,Santarém,Santarém,Centro
2019-12-03 11:13:36,"Achete, Azoia de Baixo e Póvoa de Santarém",LOCAL-141629,0.0,0,46,3.65,29,2.3,57.53,2192,1261,Santarém,Santarém,Centro
2019-12-03 11:13:36,Azoia de Cima e Tremês,LOCAL-141630,0.0,0,30,2.7,21,1.89,56.12,1978,1110,Santarém,Santarém,Centro
2019-12-03 11:13:36,Casével e Vaqueiros,LOCAL-141631,0.0,0,25,4.36,7,1.22,60.23,953,574,Santarém,Santarém,Centro
2019-12-03 11:13:36,Romeira e Várzea,LOCAL-141632,0.0,0,33,2.71,15,1.23,56.92,2140,1218,Santarém,Santarém,Centro
2019-12-03 11:13:36,Cidade de Santarém,LOCAL-141633,0.0,0,358,2.55,204,1.45,55.41,25361,14053,Santarém,Santarém,Centro
2019-12-03 11:13:36,São Vicente do Paul e Vale de Figueira,LOCAL-141634,0.0,0,25,2.14,17,1.46,52.55,2219,1166,Santarém,Santarém,Centro
2019-12-03 11:13:36,Alcaravela,LOCAL-141701,0.0,0,12,2.34,14,2.73,70.43,727,512,Sardoal,Santarém,Centro
2019-12-03 11:13:36,Santiago de Montalegre,LOCAL-141702,0.0,0,7,4.58,8,5.23,64.56,237,153,Sardoal,Santarém,Centro
2019-12-03 11:13:36,Sardoal,LOCAL-141703,0.0,0,25,1.92,29,2.23,65.79,1976,1300,Sardoal,Santarém,Centro
2019-12-03 11:13:36,Valhascos,LOCAL-141704,0.0,0,5,2.28,5,2.28,67.59,324,219,Sardoal,Santarém,Centro
2019-12-03 11:13:36,Asseiceira,LOCAL-141802,0.0,0,40,2.93,26,1.91,56.06,2433,1364,Tomar,Santarém,Centro
2019-12-03 11:13:36,Carregueiros,LOCAL-141804,0.0,0,12,2.22,12,2.22,55.66,972,541,Tomar,Santarém,Centro
2019-12-03 11:13:36,Olalhas,LOCAL-141808,0.0,0,15,2.37,27,4.27,52.71,1199,632,Tomar,Santarém,Centro
2019-12-03 11:13:36,Paialvo,LOCAL-141809,0.0,0,27,2.46,26,2.37,54.07,2027,1096,Tomar,Santarém,Centro
2019-12-03 11:13:36,São Pedro de Tomar,LOCAL-141813,0.0,0,43,3.17,36,2.65,54.56,2487,1357,Tomar,Santarém,Centro
2019-12-03 11:13:36,Sabacheira,LOCAL-141814,0.0,0,7,1.43,11,2.25,54.46,896,488,Tomar,Santarém,Centro
2019-12-03 11:13:36,Além da Ribeira e Pedreira,LOCAL-141817,0.0,0,25,3.85,17,2.62,57.38,1131,649,Tomar,Santarém,Centro
2019-12-03 11:13:36,Casais e Alviobeira,LOCAL-141818,0.0,0,34,2.44,51,3.66,56.33,2473,1393,Tomar,Santarém,Centro
2019-12-03 11:13:36,Madalena e Beselga,LOCAL-141819,0.0,0,56,2.93,46,2.41,57.73,3307,1909,Tomar,Santarém,Centro
2019-12-03 11:13:36,Serra e Junceira,LOCAL-141820,0.0,0,33,3.43,24,2.49,57.81,1664,962,Tomar,Santarém,Centro
2019-12-03 11:13:36,São João Baptista e Santa Maria dos Olivais,LOCAL-141821,0.0,0,232,2.74,172,2.03,53.74,15737,8457,Tomar,Santarém,Centro
2019-12-03 11:13:36,Assentiz,LOCAL-141902,0.0,0,54,3.55,34,2.23,61.3,2483,1522,Torres Novas,Santarém,Centro
2019-12-03 11:13:36,Chancelaria,LOCAL-141904,0.0,0,40,4.98,21,2.62,55.73,1441,803,Torres Novas,Santarém,Centro
2019-12-03 11:13:36,Pedrógão,LOCAL-141909,0.0,0,24,2.3,17,1.63,58.86,1772,1043,Torres Novas,Santarém,Centro
2019-12-03 11:13:36,Riachos,LOCAL-141910,0.0,0,65,2.72,50,2.09,53.51,4472,2393,Torres Novas,Santarém,Centro
2019-12-03 11:13:36,Zibreira,LOCAL-141916,0.0,0,16,3.04,8,1.52,63.07,834,526,Torres Novas,Santarém,Centro
2019-12-03 11:13:36,Meia Via,LOCAL-141917,0.0,0,27,3.43,13,1.65,57.94,1360,788,Torres Novas,Santarém,Centro
2019-12-03 11:13:36,"Brogueira, Parceiros de Igreja e Alcorochel",LOCAL-141918,0.0,0,33,2.65,20,1.6,51.61,2416,1247,Torres Novas,Santarém,Centro
2019-12-03 11:13:36,Olaia e Paço,LOCAL-141919,0.0,0,35,2.92,28,2.34,58.66,2044,1199,Torres Novas,Santarém,Centro
2019-12-03 11:13:36,"Torres Novas (Santa Maria, Salvador e Santiago)",LOCAL-141920,0.0,0,119,3.03,83,2.11,57.58,6820,3927,Torres Novas,Santarém,Centro
2019-12-03 11:13:36,"Torres Novas (São Pedro), Lapas e Ribeira Branca",LOCAL-141921,0.0,0,127,3.04,49,1.17,56.34,7421,4181,Torres Novas,Santarém,Centro
2019-12-03 11:13:36,Atalaia,LOCAL-142001,0.0,0,27,3.33,11,1.35,54.94,1478,812,Vila Nova da Barquinha,Santarém,Centro
2019-12-03 11:13:36,Praia do Ribatejo,LOCAL-142002,0.0,0,25,3.23,9,1.16,56.61,1369,775,Vila Nova da Barquinha,Santarém,Centro
2019-12-03 11:13:36,Tancos,LOCAL-142003,0.0,0,6,4.88,2,1.63,63.73,193,123,Vila Nova da Barquinha,Santarém,Centro
2019-12-03 11:13:36,Vila Nova da Barquinha,LOCAL-142006,0.0,0,56,3.06,22,1.2,58.17,3146,1830,Vila Nova da Barquinha,Santarém,Centro
2019-12-03 11:13:36,Alburitel,LOCAL-142101,0.0,0,16,2.7,23,3.89,66.37,892,592,Ourém,Santarém,Centro
2019-12-03 11:13:36,Atouguia,LOCAL-142102,0.0,0,46,3.69,28,2.25,58.3,2139,1247,Ourém,Santarém,Centro
2019-12-03 11:13:36,Caxarias,LOCAL-142104,0.0,0,40,3.91,30,2.93,51.85,1975,1024,Ourém,Santarém,Centro
2019-12-03 11:13:36,Espite,LOCAL-142105,0.0,0,28,6.09,11,2.39,43.07,1068,460,Ourém,Santarém,Centro
2019-12-03 11:13:36,Fátima,LOCAL-142106,0.0,0,205,3.47,146,2.47,56.21,10509,5907,Ourém,Santarém,Centro
2019-12-03 11:13:36,Nossa Senhora das Misericórdias,LOCAL-142111,0.0,0,96,3.81,65,2.58,58.3,4319,2518,Ourém,Santarém,Centro
2019-12-03 11:13:36,Seiça,LOCAL-142113,0.0,0,41,4.09,32,3.19,55.24,1814,1002,Ourém,Santarém,Centro
2019-12-03 11:13:36,Urqueira,LOCAL-142114,0.0,0,32,4.17,30,3.91,45.39,1692,768,Ourém,Santarém,Centro
2019-12-03 11:13:36,Nossa Senhora da Piedade,LOCAL-142115,0.0,0,128,3.86,85,2.56,52.71,6299,3320,Ourém,Santarém,Centro
2019-12-03 11:13:36,"Freixianda, Ribeira do Fárrio e Formigais",LOCAL-142119,0.0,0,45,2.62,47,2.74,50.62,3392,1717,Ourém,Santarém,Centro
2019-12-03 11:13:36,Gondemaria e Olival,LOCAL-142120,0.0,0,57,3.69,49,3.17,53.84,2868,1544,Ourém,Santarém,Centro
2019-12-03 11:13:36,Matas e Cercal,LOCAL-142121,0.0,0,55,5.43,24,2.37,59.66,1698,1013,Ourém,Santarém,Centro
2019-12-03 11:13:36,Rio de Couros e Casal dos Bernardos,LOCAL-142122,0.0,0,30,2.3,35,2.69,48.76,2670,1302,Ourém,Santarém,Centro
2019-12-03 11:13:36,Torrão,LOCAL-150104,0.0,0,13,1.36,16,1.68,53.24,1790,953,Alcácer do Sal,Setúbal,Lisboa
2019-12-03 11:13:36,São Martinho,LOCAL-150105,0.0,0,1,0.39,1,0.39,71.51,358,256,Alcácer do Sal,Setúbal,Lisboa
2019-12-03 11:13:36,Comporta,LOCAL-150106,0.0,0,6,1.22,6,1.22,48.57,1015,493,Alcácer do Sal,Setúbal,Lisboa
2019-12-03 11:13:36,Santa Maria do Castelo e Santiago e Santa Susana,LOCAL-150107,0.0,0,72,1.94,36,0.97,51.63,7194,3714,Alcácer do Sal,Setúbal,Lisboa
2019-12-03 11:13:36,Alcochete,LOCAL-150201,0.0,0,136,2.2,80,1.3,58.54,10536,6168,Alcochete,Setúbal,Lisboa
2019-12-03 11:13:36,Samouco,LOCAL-150202,0.0,0,42,2.57,26,1.59,60.96,2679,1633,Alcochete,Setúbal,Lisboa
2019-12-03 11:13:36,São Francisco,LOCAL-150203,0.0,0,33,2.73,15,1.24,65.32,1854,1211,Alcochete,Setúbal,Lisboa
2019-12-03 11:13:36,Costa da Caparica,LOCAL-150303,0.0,0,120,1.89,95,1.49,52.17,12192,6361,Almada,Setúbal,Lisboa
2019-12-03 11:13:36,"Almada, Cova da Piedade, Pragal e Cacilhas",LOCAL-150312,0.0,0,413,1.61,335,1.31,58.11,44048,25598,Almada,Setúbal,Lisboa
2019-12-03 11:13:36,Caparica e Trafaria,LOCAL-150313,0.0,0,183,1.72,202,1.9,48.6,21866,10627,Almada,Setúbal,Lisboa
2019-12-03 11:13:36,Charneca de Caparica e Sobreda,LOCAL-150314,0.0,0,502,2.18,346,1.5,59.59,38600,23002,Almada,Setúbal,Lisboa
2019-12-03 11:13:36,Laranjeiro e Feijó,LOCAL-150315,0.0,0,377,2.12,320,1.8,51.77,34395,17808,Almada,Setúbal,Lisboa
2019-12-03 11:13:36,Santo António da Charneca,LOCAL-150407,0.0,0,112,2.06,78,1.44,55.32,9813,5429,Barreiro,Setúbal,Lisboa
2019-12-03 11:13:36,"Alto do Seixalinho, Santo André e Verderena",LOCAL-150409,0.0,0,307,1.5,308,1.51,56.42,36172,20408,Barreiro,Setúbal,Lisboa
2019-12-03 11:13:36,Barreiro e Lavradio,LOCAL-150410,0.0,0,180,1.61,137,1.22,58.52,19120,11189,Barreiro,Setúbal,Lisboa
2019-12-03 11:13:36,Palhais e Coina,LOCAL-150411,0.0,0,57,2.92,19,0.97,61.67,3162,1950,Barreiro,Setúbal,Lisboa
2019-12-03 11:13:36,Azinheira dos Barros e São Mamede do Sádão,LOCAL-150501,0.0,0,0,0.0,5,1.58,61.48,514,316,Grândola,Setúbal,Lisboa
2019-12-03 11:13:36,Melides,LOCAL-150503,0.0,0,16,2.01,9,1.13,57.63,1383,797,Grândola,Setúbal,Lisboa
2019-12-03 11:13:36,Carvalhal,LOCAL-150505,0.0,0,20,3.75,9,1.69,46.11,1156,533,Grândola,Setúbal,Lisboa
2019-12-03 11:13:36,Grândola e Santa Margarida da Serra,LOCAL-150506,0.0,0,141,3.0,58,1.23,52.7,8932,4707,Grândola,Setúbal,Lisboa
2019-12-03 11:13:36,Alhos Vedros,LOCAL-150601,0.0,0,136,1.85,125,1.7,54.72,13423,7345,Moita,Setúbal,Lisboa
2019-12-03 11:13:36,Moita,LOCAL-150603,0.0,0,129,1.51,148,1.73,54.39,15720,8550,Moita,Setúbal,Lisboa
2019-12-03 11:13:36,Baixa da Banheira e Vale da Amoreira,LOCAL-150607,0.0,0,191,1.52,202,1.6,47.33,26609,12595,Moita,Setúbal,Lisboa
2019-12-03 11:13:36,Gaio-Rosário e Sarilhos Pequenos,LOCAL-150608,0.0,0,27,2.17,11,0.88,64.66,1927,1246,Moita,Setúbal,Lisboa
2019-12-03 11:13:36,Canha,LOCAL-150701,0.0,0,10,1.61,12,1.93,53.44,1162,621,Montijo,Setúbal,Lisboa
2019-12-03 11:13:36,Sarilhos Grandes,LOCAL-150704,0.0,0,35,2.69,24,1.84,51.69,2519,1302,Montijo,Setúbal,Lisboa
2019-12-03 11:13:36,Atalaia e Alto Estanqueiro-Jardia,LOCAL-150709,0.0,0,50,2.3,35,1.61,51.44,4234,2178,Montijo,Setúbal,Lisboa
2019-12-03 11:13:36,Montijo e Afonsoeiro,LOCAL-150710,0.0,0,361,2.21,207,1.27,50.2,32583,16358,Montijo,Setúbal,Lisboa
2019-12-03 11:13:36,Pegões,LOCAL-150711,0.0,0,30,2.16,19,1.37,47.76,2904,1387,Montijo,Setúbal,Lisboa
2019-12-03 11:13:36,Palmela,LOCAL-150802,0.0,0,201,2.41,130,1.56,55.12,15116,8332,Palmela,Setúbal,Lisboa
2019-12-03 11:13:36,Pinhal Novo,LOCAL-150803,0.0,0,287,2.47,185,1.6,52.65,22026,11596,Palmela,Setúbal,Lisboa
2019-12-03 11:13:36,Quinta do Anjo,LOCAL-150804,0.0,0,158,2.61,89,1.47,56.83,10638,6046,Palmela,Setúbal,Lisboa
2019-12-03 11:13:36,Poceirão e Marateca,LOCAL-150806,0.0,0,54,1.85,75,2.57,42.91,6789,2913,Palmela,Setúbal,Lisboa
2019-12-03 11:13:36,Abela,LOCAL-150901,0.0,0,9,2.0,5,1.11,62.19,722,449,Santiago do Cacém,Setúbal,Lisboa
2019-12-03 11:13:36,Alvalade,LOCAL-150902,0.0,0,12,1.51,9,1.13,49.91,1593,795,Santiago do Cacém,Setúbal,Lisboa
2019-12-03 11:13:36,Cercal,LOCAL-150903,0.0,0,44,3.15,34,2.43,51.0,2739,1397,Santiago do Cacém,Setúbal,Lisboa
2019-12-03 11:13:36,Ermidas-Sado,LOCAL-150904,0.0,0,17,1.85,10,1.09,53.33,1725,920,Santiago do Cacém,Setúbal,Lisboa
2019-12-03 11:13:36,Santo André,LOCAL-150907,0.0,0,161,3.36,75,1.57,53.14,9006,4786,Santiago do Cacém,Setúbal,Lisboa
2019-12-03 11:13:36,São Francisco da Serra,LOCAL-150910,0.0,0,3,0.77,11,2.83,60.5,643,389,Santiago do Cacém,Setúbal,Lisboa
2019-12-03 11:13:36,"Santiago do Cacém, S.Cruz e S.Bartolomeu da Serra",LOCAL-150912,0.0,0,111,2.99,57,1.54,55.37,6699,3709,Santiago do Cacém,Setúbal,Lisboa
2019-12-03 11:13:36,São Domingos e Vale de Água,LOCAL-150913,0.0,0,14,2.27,12,1.94,55.04,1121,617,Santiago do Cacém,Setúbal,Lisboa
2019-12-03 11:13:36,Amora,LOCAL-151002,0.0,0,385,1.79,335,1.55,51.58,41766,21544,Seixal,Setúbal,Lisboa
2019-12-03 11:13:36,Corroios,LOCAL-151005,0.0,0,493,2.05,433,1.8,56.5,42491,24008,Seixal,Setúbal,Lisboa
2019-12-03 11:13:36,Fernão Ferro,LOCAL-151006,0.0,0,217,2.3,176,1.86,58.3,16219,9455,Seixal,Setúbal,Lisboa
2019-12-03 11:13:36,"Seixal, Arrentela e Aldeia de Paio Pires",LOCAL-151007,0.0,0,479,2.27,374,1.77,54.14,39011,21120,Seixal,Setúbal,Lisboa
2019-12-03 11:13:36,Sesimbra (Castelo),LOCAL-151101,0.0,0,221,2.42,134,1.47,53.9,16934,9127,Sesimbra,Setúbal,Lisboa
2019-12-03 11:13:36,Sesimbra (Santiago),LOCAL-151102,0.0,0,31,1.5,29,1.4,45.64,4531,2068,Sesimbra,Setúbal,Lisboa
2019-12-03 11:13:36,Quinta do Conde,LOCAL-151103,0.0,0,257,2.26,185,1.63,50.28,22586,11356,Sesimbra,Setúbal,Lisboa
2019-12-03 11:13:36,Setúbal (São Sebastião),LOCAL-151205,0.0,0,462,2.26,307,1.5,45.76,44663,20439,Setúbal,Setúbal,Lisboa
2019-12-03 11:13:36,Gâmbia-Pontes-Alto da Guerra,LOCAL-151207,0.0,0,68,2.25,35,1.16,57.35,5261,3017,Setúbal,Setúbal,Lisboa
2019-12-03 11:13:36,Sado,LOCAL-151208,0.0,0,47,1.74,47,1.74,57.09,4726,2698,Setúbal,Setúbal,Lisboa
2019-12-03 11:13:36,Azeitão (São Lourenço e São Simão),LOCAL-151209,0.0,0,182,1.85,106,1.08,60.01,16399,9841,Setúbal,Setúbal,Lisboa
2019-12-03 11:13:36,"S.Julião, N.S. da Anunciada e S.Maria da Graça",LOCAL-151210,0.0,0,388,2.15,208,1.15,53.29,33826,18025,Setúbal,Setúbal,Lisboa
2019-12-03 11:13:36,Sines,LOCAL-151301,0.0,0,180,3.4,87,1.64,47.25,11209,5296,Sines,Setúbal,Lisboa
2019-12-03 11:13:36,Porto Covo,LOCAL-151302,0.0,0,10,2.07,6,1.24,55.02,876,482,Sines,Setúbal,Lisboa
2019-12-03 11:13:36,Aboim das Choças,LOCAL-160101,0.0,0,3,1.66,0,0.0,51.57,351,181,Arcos de Valdevez,Viana do Castelo,Norte
2019-12-03 11:13:36,Aguiã,LOCAL-160102,0.0,0,2,0.54,3,0.81,46.13,800,369,Arcos de Valdevez,Viana do Castelo,Norte
2019-12-03 11:13:36,Ázere,LOCAL-160104,0.0,0,4,3.36,1,0.84,43.59,273,119,Arcos de Valdevez,Viana do Castelo,Norte
2019-12-03 11:13:36,Cabana Maior,LOCAL-160105,0.0,0,0,0.0,8,7.48,29.23,366,107,Arcos de Valdevez,Viana do Castelo,Norte
2019-12-03 11:13:36,Cabreiro,LOCAL-160106,0.0,0,2,0.99,8,3.96,38.4,526,202,Arcos de Valdevez,Viana do Castelo,Norte
2019-12-03 11:13:36,Cendufe,LOCAL-160108,0.0,0,3,1.89,6,3.77,48.62,327,159,Arcos de Valdevez,Viana do Castelo,Norte
2019-12-03 11:13:36,Couto,LOCAL-160109,0.0,0,8,2.23,6,1.68,46.25,774,358,Arcos de Valdevez,Viana do Castelo,Norte
2019-12-03 11:13:36,Gavieira,LOCAL-160113,0.0,0,1,0.78,5,3.88,26.82,481,129,Arcos de Valdevez,Viana do Castelo,Norte
2019-12-03 11:13:36,Gondoriz,LOCAL-160115,0.0,0,5,1.33,6,1.59,33.07,1140,377,Arcos de Valdevez,Viana do Castelo,Norte
2019-12-03 11:13:36,Miranda,LOCAL-160121,0.0,0,7,4.64,5,3.31,34.47,438,151,Arcos de Valdevez,Viana do Castelo,Norte
2019-12-03 11:13:36,Monte Redondo,LOCAL-160122,0.0,0,1,0.73,5,3.65,49.28,278,137,Arcos de Valdevez,Viana do Castelo,Norte
2019-12-03 11:13:36,Oliveira,LOCAL-160123,0.0,0,5,2.51,0,0.0,53.78,370,199,Arcos de Valdevez,Viana do Castelo,Norte
2019-12-03 11:13:36,Paçô,LOCAL-160124,0.0,0,17,3.67,10,2.16,45.04,1028,463,Arcos de Valdevez,Viana do Castelo,Norte
2019-12-03 11:13:36,Padroso,LOCAL-160125,0.0,0,5,3.91,1,0.78,47.41,270,128,Arcos de Valdevez,Viana do Castelo,Norte
2019-12-03 11:13:36,Prozelo,LOCAL-160128,0.0,0,9,2.13,4,0.95,48.12,877,422,Arcos de Valdevez,Viana do Castelo,Norte
2019-12-03 11:13:36,Rio Frio,LOCAL-160130,0.0,0,7,2.13,3,0.91,40.57,811,329,Arcos de Valdevez,Viana do Castelo,Norte
2019-12-03 11:13:36,Rio de Moinhos,LOCAL-160131,0.0,0,5,1.98,3,1.19,47.56,532,253,Arcos de Valdevez,Viana do Castelo,Norte
2019-12-03 11:13:36,Sabadim,LOCAL-160133,0.0,0,4,2.04,4,2.04,37.19,527,196,Arcos de Valdevez,Viana do Castelo,Norte
2019-12-03 11:13:36,Jolda (São Paio),LOCAL-160142,0.0,0,2,1.02,2,1.02,53.7,365,196,Arcos de Valdevez,Viana do Castelo,Norte
2019-12-03 11:13:36,Senharei,LOCAL-160144,0.0,0,1,1.03,1,1.03,31.29,310,97,Arcos de Valdevez,Viana do Castelo,Norte
2019-12-03 11:13:36,Sistelo,LOCAL-160145,0.0,0,2,1.55,2,1.55,38.97,331,129,Arcos de Valdevez,Viana do Castelo,Norte
2019-12-03 11:13:36,Soajo,LOCAL-160146,0.0,0,4,1.25,11,3.43,25.44,1262,321,Arcos de Valdevez,Viana do Castelo,Norte
2019-12-03 11:13:36,Vale,LOCAL-160149,0.0,0,5,1.45,6,1.74,40.21,858,345,Arcos de Valdevez,Viana do Castelo,Norte
2019-12-03 11:13:36,Alvora e Loureda,LOCAL-160152,0.0,0,2,0.99,6,2.96,41.68,487,203,Arcos de Valdevez,Viana do Castelo,Norte
2019-12-03 11:13:36,Arcos de Valdevez (São Paio) e Giela,LOCAL-160153,0.0,0,24,2.84,12,1.42,48.84,1730,845,Arcos de Valdevez,Viana do Castelo,Norte
2019-12-03 11:13:36,"Arcos de Valdevez (Salvador), Vila Fonche e Parada",LOCAL-160154,0.0,0,51,3.85,10,0.76,48.62,2721,1323,Arcos de Valdevez,Viana do Castelo,Norte
2019-12-03 11:13:36,Eiras e Mei,LOCAL-160155,0.0,0,3,1.43,4,1.9,47.4,443,210,Arcos de Valdevez,Viana do Castelo,Norte
2019-12-03 11:13:36,Grade e Carralcova,LOCAL-160156,0.0,0,4,1.83,0,0.0,42.03,521,219,Arcos de Valdevez,Viana do Castelo,Norte
2019-12-03 11:13:36,Guilhadeses e Santar,LOCAL-160157,0.0,0,21,3.61,13,2.23,48.58,1198,582,Arcos de Valdevez,Viana do Castelo,Norte
2019-12-03 11:13:36,Jolda (Madalena) e Rio Cabrão,LOCAL-160158,0.0,0,10,3.82,4,1.53,50.68,517,262,Arcos de Valdevez,Viana do Castelo,Norte
2019-12-03 11:13:36,Padreiro (Salvador e Santa Cristina),LOCAL-160159,0.0,0,8,3.32,7,2.9,54.65,441,241,Arcos de Valdevez,Viana do Castelo,Norte
2019-12-03 11:13:36,Portela e Extremo,LOCAL-160160,0.0,0,2,1.03,5,2.58,38.04,510,194,Arcos de Valdevez,Viana do Castelo,Norte
2019-12-03 11:13:36,São Jorge e Ermelo,LOCAL-160161,0.0,0,3,0.85,9,2.55,36.43,969,353,Arcos de Valdevez,Viana do Castelo,Norte
2019-12-03 11:13:36,Souto e Tabaçô,LOCAL-160162,0.0,0,14,3.08,4,0.88,46.66,973,454,Arcos de Valdevez,Viana do Castelo,Norte
2019-12-03 11:13:36,Távora (Santa Maria e São Vicente),LOCAL-160163,0.0,0,11,1.92,3,0.52,56.73,1010,573,Arcos de Valdevez,Viana do Castelo,Norte
2019-12-03 11:13:36,"Vilela, São Cosme e São Damião e Sá",LOCAL-160164,0.0,0,14,4.73,1,0.34,48.05,616,296,Arcos de Valdevez,Viana do Castelo,Norte
2019-12-03 11:13:36,Âncora,LOCAL-160201,0.0,0,19,2.84,17,2.54,58.09,1150,668,Caminha,Viana do Castelo,Norte
2019-12-03 11:13:36,Argela,LOCAL-160205,0.0,0,11,4.98,11,4.98,61.73,358,221,Caminha,Viana do Castelo,Norte
2019-12-03 11:13:36,Dem,LOCAL-160209,0.0,0,10,5.71,3,1.71,50.87,344,175,Caminha,Viana do Castelo,Norte
2019-12-03 11:13:36,Lanhelas,LOCAL-160211,0.0,0,13,2.33,14,2.51,58.45,953,557,Caminha,Viana do Castelo,Norte
2019-12-03 11:13:36,Riba de Âncora,LOCAL-160214,0.0,0,7,1.66,8,1.9,59.38,709,421,Caminha,Viana do Castelo,Norte
2019-12-03 11:13:36,Seixas,LOCAL-160215,0.0,0,20,2.89,11,1.59,50.47,1373,693,Caminha,Viana do Castelo,Norte
2019-12-03 11:13:36,Vila Praia de Âncora,LOCAL-160217,0.0,0,64,2.85,40,1.78,45.49,4931,2243,Caminha,Viana do Castelo,Norte
2019-12-03 11:13:36,Vilar de Mouros,LOCAL-160218,0.0,0,12,2.83,13,3.07,58.48,725,424,Caminha,Viana do Castelo,Norte
2019-12-03 11:13:36,Vile,LOCAL-160220,0.0,0,5,2.89,1,0.58,65.04,266,173,Caminha,Viana do Castelo,Norte
2019-12-03 11:13:36,"Arga (Baixo, Cima e São João)",LOCAL-160221,0.0,0,1,0.78,2,1.55,61.43,210,129,Caminha,Viana do Castelo,Norte
2019-12-03 11:13:36,Caminha (Matriz) e Vilarelho,LOCAL-160222,0.0,0,46,3.41,20,1.48,55.4,2433,1348,Caminha,Viana do Castelo,Norte
2019-12-03 11:13:36,Gondar e Orbacém,LOCAL-160223,0.0,0,7,2.59,2,0.74,62.07,435,270,Caminha,Viana do Castelo,Norte
2019-12-03 11:13:36,Moledo e Cristelo,LOCAL-160224,0.0,0,17,1.96,18,2.07,54.83,1585,869,Caminha,Viana do Castelo,Norte
2019-12-03 11:13:36,Venade e Azevedo,LOCAL-160225,0.0,0,13,2.39,12,2.21,58.7,925,543,Caminha,Viana do Castelo,Norte
2019-12-03 11:13:36,Alvaredo,LOCAL-160301,0.0,0,15,6.58,3,1.32,40.35,565,228,Melgaço,Viana do Castelo,Norte
2019-12-03 11:13:36,Cousso,LOCAL-160304,0.0,0,4,3.57,0,0.0,25.51,439,112,Melgaço,Viana do Castelo,Norte
2019-12-03 11:13:36,Cristoval,LOCAL-160305,0.0,0,3,1.2,3,1.2,40.16,625,251,Melgaço,Viana do Castelo,Norte
2019-12-03 11:13:36,Fiães,LOCAL-160307,0.0,0,3,3.95,2,2.63,26.67,285,76,Melgaço,Viana do Castelo,Norte
2019-12-03 11:13:36,Gave,LOCAL-160308,0.0,0,5,4.35,0,0.0,37.58,306,115,Melgaço,Viana do Castelo,Norte
2019-12-03 11:13:36,Paderne,LOCAL-160311,0.0,0,19,4.5,3,0.71,32.92,1282,422,Melgaço,Viana do Castelo,Norte
2019-12-03 11:13:36,Penso,LOCAL-160313,0.0,0,8,3.51,2,0.88,42.94,531,228,Melgaço,Viana do Castelo,Norte
2019-12-03 11:13:36,São Paio,LOCAL-160317,0.0,0,2,0.88,1,0.44,32.29,706,228,Melgaço,Viana do Castelo,Norte
2019-12-03 11:13:36,Castro Laboreiro e Lamas de Mouro,LOCAL-160319,0.0,0,8,3.28,5,2.05,26.73,913,244,Melgaço,Viana do Castelo,Norte
2019-12-03 11:13:36,Chaviães e Paços,LOCAL-160320,0.0,0,17,6.27,5,1.85,32.11,844,271,Melgaço,Viana do Castelo,Norte
2019-12-03 11:13:36,Parada do Monte e Cubalhão,LOCAL-160321,0.0,0,8,3.21,4,1.61,27.09,919,249,Melgaço,Viana do Castelo,Norte
2019-12-03 11:13:36,Prado e Remoães,LOCAL-160322,0.0,0,1,0.41,8,3.25,45.56,540,246,Melgaço,Viana do Castelo,Norte
2019-12-03 11:13:36,Vila e Roussas,LOCAL-160323,0.0,0,35,3.95,11,1.24,34.42,2574,886,Melgaço,Viana do Castelo,Norte
2019-12-03 11:13:36,Abedim,LOCAL-160401,0.0,0,5,4.85,3,2.91,42.39,243,103,Monção,Viana do Castelo,Norte
2019-12-03 11:13:36,Barbeita,LOCAL-160404,0.0,0,11,2.69,1,0.24,40.86,1001,409,Monção,Viana do Castelo,Norte
2019-12-03 11:13:36,Barroças e Taias,LOCAL-160405,0.0,0,4,2.72,2,1.36,40.95,359,147,Monção,Viana do Castelo,Norte
2019-12-03 11:13:36,Bela,LOCAL-160406,0.0,0,12,3.95,3,0.99,43.18,704,304,Monção,Viana do Castelo,Norte
2019-12-03 11:13:36,Cambeses,LOCAL-160407,0.0,0,5,1.98,4,1.59,50.81,496,252,Monção,Viana do Castelo,Norte
2019-12-03 11:13:36,Lara,LOCAL-160410,0.0,0,2,1.4,2,1.4,50.89,281,143,Monção,Viana do Castelo,Norte
2019-12-03 11:13:36,Longos Vales,LOCAL-160411,0.0,0,7,1.61,6,1.38,40.69,1069,435,Monção,Viana do Castelo,Norte
2019-12-03 11:13:36,Merufe,LOCAL-160415,0.0,0,11,2.63,2,0.48,37.59,1112,418,Monção,Viana do Castelo,Norte
2019-12-03 11:13:36,Moreira,LOCAL-160418,0.0,0,9,2.99,2,0.66,46.67,645,301,Monção,Viana do Castelo,Norte
2019-12-03 11:13:36,Pias,LOCAL-160420,0.0,0,7,1.67,6,1.43,48.78,861,420,Monção,Viana do Castelo,Norte
2019-12-03 11:13:36,Pinheiros,LOCAL-160421,0.0,0,6,3.53,0,0.0,50.6,336,170,Monção,Viana do Castelo,Norte
2019-12-03 11:13:36,Podame,LOCAL-160422,0.0,0,2,1.43,4,2.86,48.11,291,140,Monção,Viana do Castelo,Norte
2019-12-03 11:13:36,Portela,LOCAL-160423,0.0,0,1,0.87,1,0.87,45.28,254,115,Monção,Viana do Castelo,Norte
2019-12-03 11:13:36,Riba de Mouro,LOCAL-160424,0.0,0,5,1.28,6,1.53,32.24,1216,392,Monção,Viana do Castelo,Norte
2019-12-03 11:13:36,Segude,LOCAL-160427,0.0,0,2,1.14,4,2.29,43.97,398,175,Monção,Viana do Castelo,Norte
2019-12-03 11:13:36,Tangil,LOCAL-160428,0.0,0,12,3.31,6,1.66,44.58,812,362,Monção,Viana do Castelo,Norte
2019-12-03 11:13:36,Trute,LOCAL-160431,0.0,0,4,3.05,6,4.58,36.9,355,131,Monção,Viana do Castelo,Norte
2019-12-03 11:13:36,Anhões e Luzio,LOCAL-160434,0.0,0,3,1.97,6,3.95,48.41,314,152,Monção,Viana do Castelo,Norte
2019-12-03 11:13:36,Ceivães e Badim,LOCAL-160435,0.0,0,14,4.46,4,1.27,44.79,701,314,Monção,Viana do Castelo,Norte
2019-12-03 11:13:36,Mazedo e Cortes,LOCAL-160436,0.0,0,57,3.83,24,1.61,45.44,3275,1488,Monção,Viana do Castelo,Norte
2019-12-03 11:13:36,"Messegães, Valadares e Sá",LOCAL-160437,0.0,0,7,2.46,3,1.06,40.98,693,284,Monção,Viana do Castelo,Norte
2019-12-03 11:13:36,Monção e Troviscoso,LOCAL-160438,0.0,0,33,2.42,16,1.17,39.5,3448,1362,Monção,Viana do Castelo,Norte
2019-12-03 11:13:36,"Sago, Lordelo e Parada",LOCAL-160439,0.0,0,7,2.8,4,1.6,45.05,555,250,Monção,Viana do Castelo,Norte
2019-12-03 11:13:36,Troporiz e Lapela,LOCAL-160440,0.0,0,8,2.84,8,2.84,54.44,518,282,Monção,Viana do Castelo,Norte
2019-12-03 11:13:36,Agualonga,LOCAL-160501,0.0,0,3,1.91,3,1.91,56.07,280,157,Paredes de Coura,Viana do Castelo,Norte
2019-12-03 11:13:36,Castanheira,LOCAL-160503,0.0,0,8,2.84,7,2.48,50.18,562,282,Paredes de Coura,Viana do Castelo,Norte
2019-12-03 11:13:36,Coura,LOCAL-160505,0.0,0,5,2.98,3,1.79,43.86,383,168,Paredes de Coura,Viana do Castelo,Norte
2019-12-03 11:13:36,Cunha,LOCAL-160507,0.0,0,11,4.95,5,2.25,48.9,454,222,Paredes de Coura,Viana do Castelo,Norte
2019-12-03 11:13:36,Infesta,LOCAL-160510,0.0,0,5,2.59,6,3.11,46.51,415,193,Paredes de Coura,Viana do Castelo,Norte
2019-12-03 11:13:36,Mozelos,LOCAL-160513,0.0,0,8,3.7,8,3.7,64.86,333,216,Paredes de Coura,Viana do Castelo,Norte
2019-12-03 11:13:36,Padornelo,LOCAL-160514,0.0,0,8,3.94,6,2.96,51.26,396,203,Paredes de Coura,Viana do Castelo,Norte
2019-12-03 11:13:36,Parada,LOCAL-160515,0.0,0,4,3.03,6,4.55,46.32,285,132,Paredes de Coura,Viana do Castelo,Norte
2019-12-03 11:13:36,Romarigães,LOCAL-160519,0.0,0,4,3.28,3,2.46,52.14,234,122,Paredes de Coura,Viana do Castelo,Norte
2019-12-03 11:13:36,Rubiães,LOCAL-160520,0.0,0,2,0.9,3,1.36,45.1,490,221,Paredes de Coura,Viana do Castelo,Norte
2019-12-03 11:13:36,Vascões,LOCAL-160521,0.0,0,2,1.8,4,3.6,46.25,240,111,Paredes de Coura,Viana do Castelo,Norte
2019-12-03 11:13:36,Bico e Cristelo,LOCAL-160522,0.0,0,9,2.61,3,0.87,43.67,790,345,Paredes de Coura,Viana do Castelo,Norte
2019-12-03 11:13:36,Cossourado e Linhares,LOCAL-160523,0.0,0,4,1.7,2,0.85,46.81,502,235,Paredes de Coura,Viana do Castelo,Norte
2019-12-03 11:13:36,Formariz e Ferreira,LOCAL-160524,0.0,0,7,1.37,9,1.76,50.1,1018,510,Paredes de Coura,Viana do Castelo,Norte
2019-12-03 11:13:36,Insalde e Porreiras,LOCAL-160525,0.0,0,7,3.57,1,0.51,40.75,481,196,Paredes de Coura,Viana do Castelo,Norte
2019-12-03 11:13:36,Paredes de Coura e Resende,LOCAL-160526,0.0,0,24,2.57,8,0.86,50.03,1865,933,Paredes de Coura,Viana do Castelo,Norte
2019-12-03 11:13:36,Azias,LOCAL-160601,0.0,0,3,1.89,4,2.52,38.22,416,159,Ponte da Barca,Viana do Castelo,Norte
2019-12-03 11:13:36,Boivães,LOCAL-160602,0.0,0,0,0.0,2,1.31,49.2,311,153,Ponte da Barca,Viana do Castelo,Norte
2019-12-03 11:13:36,Bravães,LOCAL-160603,0.0,0,12,4.35,1,0.36,45.85,602,276,Ponte da Barca,Viana do Castelo,Norte
2019-12-03 11:13:36,Britelo,LOCAL-160604,0.0,0,4,1.69,1,0.42,37.92,625,237,Ponte da Barca,Viana do Castelo,Norte
2019-12-03 11:13:36,Cuide de Vila Verde,LOCAL-160606,0.0,0,6,3.35,2,1.12,45.55,393,179,Ponte da Barca,Viana do Castelo,Norte
2019-12-03 11:13:36,Lavradas,LOCAL-160611,0.0,0,18,3.96,5,1.1,49.03,928,455,Ponte da Barca,Viana do Castelo,Norte
2019-12-03 11:13:36,Lindoso,LOCAL-160612,0.0,0,4,1.81,2,0.9,38.1,580,221,Ponte da Barca,Viana do Castelo,Norte
2019-12-03 11:13:36,Nogueira,LOCAL-160613,0.0,0,4,1.87,1,0.47,47.35,452,214,Ponte da Barca,Viana do Castelo,Norte
2019-12-03 11:13:36,Oleiros,LOCAL-160614,0.0,0,10,3.44,3,1.03,56.18,518,291,Ponte da Barca,Viana do Castelo,Norte
2019-12-03 11:13:36,Sampriz,LOCAL-160619,0.0,0,1,0.56,2,1.11,39.65,454,180,Ponte da Barca,Viana do Castelo,Norte
2019-12-03 11:13:36,Vade (São Pedro),LOCAL-160623,0.0,0,6,3.87,4,2.58,46.27,335,155,Ponte da Barca,Viana do Castelo,Norte
2019-12-03 11:13:36,Vade (São Tomé),LOCAL-160624,0.0,0,4,2.9,1,0.72,38.66,357,138,Ponte da Barca,Viana do Castelo,Norte
2019-12-03 11:13:36,"Crasto, Ruivos e Grovelas",LOCAL-160626,0.0,0,17,3.96,2,0.47,44.92,955,429,Ponte da Barca,Viana do Castelo,Norte
2019-12-03 11:13:36,"Entre Ambos-os-Rios, Ermida e Germil",LOCAL-160627,0.0,0,6,2.14,1,0.36,37.23,752,280,Ponte da Barca,Viana do Castelo,Norte
2019-12-03 11:13:36,"Ponte da Barca, V.N. Muía, Paço Vedro Magalhães",LOCAL-160628,0.0,0,72,3.27,34,1.54,48.44,4550,2204,Ponte da Barca,Viana do Castelo,Norte
2019-12-03 11:13:36,Touvedo (São Lourenço e Salvador),LOCAL-160629,0.0,0,5,2.16,0,0.0,47.74,486,232,Ponte da Barca,Viana do Castelo,Norte
2019-12-03 11:13:36,Vila Chã (São João Baptista e Santiago),LOCAL-160630,0.0,0,9,2.91,0,0.0,39.82,776,309,Ponte da Barca,Viana do Castelo,Norte
2019-12-03 11:13:36,Anais,LOCAL-160701,0.0,0,28,4.47,13,2.08,60.54,1034,626,Ponte de Lima,Viana do Castelo,Norte
2019-12-03 11:13:36,São Pedro d'Arcos,LOCAL-160703,0.0,0,16,4.72,15,4.42,53.9,629,339,Ponte de Lima,Viana do Castelo,Norte
2019-12-03 11:13:36,Arcozelo,LOCAL-160704,0.0,0,45,2.4,42,2.24,56.79,3305,1877,Ponte de Lima,Viana do Castelo,Norte
2019-12-03 11:13:36,Beiral do Lima,LOCAL-160707,0.0,0,6,1.75,8,2.33,48.93,701,343,Ponte de Lima,Viana do Castelo,Norte
2019-12-03 11:13:36,Bertiandos,LOCAL-160708,0.0,0,8,3.08,5,1.92,69.89,372,260,Ponte de Lima,Viana do Castelo,Norte
2019-12-03 11:13:36,Boalhosa,LOCAL-160709,0.0,0,0,0.0,0,0.0,32.88,222,73,Ponte de Lima,Viana do Castelo,Norte
2019-12-03 11:13:36,Brandara,LOCAL-160710,0.0,0,13,5.35,6,2.47,58.0,419,243,Ponte de Lima,Viana do Castelo,Norte
2019-12-03 11:13:36,Calheiros,LOCAL-160713,0.0,0,18,3.44,12,2.29,57.58,910,524,Ponte de Lima,Viana do Castelo,Norte
2019-12-03 11:13:36,Calvelo,LOCAL-160714,0.0,0,13,3.66,6,1.69,51.75,686,355,Ponte de Lima,Viana do Castelo,Norte
2019-12-03 11:13:36,Correlhã,LOCAL-160716,0.0,0,35,2.3,40,2.63,59.59,2554,1522,Ponte de Lima,Viana do Castelo,Norte
2019-12-03 11:13:36,Estorãos,LOCAL-160717,0.0,0,7,3.03,5,2.16,49.68,465,231,Ponte de Lima,Viana do Castelo,Norte
2019-12-03 11:13:36,Facha,LOCAL-160718,0.0,0,18,2.24,11,1.37,60.74,1322,803,Ponte de Lima,Viana do Castelo,Norte
2019-12-03 11:13:36,Feitosa,LOCAL-160719,0.0,0,31,3.86,16,1.99,59.91,1342,804,Ponte de Lima,Viana do Castelo,Norte
2019-12-03 11:13:36,Fontão,LOCAL-160721,0.0,0,10,1.52,15,2.28,63.3,1041,659,Ponte de Lima,Viana do Castelo,Norte
2019-12-03 11:13:36,Friastelas,LOCAL-160724,0.0,0,8,2.9,7,2.54,47.1,586,276,Ponte de Lima,Viana do Castelo,Norte
2019-12-03 11:13:36,Gandra,LOCAL-160726,0.0,0,15,2.55,10,1.7,57.42,1024,588,Ponte de Lima,Viana do Castelo,Norte
2019-12-03 11:13:36,Gemieira,LOCAL-160727,0.0,0,15,4.79,5,1.6,55.4,565,313,Ponte de Lima,Viana do Castelo,Norte
2019-12-03 11:13:36,Gondufe,LOCAL-160728,0.0,0,3,1.4,2,0.93,56.58,380,215,Ponte de Lima,Viana do Castelo,Norte
2019-12-03 11:13:36,Labruja,LOCAL-160729,0.0,0,16,6.56,5,2.05,60.55,403,244,Ponte de Lima,Viana do Castelo,Norte
2019-12-03 11:13:36,Poiares,LOCAL-160734,0.0,0,16,3.51,6,1.32,61.87,737,456,Ponte de Lima,Viana do Castelo,Norte
2019-12-03 11:13:36,Refóios do Lima,LOCAL-160737,0.0,0,23,2.25,25,2.44,46.19,2217,1024,Ponte de Lima,Viana do Castelo,Norte
2019-12-03 11:13:36,Ribeira,LOCAL-160739,0.0,0,37,3.53,29,2.76,60.95,1721,1049,Ponte de Lima,Viana do Castelo,Norte
2019-12-03 11:13:36,Sá,LOCAL-160740,0.0,0,9,4.04,2,0.9,63.71,350,223,Ponte de Lima,Viana do Castelo,Norte
2019-12-03 11:13:36,Santa Comba,LOCAL-160742,0.0,0,13,3.63,4,1.12,66.79,536,358,Ponte de Lima,Viana do Castelo,Norte
2019-12-03 11:13:36,Santa Cruz do Lima,LOCAL-160743,0.0,0,7,2.66,5,1.9,58.71,448,263,Ponte de Lima,Viana do Castelo,Norte
2019-12-03 11:13:36,Rebordões (Santa Maria),LOCAL-160744,0.0,0,21,3.76,11,1.97,58.37,956,558,Ponte de Lima,Viana do Castelo,Norte
2019-12-03 11:13:36,Seara,LOCAL-160745,0.0,0,15,3.61,14,3.37,66.83,621,415,Ponte de Lima,Viana do Castelo,Norte
2019-12-03 11:13:36,Serdedelo,LOCAL-160746,0.0,0,9,3.9,5,2.16,51.22,451,231,Ponte de Lima,Viana do Castelo,Norte
2019-12-03 11:13:36,Rebordões (Souto),LOCAL-160747,0.0,0,26,4.32,16,2.66,55.28,1089,602,Ponte de Lima,Viana do Castelo,Norte
2019-12-03 11:13:36,Vitorino das Donas,LOCAL-160750,0.0,0,17,2.76,14,2.27,65.92,936,617,Ponte de Lima,Viana do Castelo,Norte
2019-12-03 11:13:36,Arca e Ponte de Lima,LOCAL-160752,0.0,0,55,2.55,32,1.48,58.34,3701,2159,Ponte de Lima,Viana do Castelo,Norte
2019-12-03 11:13:36,"Ardegão, Freixo e Mato",LOCAL-160753,0.0,0,37,3.91,24,2.53,57.81,1638,947,Ponte de Lima,Viana do Castelo,Norte
2019-12-03 11:13:36,Associação de freguesias do Vale do Neiva,LOCAL-160754,0.0,0,17,3.0,13,2.3,50.63,1118,566,Ponte de Lima,Viana do Castelo,Norte
2019-12-03 11:13:36,Bárrio e Cepões,LOCAL-160755,0.0,0,10,2.31,15,3.46,53.26,813,433,Ponte de Lima,Viana do Castelo,Norte
2019-12-03 11:13:36,Cabaços e Fojo Lobal,LOCAL-160756,0.0,0,16,2.89,13,2.35,52.27,1058,553,Ponte de Lima,Viana do Castelo,Norte
2019-12-03 11:13:36,Cabração e Moreira do Lima,LOCAL-160757,0.0,0,17,3.29,11,2.13,55.31,933,516,Ponte de Lima,Viana do Castelo,Norte
2019-12-03 11:13:36,Fornelos e Queijada,LOCAL-160758,0.0,0,26,2.77,17,1.81,55.11,1702,938,Ponte de Lima,Viana do Castelo,Norte
2019-12-03 11:13:36,"Labrujó, Rendufe e Vilar do Monte",LOCAL-160759,0.0,0,2,0.99,5,2.48,55.04,367,202,Ponte de Lima,Viana do Castelo,Norte
2019-12-03 11:13:36,Navió e Vitorino dos Piães,LOCAL-160760,0.0,0,23,2.5,19,2.07,54.25,1696,920,Ponte de Lima,Viana do Castelo,Norte
2019-12-03 11:13:36,Boivão,LOCAL-160802,0.0,0,1,0.78,1,0.78,47.06,272,128,Valença,Viana do Castelo,Norte
2019-12-03 11:13:36,Cerdal,LOCAL-160803,0.0,0,21,3.3,14,2.2,39.49,1613,637,Valença,Viana do Castelo,Norte
2019-12-03 11:13:36,Fontoura,LOCAL-160805,0.0,0,18,5.68,6,1.89,48.47,654,317,Valença,Viana do Castelo,Norte
2019-12-03 11:13:36,Friestas,LOCAL-160806,0.0,0,16,5.03,3,0.94,57.71,551,318,Valença,Viana do Castelo,Norte
2019-12-03 11:13:36,Ganfei,LOCAL-160808,0.0,0,14,2.21,9,1.42,55.82,1134,633,Valença,Viana do Castelo,Norte
2019-12-03 11:13:36,São Pedro da Torre,LOCAL-160812,0.0,0,14,2.19,13,2.03,51.7,1236,639,Valença,Viana do Castelo,Norte
2019-12-03 11:13:36,Verdoejo,LOCAL-160816,0.0,0,6,1.79,0,0.0,60.65,554,336,Valença,Viana do Castelo,Norte
2019-12-03 11:13:36,Gandra e Taião,LOCAL-160817,0.0,0,19,3.23,11,1.87,43.96,1340,589,Valença,Viana do Castelo,Norte
2019-12-03 11:13:36,Gondomil e Sanfins,LOCAL-160818,0.0,0,1,0.5,0,0.0,40.08,504,202,Valença,Viana do Castelo,Norte
2019-12-03 11:13:36,São Julião e Silva,LOCAL-160819,0.0,0,9,3.25,3,1.08,48.77,568,277,Valença,Viana do Castelo,Norte
2019-12-03 11:13:36,"Valença, Cristelo Covo e Arão",LOCAL-160820,0.0,0,52,2.7,26,1.35,40.77,4717,1923,Valença,Viana do Castelo,Norte
2019-12-03 11:13:36,Afife,LOCAL-160901,0.0,0,23,2.65,8,0.92,60.06,1447,869,Viana do Castelo,Viana do Castelo,Norte
2019-12-03 11:13:36,Alvarães,LOCAL-160902,0.0,0,27,2.19,32,2.59,46.22,2672,1235,Viana do Castelo,Viana do Castelo,Norte
2019-12-03 11:13:36,Amonde,LOCAL-160903,0.0,0,3,1.79,4,2.38,61.76,272,168,Viana do Castelo,Viana do Castelo,Norte
2019-12-03 11:13:36,Anha,LOCAL-160904,0.0,0,55,4.06,29,2.14,59.2,2289,1355,Viana do Castelo,Viana do Castelo,Norte
2019-12-03 11:13:36,Areosa,LOCAL-160905,0.0,0,76,3.16,40,1.66,55.45,4343,2408,Viana do Castelo,Viana do Castelo,Norte
2019-12-03 11:13:36,Carreço,LOCAL-160908,0.0,0,32,3.18,8,0.79,60.44,1666,1007,Viana do Castelo,Viana do Castelo,Norte
2019-12-03 11:13:36,Castelo do Neiva,LOCAL-160910,0.0,0,37,2.78,34,2.56,41.82,3178,1329,Viana do Castelo,Viana do Castelo,Norte
2019-12-03 11:13:36,Darque,LOCAL-160911,0.0,0,110,3.19,62,1.8,46.95,7346,3449,Viana do Castelo,Viana do Castelo,Norte
2019-12-03 11:13:36,Freixieiro de Soutelo,LOCAL-160914,0.0,0,4,1.48,4,1.48,58.44,462,270,Viana do Castelo,Viana do Castelo,Norte
2019-12-03 11:13:36,Lanheses,LOCAL-160915,0.0,0,17,2.01,11,1.3,53.98,1569,847,Viana do Castelo,Viana do Castelo,Norte
2019-12-03 11:13:36,Montaria,LOCAL-160920,0.0,0,13,4.68,5,1.8,51.1,544,278,Viana do Castelo,Viana do Castelo,Norte
2019-12-03 11:13:36,Mujães,LOCAL-160922,0.0,0,27,3.52,12,1.56,50.69,1513,767,Viana do Castelo,Viana do Castelo,Norte
2019-12-03 11:13:36,São Romão de Neiva,LOCAL-160923,0.0,0,20,3.18,8,1.27,52.33,1202,629,Viana do Castelo,Viana do Castelo,Norte
2019-12-03 11:13:36,Outeiro,LOCAL-160925,0.0,0,44,6.58,17,2.54,60.54,1105,669,Viana do Castelo,Viana do Castelo,Norte
2019-12-03 11:13:36,Perre,LOCAL-160926,0.0,0,69,4.03,43,2.51,64.59,2649,1711,Viana do Castelo,Viana do Castelo,Norte
2019-12-03 11:13:36,Santa Marta de Portuzelo,LOCAL-160928,0.0,0,60,2.86,54,2.57,58.91,3563,2099,Viana do Castelo,Viana do Castelo,Norte
2019-12-03 11:13:36,Vila Franca,LOCAL-160935,0.0,0,29,3.15,24,2.6,55.28,1668,922,Viana do Castelo,Viana do Castelo,Norte
2019-12-03 11:13:36,Vila de Punhe,LOCAL-160938,0.0,0,38,3.09,13,1.06,54.98,2237,1230,Viana do Castelo,Viana do Castelo,Norte
2019-12-03 11:13:36,Chafé,LOCAL-160940,0.0,0,63,4.76,32,2.42,41.48,3192,1324,Viana do Castelo,Viana do Castelo,Norte
2019-12-03 11:13:36,Barroselas e Carvoeiro,LOCAL-160941,0.0,0,104,4.02,41,1.58,54.59,4739,2587,Viana do Castelo,Viana do Castelo,Norte
2019-12-03 11:13:36,Cardielos e Serreleis,LOCAL-160942,0.0,0,43,3.2,32,2.38,64.99,2068,1344,Viana do Castelo,Viana do Castelo,Norte
2019-12-03 11:13:36,Geraz do Lima e Deão,LOCAL-160943,0.0,0,51,2.88,45,2.54,52.95,3343,1770,Viana do Castelo,Viana do Castelo,Norte
2019-12-03 11:13:36,Mazarefes e Vila Fria,LOCAL-160944,0.0,0,35,2.45,30,2.1,55.07,2595,1429,Viana do Castelo,Viana do Castelo,Norte
2019-12-03 11:13:36,"Nogueira, Meixedo e Vilar de Murteda",LOCAL-160945,0.0,0,33,4.05,10,1.23,56.37,1444,814,Viana do Castelo,Viana do Castelo,Norte
2019-12-03 11:13:36,"Subportela, Deocriste e Portela Susã",LOCAL-160946,0.0,0,44,3.38,19,1.46,55.98,2324,1301,Viana do Castelo,Viana do Castelo,Norte
2019-12-03 11:13:36,Torre e Vila Mou,LOCAL-160947,0.0,0,25,3.79,15,2.28,53.75,1226,659,Viana do Castelo,Viana do Castelo,Norte
2019-12-03 11:13:36,Santa Maria Maior e Monserrate e Meadela,LOCAL-160948,0.0,0,352,2.63,236,1.76,57.81,23136,13375,Viana do Castelo,Viana do Castelo,Norte
2019-12-03 11:13:36,Cornes,LOCAL-161003,0.0,0,12,5.0,5,2.08,53.81,446,240,Vila Nova de Cerveira,Viana do Castelo,Norte
2019-12-03 11:13:36,Covas,LOCAL-161004,0.0,0,9,3.33,9,3.33,46.55,580,270,Vila Nova de Cerveira,Viana do Castelo,Norte
2019-12-03 11:13:36,Gondarém,LOCAL-161006,0.0,0,13,2.51,9,1.74,57.11,907,518,Vila Nova de Cerveira,Viana do Castelo,Norte
2019-12-03 11:13:36,Loivo,LOCAL-161007,0.0,0,11,2.74,12,2.99,49.14,816,401,Vila Nova de Cerveira,Viana do Castelo,Norte
2019-12-03 11:13:36,Mentrestido,LOCAL-161009,0.0,0,3,2.21,1,0.74,53.33,255,136,Vila Nova de Cerveira,Viana do Castelo,Norte
2019-12-03 11:13:36,Sapardos,LOCAL-161012,0.0,0,4,2.06,3,1.55,54.34,357,194,Vila Nova de Cerveira,Viana do Castelo,Norte
2019-12-03 11:13:36,Sopo,LOCAL-161013,0.0,0,6,2.43,3,1.21,44.99,549,247,Vila Nova de Cerveira,Viana do Castelo,Norte
2019-12-03 11:13:36,Campos e Vila Meã,LOCAL-161016,0.0,0,29,4.07,11,1.54,49.83,1431,713,Vila Nova de Cerveira,Viana do Castelo,Norte
2019-12-03 11:13:36,Candemil e Gondar,LOCAL-161017,0.0,0,12,5.43,2,0.9,61.05,362,221,Vila Nova de Cerveira,Viana do Castelo,Norte
2019-12-03 11:13:36,Reboreda e Nogueira,LOCAL-161018,0.0,0,14,2.64,9,1.69,56.25,944,531,Vila Nova de Cerveira,Viana do Castelo,Norte
2019-12-03 11:13:36,Vila Nova de Cerveira e Lovelhe,LOCAL-161019,0.0,0,30,3.14,16,1.68,53.75,1775,954,Vila Nova de Cerveira,Viana do Castelo,Norte
2019-12-03 11:13:36,Alijó,LOCAL-170101,0.0,0,18,1.52,50,4.22,47.67,2484,1184,Alijó,Vila Real,Norte
2019-12-03 11:13:36,Favaios,LOCAL-170107,0.0,0,7,1.47,15,3.14,47.13,1012,477,Alijó,Vila Real,Norte
2019-12-03 11:13:36,Pegarinhos,LOCAL-170108,0.0,0,4,2.2,3,1.65,34.21,532,182,Alijó,Vila Real,Norte
2019-12-03 11:13:36,Pinhão,LOCAL-170109,0.0,0,11,3.33,5,1.52,53.48,617,330,Alijó,Vila Real,Norte
2019-12-03 11:13:36,Sanfins do Douro,LOCAL-170112,0.0,0,20,2.88,18,2.59,50.0,1390,695,Alijó,Vila Real,Norte
2019-12-03 11:13:36,Santa Eugénia,LOCAL-170113,0.0,0,7,3.47,7,3.47,57.55,351,202,Alijó,Vila Real,Norte
2019-12-03 11:13:36,São Mamede de Ribatua,LOCAL-170114,0.0,0,12,3.63,10,3.02,50.15,660,331,Alijó,Vila Real,Norte
2019-12-03 11:13:36,Vila Chã,LOCAL-170116,0.0,0,4,1.79,13,5.8,43.75,512,224,Alijó,Vila Real,Norte
2019-12-03 11:13:36,Vila Verde,LOCAL-170117,0.0,0,6,2.05,8,2.73,42.53,689,293,Alijó,Vila Real,Norte
2019-12-03 11:13:36,Vilar de Maçada,LOCAL-170118,0.0,0,4,1.04,20,5.18,40.67,949,386,Alijó,Vila Real,Norte
2019-12-03 11:13:36,Carlão e Amieiro,LOCAL-170120,0.0,0,3,0.88,18,5.29,41.11,827,340,Alijó,Vila Real,Norte
2019-12-03 11:13:36,Castedo e Cotas,LOCAL-170121,0.0,0,4,1.4,12,4.21,50.09,569,285,Alijó,Vila Real,Norte
2019-12-03 11:13:36,Pópulo e Ribalonga,LOCAL-170122,0.0,0,7,2.86,10,4.08,36.73,667,245,Alijó,Vila Real,Norte
2019-12-03 11:13:36,"Vale de Mendiz, Casal de Loivos e Vilarinho",LOCAL-170123,0.0,0,9,3.31,5,1.84,56.55,481,272,Alijó,Vila Real,Norte
2019-12-03 11:13:36,Beça,LOCAL-170203,0.0,0,9,1.3,20,2.89,59.62,1159,691,Boticas,Vila Real,Norte
2019-12-03 11:13:36,Covas do Barroso,LOCAL-170208,0.0,0,7,4.79,1,0.68,43.98,332,146,Boticas,Vila Real,Norte
2019-12-03 11:13:36,Dornelas,LOCAL-170210,0.0,0,4,2.48,5,3.11,30.61,526,161,Boticas,Vila Real,Norte
2019-12-03 11:13:36,Pinho,LOCAL-170213,0.0,0,1,0.47,5,2.37,36.44,579,211,Boticas,Vila Real,Norte
2019-12-03 11:13:36,Sapiãos,LOCAL-170215,0.0,0,5,1.87,8,2.99,37.69,711,268,Boticas,Vila Real,Norte
2019-12-03 11:13:36,Alturas do Barroso e Cerdedo,LOCAL-170217,0.0,0,9,2.98,4,1.32,39.32,768,302,Boticas,Vila Real,Norte
2019-12-03 11:13:36,Ardãos e Bobadela,LOCAL-170218,0.0,0,3,0.84,13,3.65,39.29,906,356,Boticas,Vila Real,Norte
2019-12-03 11:13:36,Boticas e Granja,LOCAL-170219,0.0,0,12,1.4,26,3.03,48.61,1763,857,Boticas,Vila Real,Norte
2019-12-03 11:13:36,"Codessoso, Curros e Fiães do Tâmega",LOCAL-170220,0.0,0,3,1.35,1,0.45,47.45,470,223,Boticas,Vila Real,Norte
2019-12-03 11:13:36,Vilar e Viveiro,LOCAL-170221,0.0,0,1,0.31,4,1.25,51.12,624,319,Boticas,Vila Real,Norte
2019-12-03 11:13:36,Águas Frias,LOCAL-170301,0.0,0,8,2.25,9,2.54,43.24,821,355,Chaves,Vila Real,Norte
2019-12-03 11:13:36,Anelhe,LOCAL-170302,0.0,0,3,1.65,2,1.1,33.09,550,182,Chaves,Vila Real,Norte
2019-12-03 11:13:36,Bustelo,LOCAL-170305,0.0,0,11,4.4,5,2.0,44.48,562,250,Chaves,Vila Real,Norte
2019-12-03 11:13:36,Cimo de Vila da Castanheira,LOCAL-170309,0.0,0,1,0.54,8,4.32,34.01,544,185,Chaves,Vila Real,Norte
2019-12-03 11:13:36,Curalha,LOCAL-170310,0.0,0,11,5.05,2,0.92,39.35,554,218,Chaves,Vila Real,Norte
2019-12-03 11:13:36,Ervededo,LOCAL-170312,0.0,0,4,1.23,9,2.76,36.63,890,326,Chaves,Vila Real,Norte
2019-12-03 11:13:36,Faiões,LOCAL-170313,0.0,0,16,3.79,16,3.79,51.91,813,422,Chaves,Vila Real,Norte
2019-12-03 11:13:36,Lama de Arcos,LOCAL-170314,0.0,0,3,1.72,6,3.45,45.55,382,174,Chaves,Vila Real,Norte
2019-12-03 11:13:36,Mairos,LOCAL-170316,0.0,0,2,1.21,2,1.21,47.83,345,165,Chaves,Vila Real,Norte
2019-12-03 11:13:36,Moreiras,LOCAL-170317,0.0,0,4,4.0,3,3.0,34.48,290,100,Chaves,Vila Real,Norte
2019-12-03 11:13:36,Nogueira da Montanha,LOCAL-170318,0.0,0,4,1.5,14,5.26,37.31,713,266,Chaves,Vila Real,Norte
2019-12-03 11:13:36,Oura,LOCAL-170320,0.0,0,2,0.83,7,2.89,38.66,626,242,Chaves,Vila Real,Norte
2019-12-03 11:13:36,Outeiro Seco,LOCAL-170321,0.0,0,6,1.45,13,3.14,46.73,886,414,Chaves,Vila Real,Norte
2019-12-03 11:13:36,Paradela,LOCAL-170322,0.0,0,5,3.73,8,5.97,47.86,280,134,Chaves,Vila Real,Norte
2019-12-03 11:13:36,Redondelo,LOCAL-170324,0.0,0,7,2.88,4,1.65,40.77,596,243,Chaves,Vila Real,Norte
2019-12-03 11:13:36,Sanfins,LOCAL-170327,0.0,0,0,0.0,6,5.83,32.91,313,103,Chaves,Vila Real,Norte
2019-12-03 11:13:36,Santa Leocádia,LOCAL-170329,0.0,0,2,1.54,4,3.08,34.48,377,130,Chaves,Vila Real,Norte
2019-12-03 11:13:36,Santo António de Monforte,LOCAL-170330,0.0,0,2,0.84,8,3.35,48.19,496,239,Chaves,Vila Real,Norte
2019-12-03 11:13:36,Santo Estêvão,LOCAL-170331,0.0,0,9,3.9,10,4.33,35.59,649,231,Chaves,Vila Real,Norte
2019-12-03 11:13:36,São Pedro de Agostém,LOCAL-170333,0.0,0,27,4.19,19,2.95,40.94,1573,644,Chaves,Vila Real,Norte
2019-12-03 11:13:36,São Vicente,LOCAL-170334,0.0,0,1,0.75,1,0.75,45.24,294,133,Chaves,Vila Real,Norte
2019-12-03 11:13:36,Tronco,LOCAL-170340,0.0,0,1,1.1,2,2.2,31.38,290,91,Chaves,Vila Real,Norte
2019-12-03 11:13:36,Vale de Anta,LOCAL-170341,0.0,0,14,1.86,20,2.66,53.34,1408,751,Chaves,Vila Real,Norte
2019-12-03 11:13:36,Vila Verde da Raia,LOCAL-170343,0.0,0,9,2.29,10,2.54,43.28,908,393,Chaves,Vila Real,Norte
2019-12-03 11:13:36,Vilar de Nantes,LOCAL-170344,0.0,0,20,2.16,30,3.24,48.79,1896,925,Chaves,Vila Real,Norte
2019-12-03 11:13:36,Vilarelho da Raia,LOCAL-170345,0.0,0,4,1.47,8,2.94,38.91,699,272,Chaves,Vila Real,Norte
2019-12-03 11:13:36,Vilas Boas,LOCAL-170347,0.0,0,0,0.0,2,2.04,40.0,245,98,Chaves,Vila Real,Norte
2019-12-03 11:13:36,Vilela Seca,LOCAL-170348,0.0,0,3,2.13,7,4.96,38.74,364,141,Chaves,Vila Real,Norte
2019-12-03 11:13:36,Vilela do Tâmega,LOCAL-170349,0.0,0,4,2.06,7,3.61,46.97,413,194,Chaves,Vila Real,Norte
2019-12-03 11:13:36,Santa Maria Maior,LOCAL-170350,0.0,0,126,2.41,123,2.36,43.84,11906,5220,Chaves,Vila Real,Norte
2019-12-03 11:13:36,Planalto de Monforte (Oucidres e Bobadela),LOCAL-170353,0.0,0,5,3.33,1,0.67,39.37,381,150,Chaves,Vila Real,Norte
2019-12-03 11:13:36,Madalena e Samaiões,LOCAL-170354,0.0,0,34,2.63,30,2.32,42.23,3064,1294,Chaves,Vila Real,Norte
2019-12-03 11:13:36,"Eiras, São Julião de Montenegro e Cela",LOCAL-170355,0.0,0,9,1.91,11,2.34,48.61,969,471,Chaves,Vila Real,Norte
2019-12-03 11:13:36,Calvão e Soutelinho da Raia,LOCAL-170356,0.0,0,5,1.87,13,4.85,35.26,760,268,Chaves,Vila Real,Norte
2019-12-03 11:13:36,Loivos e Póvoa de Agrações,LOCAL-170357,0.0,0,6,1.85,9,2.77,37.02,878,325,Chaves,Vila Real,Norte
2019-12-03 11:13:36,Santa Cruz/Trindade e Sanjurge,LOCAL-170358,0.0,0,34,2.17,44,2.81,42.31,3704,1567,Chaves,Vila Real,Norte
2019-12-03 11:13:36,Soutelo e Seara Velha,LOCAL-170359,0.0,0,9,2.84,15,4.73,46.28,685,317,Chaves,Vila Real,Norte
2019-12-03 11:13:36,Travancas e Roriz,LOCAL-170360,0.0,0,3,1.12,6,2.24,39.01,687,268,Chaves,Vila Real,Norte
2019-12-03 11:13:36,"Vidago, Arcossó, Selhariz, Vilarinho Paranheiras",LOCAL-170361,0.0,0,25,2.75,14,1.54,44.67,2035,909,Chaves,Vila Real,Norte
2019-12-03 11:13:36,Barqueiros,LOCAL-170401,0.0,0,3,1.05,3,1.05,50.8,561,285,Mesão Frio,Vila Real,Norte
2019-12-03 11:13:36,Cidadelhe,LOCAL-170402,0.0,0,0,0.0,3,3.66,57.75,142,82,Mesão Frio,Vila Real,Norte
2019-12-03 11:13:36,Oliveira,LOCAL-170403,0.0,0,4,2.22,1,0.56,49.59,363,180,Mesão Frio,Vila Real,Norte
2019-12-03 11:13:36,Vila Marim,LOCAL-170407,0.0,0,12,2.91,12,2.91,38.38,1076,413,Mesão Frio,Vila Real,Norte
2019-12-03 11:13:36,Mesão Frio (Santo André),LOCAL-170408,0.0,0,15,1.82,19,2.31,50.93,1616,823,Mesão Frio,Vila Real,Norte
2019-12-03 11:13:36,Atei,LOCAL-170501,0.0,0,7,1.33,9,1.71,41.29,1274,526,Mondim de Basto,Vila Real,Norte
2019-12-03 11:13:36,Bilhó,LOCAL-170502,0.0,0,6,2.28,4,1.52,40.03,657,263,Mondim de Basto,Vila Real,Norte
2019-12-03 11:13:36,São Cristóvão de Mondim de Basto,LOCAL-170505,0.0,0,36,2.28,31,1.97,49.75,3168,1576,Mondim de Basto,Vila Real,Norte
2019-12-03 11:13:36,Vilar de Ferreiros,LOCAL-170508,0.0,0,12,2.18,5,0.91,43.51,1264,550,Mondim de Basto,Vila Real,Norte
2019-12-03 11:13:36,Campanhó e Paradança,LOCAL-170509,0.0,0,9,2.48,5,1.38,37.31,973,363,Mondim de Basto,Vila Real,Norte
2019-12-03 11:13:36,Ermelo e Pardelhas,LOCAL-170510,0.0,0,0,0.0,8,3.14,40.41,631,255,Mondim de Basto,Vila Real,Norte
2019-12-03 11:13:36,Cabril,LOCAL-170601,0.0,0,5,1.92,3,1.15,46.26,562,260,Montalegre,Vila Real,Norte
2019-12-03 11:13:36,Cervos,LOCAL-170603,0.0,0,2,2.44,1,1.22,19.95,411,82,Montalegre,Vila Real,Norte
2019-12-03 11:13:36,Chã,LOCAL-170604,0.0,0,6,1.75,6,1.75,29.61,1155,342,Montalegre,Vila Real,Norte
2019-12-03 11:13:36,Covelo do Gerês,LOCAL-170607,0.0,0,0,0.0,3,3.03,52.66,188,99,Montalegre,Vila Real,Norte
2019-12-03 11:13:36,Ferral,LOCAL-170609,0.0,0,2,1.14,3,1.71,45.45,385,175,Montalegre,Vila Real,Norte
2019-12-03 11:13:36,Gralhas,LOCAL-170612,0.0,0,3,2.26,5,3.76,43.04,309,133,Montalegre,Vila Real,Norte
2019-12-03 11:13:36,Morgade,LOCAL-170616,0.0,0,1,14.29,0,0.0,2.15,325,7,Montalegre,Vila Real,Norte
2019-12-03 11:13:36,Negrões,LOCAL-170618,0.0,0,3,2.86,0,0.0,44.87,234,105,Montalegre,Vila Real,Norte
2019-12-03 11:13:36,Outeiro,LOCAL-170619,0.0,0,0,0.0,0,0.0,42.79,201,86,Montalegre,Vila Real,Norte
2019-12-03 11:13:36,Pitões das Junias,LOCAL-170623,0.0,0,4,3.54,0,0.0,38.57,293,113,Montalegre,Vila Real,Norte
2019-12-03 11:13:36,Reigoso,LOCAL-170625,0.0,0,2,2.3,1,1.15,31.07,280,87,Montalegre,Vila Real,Norte
2019-12-03 11:13:36,Salto,LOCAL-170626,0.0,0,16,2.07,15,1.94,48.13,1608,774,Montalegre,Vila Real,Norte
2019-12-03 11:13:36,Santo André,LOCAL-170627,0.0,0,0,0.0,4,3.39,40.0,295,118,Montalegre,Vila Real,Norte
2019-12-03 11:13:36,Sarraquinhos,LOCAL-170629,0.0,0,5,5.38,6,6.45,19.96,466,93,Montalegre,Vila Real,Norte
2019-12-03 11:13:36,Solveira,LOCAL-170631,0.0,0,1,1.28,4,5.13,28.78,271,78,Montalegre,Vila Real,Norte
2019-12-03 11:13:36,Tourém,LOCAL-170632,0.0,0,2,2.41,1,1.2,45.86,181,83,Montalegre,Vila Real,Norte
2019-12-03 11:13:36,Vila da Ponte,LOCAL-170635,0.0,0,1,0.67,4,2.67,54.35,276,150,Montalegre,Vila Real,Norte
2019-12-03 11:13:36,"Cambeses do Rio, Donões e Mourilhe",LOCAL-170636,0.0,0,6,3.26,11,5.98,28.71,641,184,Montalegre,Vila Real,Norte
2019-12-03 11:13:36,Meixedo e Padornelos,LOCAL-170637,0.0,0,6,3.45,7,4.02,29.1,598,174,Montalegre,Vila Real,Norte
2019-12-03 11:13:36,Montalegre e Padroso,LOCAL-170638,0.0,0,26,2.62,5,0.5,45.28,2191,992,Montalegre,Vila Real,Norte
2019-12-03 11:13:36,"Paradela, Contim e Fiães",LOCAL-170639,0.0,0,4,2.37,6,3.55,29.29,577,169,Montalegre,Vila Real,Norte
2019-12-03 11:13:36,Sezelhe e Covelães,LOCAL-170640,0.0,0,9,5.66,3,1.89,37.24,427,159,Montalegre,Vila Real,Norte
2019-12-03 11:13:36,Venda Nova e Pondras,LOCAL-170641,0.0,0,8,3.57,5,2.23,42.91,522,224,Montalegre,Vila Real,Norte
2019-12-03 11:13:36,Viade de Baixo e Fervidelas,LOCAL-170642,0.0,0,11,2.74,3,0.75,39.53,1017,402,Montalegre,Vila Real,Norte
2019-12-03 11:13:36,Vilar de Perdizes e Meixide,LOCAL-170643,0.0,0,5,1.97,9,3.54,29.99,847,254,Montalegre,Vila Real,Norte
2019-12-03 11:13:36,Candedo,LOCAL-170701,0.0,0,8,1.52,16,3.04,47.48,1110,527,Murça,Vila Real,Norte
2019-12-03 11:13:36,Fiolhoso,LOCAL-170703,0.0,0,9,3.9,5,2.16,32.13,719,231,Murça,Vila Real,Norte
2019-12-03 11:13:36,Jou,LOCAL-170704,0.0,0,15,4.87,5,1.62,40.37,763,308,Murça,Vila Real,Norte
2019-12-03 11:13:36,Murça,LOCAL-170705,0.0,0,31,3.0,27,2.61,51.57,2007,1035,Murça,Vila Real,Norte
2019-12-03 11:13:36,Valongo de Milhais,LOCAL-170708,0.0,0,3,1.85,3,1.85,40.81,397,162,Murça,Vila Real,Norte
2019-12-03 11:13:36,Carva e Vilares,LOCAL-170710,0.0,0,13,4.98,4,1.53,43.79,596,261,Murça,Vila Real,Norte
2019-12-03 11:13:36,Noura e Palheiros,LOCAL-170711,0.0,0,7,1.44,10,2.05,47.89,1017,487,Murça,Vila Real,Norte
2019-12-03 11:13:36,Fontelas,LOCAL-170802,0.0,0,9,2.74,7,2.13,49.47,665,329,Peso da Régua,Vila Real,Norte
2019-12-03 11:13:36,Loureiro,LOCAL-170805,0.0,0,11,2.47,7,1.57,44.28,1005,445,Peso da Régua,Vila Real,Norte
2019-12-03 11:13:36,Sedielos,LOCAL-170809,0.0,0,6,1.75,10,2.92,32.15,1067,343,Peso da Régua,Vila Real,Norte
2019-12-03 11:13:36,Vilarinho dos Freires,LOCAL-170810,0.0,0,8,2.35,7,2.06,40.62,837,340,Peso da Régua,Vila Real,Norte
2019-12-03 11:13:36,Galafura e Covelinhas,LOCAL-170813,0.0,0,5,1.45,19,5.51,35.31,977,345,Peso da Régua,Vila Real,Norte
2019-12-03 11:13:36,Moura Morta e Vinhós,LOCAL-170814,0.0,0,7,2.07,7,2.07,38.11,887,338,Peso da Régua,Vila Real,Norte
2019-12-03 11:13:36,Peso da Régua e Godim,LOCAL-170815,0.0,0,91,2.1,59,1.36,49.08,8837,4337,Peso da Régua,Vila Real,Norte
2019-12-03 11:13:36,Poiares e Canelas,LOCAL-170816,0.0,0,9,1.67,12,2.23,38.21,1408,538,Peso da Régua,Vila Real,Norte
2019-12-03 11:13:36,Alvadia,LOCAL-170901,0.0,0,0,0.0,1,0.77,45.14,288,130,Ribeira de Pena,Vila Real,Norte
2019-12-03 11:13:36,Canedo,LOCAL-170902,0.0,0,4,2.45,4,2.45,23.19,703,163,Ribeira de Pena,Vila Real,Norte
2019-12-03 11:13:36,Santa Marinha,LOCAL-170906,0.0,0,8,2.48,9,2.79,32.53,993,323,Ribeira de Pena,Vila Real,Norte
2019-12-03 11:13:36,Cerva e Limões,LOCAL-170908,0.0,0,18,1.53,28,2.38,41.39,2846,1178,Ribeira de Pena,Vila Real,Norte
2019-12-03 11:13:36,Salvador e Santo Aleixo de Além-Tâmega,LOCAL-170909,0.0,0,20,1.32,31,2.05,39.92,3785,1511,Ribeira de Pena,Vila Real,Norte
2019-12-03 11:13:36,Celeirós,LOCAL-171001,0.0,0,3,2.75,2,1.83,53.96,202,109,Sabrosa,Vila Real,Norte
2019-12-03 11:13:36,Covas do Douro,LOCAL-171002,0.0,0,6,2.78,6,2.78,51.43,420,216,Sabrosa,Vila Real,Norte
2019-12-03 11:13:36,Gouvinhas,LOCAL-171004,0.0,0,1,0.94,6,5.66,36.18,293,106,Sabrosa,Vila Real,Norte
2019-12-03 11:13:36,Parada de Pinhão,LOCAL-171005,0.0,0,1,0.55,6,3.28,58.84,311,183,Sabrosa,Vila Real,Norte
2019-12-03 11:13:36,Paços,LOCAL-171007,0.0,0,7,2.32,11,3.64,38.87,777,302,Sabrosa,Vila Real,Norte
2019-12-03 11:13:36,Sabrosa,LOCAL-171009,0.0,0,15,2.38,12,1.9,58.23,1082,630,Sabrosa,Vila Real,Norte
2019-12-03 11:13:36,São Lourenço de Ribapinhão,LOCAL-171011,0.0,0,5,2.96,7,4.14,37.56,450,169,Sabrosa,Vila Real,Norte
2019-12-03 11:13:36,Souto Maior,LOCAL-171013,0.0,0,6,2.73,6,2.73,41.83,526,220,Sabrosa,Vila Real,Norte
2019-12-03 11:13:36,Torre do Pinhão,LOCAL-171014,0.0,0,1,0.57,5,2.86,45.81,382,175,Sabrosa,Vila Real,Norte
2019-12-03 11:13:36,Vilarinho de São Romão,LOCAL-171015,0.0,0,0,0.0,6,5.31,40.36,280,113,Sabrosa,Vila Real,Norte
2019-12-03 11:13:36,"Provesende, Gouvães e S.Cristóvão do Douro",LOCAL-171016,0.0,0,10,3.88,6,2.33,51.09,505,258,Sabrosa,Vila Real,Norte
2019-12-03 11:13:36,São Martinho de Antas e Paradela de Guiães,LOCAL-171017,0.0,0,11,2.33,18,3.81,40.62,1162,472,Sabrosa,Vila Real,Norte
2019-12-03 11:13:36,Alvações do Corgo,LOCAL-171101,0.0,0,2,0.8,3,1.2,56.82,440,250,Santa Marta de Penaguião,Vila Real,Norte
2019-12-03 11:13:36,Cumieira,LOCAL-171102,0.0,0,16,2.76,16,2.76,50.13,1155,579,Santa Marta de Penaguião,Vila Real,Norte
2019-12-03 11:13:36,Fontes,LOCAL-171103,0.0,0,8,2.04,3,0.76,38.95,1009,393,Santa Marta de Penaguião,Vila Real,Norte
2019-12-03 11:13:36,Medrões,LOCAL-171106,0.0,0,3,1.17,5,1.95,51.1,501,256,Santa Marta de Penaguião,Vila Real,Norte
2019-12-03 11:13:36,Sever,LOCAL-171110,0.0,0,6,1.54,13,3.34,48.02,810,389,Santa Marta de Penaguião,Vila Real,Norte
2019-12-03 11:13:36,Lobrigos (S.Miguel e S.João Baptista) e Sanhoane,LOCAL-171111,0.0,0,32,2.47,30,2.31,47.7,2721,1298,Santa Marta de Penaguião,Vila Real,Norte
2019-12-03 11:13:36,Louredo e Fornelos,LOCAL-171112,0.0,0,6,1.6,3,0.8,51.8,724,375,Santa Marta de Penaguião,Vila Real,Norte
2019-12-03 11:13:36,Água Revés e Crasto,LOCAL-171201,0.0,0,7,3.61,7,3.61,49.11,395,194,Valpaços,Vila Real,Norte
2019-12-03 11:13:36,Algeriz,LOCAL-171203,0.0,0,1,0.33,8,2.61,48.57,630,306,Valpaços,Vila Real,Norte
2019-12-03 11:13:36,Bouçoães,LOCAL-171205,0.0,0,2,1.0,5,2.49,36.35,553,201,Valpaços,Vila Real,Norte
2019-12-03 11:13:36,Canaveses,LOCAL-171206,0.0,0,2,1.98,6,5.94,34.59,292,101,Valpaços,Vila Real,Norte
2019-12-03 11:13:36,Ervões,LOCAL-171209,0.0,0,17,5.65,10,3.32,39.87,755,301,Valpaços,Vila Real,Norte
2019-12-03 11:13:36,Fornos do Pinhal,LOCAL-171211,0.0,0,2,1.07,4,2.14,54.36,344,187,Valpaços,Vila Real,Norte
2019-12-03 11:13:36,Friões,LOCAL-171212,0.0,0,4,1.23,8,2.46,40.37,805,325,Valpaços,Vila Real,Norte
2019-12-03 11:13:36,Padrela e Tazem,LOCAL-171215,0.0,0,5,3.31,6,3.97,33.19,455,151,Valpaços,Vila Real,Norte
2019-12-03 11:13:36,Possacos,LOCAL-171216,0.0,0,5,2.17,6,2.61,46.56,494,230,Valpaços,Vila Real,Norte
2019-12-03 11:13:36,Rio Torto,LOCAL-171217,0.0,0,5,2.94,6,3.53,40.38,421,170,Valpaços,Vila Real,Norte
2019-12-03 11:13:36,Santa Maria de Emeres,LOCAL-171219,0.0,0,2,1.07,3,1.6,51.52,363,187,Valpaços,Vila Real,Norte
2019-12-03 11:13:36,Santa Valha,LOCAL-171220,0.0,0,4,1.9,1,0.48,44.59,471,210,Valpaços,Vila Real,Norte
2019-12-03 11:13:36,Santiago da Ribeira de Alhariz,LOCAL-171221,0.0,0,5,1.91,4,1.53,29.64,884,262,Valpaços,Vila Real,Norte
2019-12-03 11:13:36,São João da Corveira,LOCAL-171222,0.0,0,5,1.82,12,4.36,33.5,821,275,Valpaços,Vila Real,Norte
2019-12-03 11:13:36,São Pedro de Veiga de Lila,LOCAL-171223,0.0,0,2,1.26,3,1.89,47.75,333,159,Valpaços,Vila Real,Norte
2019-12-03 11:13:36,Serapicos,LOCAL-171224,0.0,0,2,1.32,17,11.18,47.65,319,152,Valpaços,Vila Real,Norte
2019-12-03 11:13:36,Vales,LOCAL-171227,0.0,0,0,0.0,6,4.76,44.37,284,126,Valpaços,Vila Real,Norte
2019-12-03 11:13:36,Vassal,LOCAL-171229,0.0,0,4,1.83,3,1.38,41.13,530,218,Valpaços,Vila Real,Norte
2019-12-03 11:13:36,Veiga de Lila,LOCAL-171230,0.0,0,0,0.0,9,5.52,59.49,274,163,Valpaços,Vila Real,Norte
2019-12-03 11:13:36,Vilarandelo,LOCAL-171231,0.0,0,15,3.43,17,3.89,41.82,1045,437,Valpaços,Vila Real,Norte
2019-12-03 11:13:36,Carrazedo de Montenegro e Curros,LOCAL-171232,0.0,0,21,2.33,30,3.32,43.31,2085,903,Valpaços,Vila Real,Norte
2019-12-03 11:13:36,"Lebução, Fiães e Nozelos",LOCAL-171233,0.0,0,7,2.08,10,2.97,37.49,899,337,Valpaços,Vila Real,Norte
2019-12-03 11:13:36,Sonim e Barreiros,LOCAL-171234,0.0,0,4,1.67,11,4.58,45.37,529,240,Valpaços,Vila Real,Norte
2019-12-03 11:13:36,Tinhela e Alvarelhos,LOCAL-171235,0.0,0,2,1.17,0,0.0,40.05,427,171,Valpaços,Vila Real,Norte
2019-12-03 11:13:36,Valpaços e Sanfins,LOCAL-171236,0.0,0,37,1.73,49,2.3,41.67,5121,2134,Valpaços,Vila Real,Norte
2019-12-03 11:13:36,Alfarela de Jales,LOCAL-171302,0.0,0,4,1.72,10,4.29,47.07,495,233,Vila Pouca de Aguiar,Vila Real,Norte
2019-12-03 11:13:36,Bornes de Aguiar,LOCAL-171303,0.0,0,44,4.51,23,2.36,42.69,2286,976,Vila Pouca de Aguiar,Vila Real,Norte
2019-12-03 11:13:36,Bragado,LOCAL-171304,0.0,0,5,1.7,9,3.06,42.98,684,294,Vila Pouca de Aguiar,Vila Real,Norte
2019-12-03 11:13:36,Capeludos,LOCAL-171305,0.0,0,3,1.35,1,0.45,38.68,574,222,Vila Pouca de Aguiar,Vila Real,Norte
2019-12-03 11:13:36,Soutelo de Aguiar,LOCAL-171310,0.0,0,10,2.95,12,3.54,42.06,806,339,Vila Pouca de Aguiar,Vila Real,Norte
2019-12-03 11:13:36,Telões,LOCAL-171311,0.0,0,19,2.82,20,2.97,41.54,1620,673,Vila Pouca de Aguiar,Vila Real,Norte
2019-12-03 11:13:36,Tresminas,LOCAL-171312,0.0,0,2,0.79,4,1.57,47.57,534,254,Vila Pouca de Aguiar,Vila Real,Norte
2019-12-03 11:13:36,Valoura,LOCAL-171313,0.0,0,0,0.0,3,1.45,47.15,439,207,Vila Pouca de Aguiar,Vila Real,Norte
2019-12-03 11:13:36,Vila Pouca de Aguiar,LOCAL-171314,0.0,0,37,2.06,21,1.17,52.62,3411,1795,Vila Pouca de Aguiar,Vila Real,Norte
2019-12-03 11:13:36,Vreia de Bornes,LOCAL-171315,0.0,0,9,2.8,13,4.04,44.05,731,322,Vila Pouca de Aguiar,Vila Real,Norte
2019-12-03 11:13:36,Vreia de Jales,LOCAL-171316,0.0,0,10,2.12,12,2.54,43.83,1077,472,Vila Pouca de Aguiar,Vila Real,Norte
2019-12-03 11:13:36,Sabroso de Aguiar,LOCAL-171317,0.0,0,14,4.26,8,2.43,43.93,749,329,Vila Pouca de Aguiar,Vila Real,Norte
2019-12-03 11:13:36,Alvão,LOCAL-171319,0.0,0,9,1.75,10,1.95,39.57,1299,514,Vila Pouca de Aguiar,Vila Real,Norte
2019-12-03 11:13:36,Pensalvos e Parada de Monteiros,LOCAL-171320,0.0,0,1,0.51,6,3.03,41.16,481,198,Vila Pouca de Aguiar,Vila Real,Norte
2019-12-03 11:13:36,Abaças,LOCAL-171401,0.0,0,4,0.83,12,2.5,41.31,1162,480,Vila Real,Vila Real,Norte
2019-12-03 11:13:36,Andrães,LOCAL-171403,0.0,0,8,1.02,21,2.69,49.06,1594,782,Vila Real,Vila Real,Norte
2019-12-03 11:13:36,Arroios,LOCAL-171404,0.0,0,17,2.54,17,2.54,61.91,1079,668,Vila Real,Vila Real,Norte
2019-12-03 11:13:36,Campeã,LOCAL-171406,0.0,0,12,1.56,11,1.43,45.25,1695,767,Vila Real,Vila Real,Norte
2019-12-03 11:13:36,Folhadela,LOCAL-171409,0.0,0,44,3.82,26,2.26,57.17,2015,1152,Vila Real,Vila Real,Norte
2019-12-03 11:13:36,Guiães,LOCAL-171410,0.0,0,3,1.6,3,1.6,29.64,631,187,Vila Real,Vila Real,Norte
2019-12-03 11:13:36,Lordelo,LOCAL-171414,0.0,0,42,2.98,42,2.98,52.57,2684,1411,Vila Real,Vila Real,Norte
2019-12-03 11:13:36,Mateus,LOCAL-171415,0.0,0,41,2.25,31,1.7,60.64,3011,1826,Vila Real,Vila Real,Norte
2019-12-03 11:13:36,Mondrões,LOCAL-171416,0.0,0,16,2.91,15,2.73,55.84,985,550,Vila Real,Vila Real,Norte
2019-12-03 11:13:36,Parada de Cunhos,LOCAL-171420,0.0,0,20,2.12,25,2.65,56.24,1675,942,Vila Real,Vila Real,Norte
2019-12-03 11:13:36,Torgueda,LOCAL-171426,0.0,0,20,2.49,19,2.37,49.84,1609,802,Vila Real,Vila Real,Norte
2019-12-03 11:13:36,Vila Marim,LOCAL-171429,0.0,0,21,2.29,22,2.4,51.66,1777,918,Vila Real,Vila Real,Norte
2019-12-03 11:13:36,Adoufe e Vilarinho de Samardã,LOCAL-171431,0.0,0,24,1.72,30,2.15,48.2,2894,1395,Vila Real,Vila Real,Norte
2019-12-03 11:13:36,Borbela e Lamas de Olo,LOCAL-171432,0.0,0,43,3.08,28,2.01,51.8,2693,1395,Vila Real,Vila Real,Norte
2019-12-03 11:13:36,Constantim e Vale de Nogueiras,LOCAL-171433,0.0,0,45,4.71,27,2.83,50.34,1897,955,Vila Real,Vila Real,Norte
2019-12-03 11:13:36,Mouçós e Lamares,LOCAL-171434,0.0,0,57,3.13,43,2.36,51.87,3511,1821,Vila Real,Vila Real,Norte
2019-12-03 11:13:36,Nogueira e Ermida,LOCAL-171435,0.0,0,5,1.14,10,2.28,45.82,956,438,Vila Real,Vila Real,Norte
2019-12-03 11:13:36,"Pena, Quintã e Vila Cova",LOCAL-171436,0.0,0,8,1.67,8,1.67,49.79,960,478,Vila Real,Vila Real,Norte
2019-12-03 11:13:36,São Tomé do Castelo e Justes,LOCAL-171437,0.0,0,20,3.07,19,2.91,45.03,1448,652,Vila Real,Vila Real,Norte
2019-12-03 11:13:36,Vila Real,LOCAL-171438,0.0,0,219,2.33,166,1.77,58.64,16030,9400,Vila Real,Vila Real,Norte
2019-12-03 11:13:36,Aldeias,LOCAL-180101,0.0,0,2,1.1,9,4.97,54.35,333,181,Armamar,Viseu,Centro
2019-12-03 11:13:36,Cimbres,LOCAL-180104,0.0,0,5,4.63,4,3.7,42.02,257,108,Armamar,Viseu,Centro
2019-12-03 11:13:36,Folgosa,LOCAL-180106,0.0,0,4,2.07,3,1.55,47.54,406,193,Armamar,Viseu,Centro
2019-12-03 11:13:36,Fontelo,LOCAL-180107,0.0,0,3,0.98,4,1.31,51.6,593,306,Armamar,Viseu,Centro
2019-12-03 11:13:36,Queimada,LOCAL-180109,0.0,0,0,0.0,6,5.0,46.88,256,120,Armamar,Viseu,Centro
2019-12-03 11:13:36,Queimadela,LOCAL-180110,0.0,0,2,1.3,2,1.3,64.44,239,154,Armamar,Viseu,Centro
2019-12-03 11:13:36,Santa Cruz,LOCAL-180111,0.0,0,0,0.0,2,2.63,45.51,167,76,Armamar,Viseu,Centro
2019-12-03 11:13:36,São Cosmado,LOCAL-180114,0.0,0,5,2.02,7,2.83,36.76,672,247,Armamar,Viseu,Centro
2019-12-03 11:13:36,São Martinho das Chãs,LOCAL-180115,0.0,0,4,1.71,4,1.71,41.79,560,234,Armamar,Viseu,Centro
2019-12-03 11:13:36,Vacalar,LOCAL-180118,0.0,0,0,0.0,4,4.12,50.52,192,97,Armamar,Viseu,Centro
2019-12-03 11:13:36,Armamar,LOCAL-180120,0.0,0,17,2.32,28,3.81,54.29,1352,734,Armamar,Viseu,Centro
2019-12-03 11:13:36,Aricera e Goujoim,LOCAL-180121,0.0,0,1,0.89,1,0.89,56.57,198,112,Armamar,Viseu,Centro
2019-12-03 11:13:36,São Romão e Santiago,LOCAL-180122,0.0,0,0,0.0,1,0.72,46.96,296,139,Armamar,Viseu,Centro
2019-12-03 11:13:36,Vila Seca e Santo Adrião,LOCAL-180123,0.0,0,5,2.48,3,1.49,48.1,420,202,Armamar,Viseu,Centro
2019-12-03 11:13:36,Beijós,LOCAL-180201,0.0,0,13,2.91,9,2.02,50.06,891,446,Carregal do Sal,Viseu,Centro
2019-12-03 11:13:36,Cabanas de Viriato,LOCAL-180202,0.0,0,16,2.29,20,2.87,49.09,1422,698,Carregal do Sal,Viseu,Centro
2019-12-03 11:13:36,Oliveira do Conde,LOCAL-180204,0.0,0,40,2.88,34,2.45,49.06,2833,1390,Carregal do Sal,Viseu,Centro
2019-12-03 11:13:36,Parada,LOCAL-180206,0.0,0,9,2.54,5,1.41,42.67,832,355,Carregal do Sal,Viseu,Centro
2019-12-03 11:13:36,Carregal do Sal,LOCAL-180208,0.0,0,50,3.42,34,2.33,46.24,3162,1462,Carregal do Sal,Viseu,Centro
2019-12-03 11:13:36,Almofala,LOCAL-180301,0.0,0,7,5.38,1,0.77,50.58,257,130,Castro Daire,Viseu,Centro
2019-12-03 11:13:36,Cabril,LOCAL-180303,0.0,0,3,1.48,3,1.48,56.23,361,203,Castro Daire,Viseu,Centro
2019-12-03 11:13:36,Castro Daire,LOCAL-180304,0.0,0,81,3.82,33,1.56,49.67,4272,2122,Castro Daire,Viseu,Centro
2019-12-03 11:13:36,Cujó,LOCAL-180305,0.0,0,6,3.49,3,1.74,53.92,319,172,Castro Daire,Viseu,Centro
2019-12-03 11:13:36,Gosende,LOCAL-180309,0.0,0,10,5.13,4,2.05,53.42,365,195,Castro Daire,Viseu,Centro
2019-12-03 11:13:36,Mões,LOCAL-180312,0.0,0,26,3.22,13,1.61,44.32,1823,808,Castro Daire,Viseu,Centro
2019-12-03 11:13:36,Moledo,LOCAL-180313,0.0,0,5,1.04,20,4.14,37.07,1303,483,Castro Daire,Viseu,Centro
2019-12-03 11:13:36,Monteiras,LOCAL-180314,0.0,0,5,2.26,3,1.36,47.12,469,221,Castro Daire,Viseu,Centro
2019-12-03 11:13:36,Pepim,LOCAL-180317,0.0,0,2,1.33,3,2.0,50.51,297,150,Castro Daire,Viseu,Centro
2019-12-03 11:13:36,Pinheiro,LOCAL-180319,0.0,0,10,3.13,5,1.56,43.9,729,320,Castro Daire,Viseu,Centro
2019-12-03 11:13:36,São Joaninho,LOCAL-180322,0.0,0,6,3.47,3,1.73,50.44,343,173,Castro Daire,Viseu,Centro
2019-12-03 11:13:36,"Mamouros, Alva e Ribolhos",LOCAL-180323,0.0,0,16,2.5,16,2.5,49.08,1302,639,Castro Daire,Viseu,Centro
2019-12-03 11:13:36,Mezio e Moura Morta,LOCAL-180324,0.0,0,17,6.42,7,2.64,51.66,513,265,Castro Daire,Viseu,Centro
2019-12-03 11:13:36,Parada de Ester e Ester,LOCAL-180325,0.0,0,4,1.04,4,1.04,47.94,801,384,Castro Daire,Viseu,Centro
2019-12-03 11:13:36,Picão e Ermida,LOCAL-180326,0.0,0,6,2.3,5,1.92,50.39,518,261,Castro Daire,Viseu,Centro
2019-12-03 11:13:36,Reriz e Gafanhão,LOCAL-180327,0.0,0,10,2.63,10,2.63,51.77,734,380,Castro Daire,Viseu,Centro
2019-12-03 11:13:36,Cinfães,LOCAL-180403,0.0,0,23,1.69,24,1.76,48.11,2829,1361,Cinfães,Viseu,Centro
2019-12-03 11:13:36,Espadanedo,LOCAL-180404,0.0,0,15,2.83,16,3.02,50.0,1060,530,Cinfães,Viseu,Centro
2019-12-03 11:13:36,Ferreiros de Tendais,LOCAL-180405,0.0,0,2,0.71,7,2.48,50.81,555,282,Cinfães,Viseu,Centro
2019-12-03 11:13:36,Fornelos,LOCAL-180406,0.0,0,14,4.32,19,5.86,61.48,527,324,Cinfães,Viseu,Centro
2019-12-03 11:13:36,Moimenta,LOCAL-180408,0.0,0,2,0.93,11,5.12,60.06,358,215,Cinfães,Viseu,Centro
2019-12-03 11:13:36,Nespereira,LOCAL-180409,0.0,0,10,1.18,20,2.36,50.69,1675,849,Cinfães,Viseu,Centro
2019-12-03 11:13:36,Oliveira do Douro,LOCAL-180410,0.0,0,8,1.39,12,2.09,46.48,1237,575,Cinfães,Viseu,Centro
2019-12-03 11:13:36,Santiago de Piães,LOCAL-180412,0.0,0,9,1.5,19,3.17,40.39,1483,599,Cinfães,Viseu,Centro
2019-12-03 11:13:36,São Cristóvão de Nogueira,LOCAL-180413,0.0,0,13,1.89,13,1.89,44.7,1539,688,Cinfães,Viseu,Centro
2019-12-03 11:13:36,Souselo,LOCAL-180414,0.0,0,24,2.18,12,1.09,42.75,2571,1099,Cinfães,Viseu,Centro
2019-12-03 11:13:36,Tarouquela,LOCAL-180415,0.0,0,12,2.53,5,1.05,48.08,988,475,Cinfães,Viseu,Centro
2019-12-03 11:13:36,Tendais,LOCAL-180416,0.0,0,6,1.53,4,1.02,62.58,628,393,Cinfães,Viseu,Centro
2019-12-03 11:13:36,Travanca,LOCAL-180417,0.0,0,6,1.48,6,1.48,58.78,689,405,Cinfães,Viseu,Centro
2019-12-03 11:13:36,"Alhões, Bustelo, Gralheira e Ramires",LOCAL-180418,0.0,0,6,1.73,7,2.02,63.25,547,346,Cinfães,Viseu,Centro
2019-12-03 11:13:36,Avões,LOCAL-180502,0.0,0,5,1.81,3,1.08,54.21,511,277,Lamego,Viseu,Centro
2019-12-03 11:13:36,Britiande,LOCAL-180504,0.0,0,6,1.3,4,0.87,54.56,845,461,Lamego,Viseu,Centro
2019-12-03 11:13:36,Cambres,LOCAL-180505,0.0,0,7,1.09,6,0.93,37.84,1702,644,Lamego,Viseu,Centro
2019-12-03 11:13:36,Ferreirim,LOCAL-180507,0.0,0,9,1.94,12,2.58,52.6,884,465,Lamego,Viseu,Centro
2019-12-03 11:13:36,Ferreiros de Avões,LOCAL-180508,0.0,0,1,0.43,5,2.16,57.0,407,232,Lamego,Viseu,Centro
2019-12-03 11:13:36,Figueira,LOCAL-180509,0.0,0,2,1.48,6,4.44,39.71,340,135,Lamego,Viseu,Centro
2019-12-03 11:13:36,Lalim,LOCAL-180510,0.0,0,4,1.06,8,2.12,53.55,704,377,Lamego,Viseu,Centro
2019-12-03 11:13:36,Lazarim,LOCAL-180511,0.0,0,3,1.14,6,2.27,58.41,452,264,Lamego,Viseu,Centro
2019-12-03 11:13:36,Penajóia,LOCAL-180516,0.0,0,11,2.9,7,1.85,43.02,881,379,Lamego,Viseu,Centro
2019-12-03 11:13:36,Penude,LOCAL-180517,0.0,0,9,1.29,16,2.3,49.43,1410,697,Lamego,Viseu,Centro
2019-12-03 11:13:36,Samodães,LOCAL-180519,0.0,0,0,0.0,3,3.7,51.59,157,81,Lamego,Viseu,Centro
2019-12-03 11:13:36,Sande,LOCAL-180520,0.0,0,6,1.55,6,1.55,49.17,787,387,Lamego,Viseu,Centro
2019-12-03 11:13:36,Várzea de Abrunhais,LOCAL-180523,0.0,0,0,0.0,3,1.46,56.79,361,205,Lamego,Viseu,Centro
2019-12-03 11:13:36,Vila Nova de Souto d'El-Rei,LOCAL-180524,0.0,0,6,1.54,15,3.86,57.04,682,389,Lamego,Viseu,Centro
2019-12-03 11:13:36,Lamego (Almacave e Sé),LOCAL-180525,0.0,0,76,1.26,108,1.78,53.37,11339,6052,Lamego,Viseu,Centro
2019-12-03 11:13:36,"Bigorne, Magueija e Pretarouca",LOCAL-180526,0.0,0,9,2.43,6,1.62,54.73,676,370,Lamego,Viseu,Centro
2019-12-03 11:13:36,"Cepões, Meijinhos e Melcões",LOCAL-180527,0.0,0,4,0.71,10,1.78,56.78,988,561,Lamego,Viseu,Centro
2019-12-03 11:13:36,Parada do Bispo e Valdigem,LOCAL-180528,0.0,0,12,2.6,9,1.95,46.39,996,462,Lamego,Viseu,Centro
2019-12-03 11:13:36,Abrunhosa-a-Velha,LOCAL-180601,0.0,0,3,1.23,2,0.82,52.36,466,244,Mangualde,Viseu,Centro
2019-12-03 11:13:36,Alcafache,LOCAL-180602,0.0,0,12,2.91,9,2.18,51.24,806,413,Mangualde,Viseu,Centro
2019-12-03 11:13:36,Cunha Baixa,LOCAL-180605,0.0,0,7,1.52,8,1.73,51.79,892,462,Mangualde,Viseu,Centro
2019-12-03 11:13:36,Espinho,LOCAL-180606,0.0,0,16,3.83,11,2.63,43.45,962,418,Mangualde,Viseu,Centro
2019-12-03 11:13:36,Fornos de Maceira Dão,LOCAL-180607,0.0,0,23,3.25,9,1.27,51.64,1371,708,Mangualde,Viseu,Centro
2019-12-03 11:13:36,Freixiosa,LOCAL-180608,0.0,0,4,3.36,0,0.0,45.08,264,119,Mangualde,Viseu,Centro
2019-12-03 11:13:36,Quintela de Azurara,LOCAL-180614,0.0,0,11,3.87,4,1.41,58.32,487,284,Mangualde,Viseu,Centro
2019-12-03 11:13:36,São João da Fresta,LOCAL-180616,0.0,0,1,0.95,6,5.71,53.85,195,105,Mangualde,Viseu,Centro
2019-12-03 11:13:36,"Mangualde, Mesquitela e Cunha Alta",LOCAL-180619,0.0,0,165,3.51,110,2.34,50.27,9350,4700,Mangualde,Viseu,Centro
2019-12-03 11:13:36,Moimenta de Maceira Dão e Lobelhe do Mato,LOCAL-180620,0.0,0,14,3.21,10,2.29,51.97,839,436,Mangualde,Viseu,Centro
2019-12-03 11:13:36,Santiago de Cassurrães e Póvoa de Cervães,LOCAL-180621,0.0,0,23,3.7,21,3.38,51.45,1207,621,Mangualde,Viseu,Centro
2019-12-03 11:13:36,"Tavares (Chãs, Várzea e Travanca)",LOCAL-180622,0.0,0,16,2.68,17,2.84,46.25,1293,598,Mangualde,Viseu,Centro
2019-12-03 11:13:36,Alvite,LOCAL-180702,0.0,0,12,2.55,5,1.06,37.98,1240,471,Moimenta da Beira,Viseu,Centro
2019-12-03 11:13:36,Arcozelos,LOCAL-180703,0.0,0,20,7.46,3,1.12,47.6,563,268,Moimenta da Beira,Viseu,Centro
2019-12-03 11:13:36,Baldos,LOCAL-180705,0.0,0,3,3.26,4,4.35,46.94,196,92,Moimenta da Beira,Viseu,Centro
2019-12-03 11:13:36,Cabaços,LOCAL-180706,0.0,0,5,3.42,2,1.37,41.6,351,146,Moimenta da Beira,Viseu,Centro
2019-12-03 11:13:36,Caria,LOCAL-180707,0.0,0,4,1.88,4,1.88,40.34,528,213,Moimenta da Beira,Viseu,Centro
2019-12-03 11:13:36,Castelo,LOCAL-180708,0.0,0,1,1.0,3,3.0,33.9,295,100,Moimenta da Beira,Viseu,Centro
2019-12-03 11:13:36,Leomil,LOCAL-180709,0.0,0,15,3.16,7,1.48,49.48,958,474,Moimenta da Beira,Viseu,Centro
2019-12-03 11:13:36,Moimenta da Beira,LOCAL-180710,0.0,0,36,2.87,23,1.84,44.06,2844,1253,Moimenta da Beira,Viseu,Centro
2019-12-03 11:13:36,Passô,LOCAL-180713,0.0,0,2,1.12,3,1.68,53.59,334,179,Moimenta da Beira,Viseu,Centro
2019-12-03 11:13:36,Vila da Rua,LOCAL-180716,0.0,0,13,4.32,5,1.66,49.51,608,301,Moimenta da Beira,Viseu,Centro
2019-12-03 11:13:36,Sarzedo,LOCAL-180717,0.0,0,3,4.92,1,1.64,40.94,149,61,Moimenta da Beira,Viseu,Centro
2019-12-03 11:13:36,Sever,LOCAL-180719,0.0,0,2,0.82,8,3.28,48.9,499,244,Moimenta da Beira,Viseu,Centro
2019-12-03 11:13:36,Vilar,LOCAL-180720,0.0,0,2,1.26,4,2.52,38.41,414,159,Moimenta da Beira,Viseu,Centro
2019-12-03 11:13:36,Paradinha e Nagosa,LOCAL-180721,0.0,0,5,4.03,4,3.23,52.1,238,124,Moimenta da Beira,Viseu,Centro
2019-12-03 11:13:36,"Pêra Velha, Aldeia de Nacomba e Ariz",LOCAL-180722,0.0,0,5,2.04,5,2.04,44.63,549,245,Moimenta da Beira,Viseu,Centro
2019-12-03 11:13:36,Peva e Segões,LOCAL-180723,0.0,0,7,2.38,5,1.7,47.12,624,294,Moimenta da Beira,Viseu,Centro
2019-12-03 11:13:36,Cercosa,LOCAL-180802,0.0,0,7,4.38,4,2.5,55.56,288,160,Mortágua,Viseu,Centro
2019-12-03 11:13:36,Espinho,LOCAL-180804,0.0,0,17,3.52,9,1.86,44.89,1076,483,Mortágua,Viseu,Centro
2019-12-03 11:13:36,Marmeleira,LOCAL-180805,0.0,0,8,3.67,3,1.38,50.0,436,218,Mortágua,Viseu,Centro
2019-12-03 11:13:36,Pala,LOCAL-180807,0.0,0,30,7.46,9,2.24,43.84,917,402,Mortágua,Viseu,Centro
2019-12-03 11:13:36,Sobral,LOCAL-180808,0.0,0,59,5.74,13,1.26,49.81,2064,1028,Mortágua,Viseu,Centro
2019-12-03 11:13:36,Trezói,LOCAL-180809,0.0,0,8,4.4,1,0.55,49.32,369,182,Mortágua,Viseu,Centro
2019-12-03 11:13:36,"Mortágua, Vale de Remígio, Cortegaça e Almaça",LOCAL-180811,0.0,0,120,6.3,19,1.0,54.32,3505,1904,Mortágua,Viseu,Centro
2019-12-03 11:13:36,Canas de Senhorim,LOCAL-180901,0.0,0,45,2.78,50,3.08,51.77,3131,1621,Nelas,Viseu,Centro
2019-12-03 11:13:36,Nelas,LOCAL-180903,0.0,0,69,3.42,37,1.83,47.46,4252,2018,Nelas,Viseu,Centro
2019-12-03 11:13:36,Senhorim,LOCAL-180905,0.0,0,13,2.64,10,2.03,43.13,1143,493,Nelas,Viseu,Centro
2019-12-03 11:13:36,Vilar Seco,LOCAL-180906,0.0,0,3,0.85,7,1.99,53.75,653,351,Nelas,Viseu,Centro
2019-12-03 11:13:36,Lapa do Lobo,LOCAL-180908,0.0,0,10,2.8,8,2.24,50.85,702,357,Nelas,Viseu,Centro
2019-12-03 11:13:36,Carvalhal Redondo e Aguieira,LOCAL-180910,0.0,0,24,3.55,7,1.04,48.25,1401,676,Nelas,Viseu,Centro
2019-12-03 11:13:36,Santar e Moreira,LOCAL-180911,0.0,0,26,3.51,16,2.16,48.24,1534,740,Nelas,Viseu,Centro
2019-12-03 11:13:36,Arcozelo das Maias,LOCAL-181002,0.0,0,20,3.13,17,2.66,50.68,1259,638,Oliveira de Frades,Viseu,Centro
2019-12-03 11:13:36,Pinheiro,LOCAL-181005,0.0,0,24,4.12,13,2.23,53.49,1088,582,Oliveira de Frades,Viseu,Centro
2019-12-03 11:13:36,Ribeiradio,LOCAL-181007,0.0,0,10,2.03,10,2.03,58.99,834,492,Oliveira de Frades,Viseu,Centro
2019-12-03 11:13:36,São João da Serra,LOCAL-181008,0.0,0,10,3.85,4,1.54,55.08,472,260,Oliveira de Frades,Viseu,Centro
2019-12-03 11:13:36,São Vicente de Lafões,LOCAL-181009,0.0,0,9,2.33,11,2.85,57.02,677,386,Oliveira de Frades,Viseu,Centro
2019-12-03 11:13:36,Arca e Varzielas,LOCAL-181013,0.0,0,13,3.61,4,1.11,57.78,623,360,Oliveira de Frades,Viseu,Centro
2019-12-03 11:13:36,Destriz e Reigoso,LOCAL-181014,0.0,0,8,2.23,8,2.23,61.94,578,358,Oliveira de Frades,Viseu,Centro
2019-12-03 11:13:36,"Oliveira de Frades, Souto de Lafões e Sejães",LOCAL-181015,0.0,0,77,4.18,44,2.39,54.89,3352,1840,Oliveira de Frades,Viseu,Centro
2019-12-03 11:13:36,Castelo de Penalva,LOCAL-181102,0.0,0,8,2.08,11,2.86,43.05,892,384,Penalva do Castelo,Viseu,Centro
2019-12-03 11:13:36,Esmolfe,LOCAL-181103,0.0,0,10,4.05,5,2.02,53.46,462,247,Penalva do Castelo,Viseu,Centro
2019-12-03 11:13:36,Germil,LOCAL-181104,0.0,0,11,4.93,5,2.24,58.99,378,223,Penalva do Castelo,Viseu,Centro
2019-12-03 11:13:36,Ínsua,LOCAL-181105,0.0,0,34,3.28,18,1.74,53.9,1924,1037,Penalva do Castelo,Viseu,Centro
2019-12-03 11:13:36,Lusinde,LOCAL-181106,0.0,0,3,2.56,1,0.85,53.42,219,117,Penalva do Castelo,Viseu,Centro
2019-12-03 11:13:36,Pindo,LOCAL-181109,0.0,0,21,2.43,20,2.31,49.91,1733,865,Penalva do Castelo,Viseu,Centro
2019-12-03 11:13:36,Real,LOCAL-181110,0.0,0,2,1.64,5,4.1,50.21,243,122,Penalva do Castelo,Viseu,Centro
2019-12-03 11:13:36,Sezures,LOCAL-181111,0.0,0,10,3.13,5,1.57,42.2,756,319,Penalva do Castelo,Viseu,Centro
2019-12-03 11:13:36,Trancozelos,LOCAL-181112,0.0,0,1,0.68,10,6.85,54.68,267,146,Penalva do Castelo,Viseu,Centro
2019-12-03 11:13:36,Antas e Matela,LOCAL-181114,0.0,0,4,1.6,4,1.6,56.56,442,250,Penalva do Castelo,Viseu,Centro
2019-12-03 11:13:36,Vila Cova do Covelo/Mareco,LOCAL-181115,0.0,0,2,1.14,1,0.57,51.93,337,175,Penalva do Castelo,Viseu,Centro
2019-12-03 11:13:36,Beselga,LOCAL-181202,0.0,0,2,1.28,5,3.21,49.21,317,156,Penedono,Viseu,Centro
2019-12-03 11:13:36,Castainço,LOCAL-181203,0.0,0,1,1.18,2,2.35,54.49,156,85,Penedono,Viseu,Centro
2019-12-03 11:13:36,Penela da Beira,LOCAL-181207,0.0,0,0,0.0,4,2.52,46.49,342,159,Penedono,Viseu,Centro
2019-12-03 11:13:36,Póvoa de Penela,LOCAL-181208,0.0,0,6,4.32,4,2.88,41.62,334,139,Penedono,Viseu,Centro
2019-12-03 11:13:36,Souto,LOCAL-181209,0.0,0,1,0.61,6,3.68,58.63,278,163,Penedono,Viseu,Centro
2019-12-03 11:13:36,Antas e Ourozinho,LOCAL-181210,0.0,0,4,2.65,8,5.3,36.3,416,151,Penedono,Viseu,Centro
2019-12-03 11:13:36,Penedono e Granja,LOCAL-181211,0.0,0,18,3.59,12,2.39,43.39,1157,502,Penedono,Viseu,Centro
2019-12-03 11:13:36,Barrô,LOCAL-181302,0.0,0,4,1.41,13,4.58,36.65,775,284,Resende,Viseu,Centro
2019-12-03 11:13:36,Cárquere,LOCAL-181303,0.0,0,5,1.24,7,1.74,55.59,725,403,Resende,Viseu,Centro
2019-12-03 11:13:36,Paus,LOCAL-181310,0.0,0,6,2.4,3,1.2,54.11,462,250,Resende,Viseu,Centro
2019-12-03 11:13:36,Resende,LOCAL-181311,0.0,0,26,1.75,27,1.82,51.26,2901,1487,Resende,Viseu,Centro
2019-12-03 11:13:36,São Cipriano,LOCAL-181312,0.0,0,3,0.74,7,1.73,61.18,662,405,Resende,Viseu,Centro
2019-12-03 11:13:36,São João de Fontoura,LOCAL-181313,0.0,0,3,1.03,5,1.72,39.67,731,290,Resende,Viseu,Centro
2019-12-03 11:13:36,São Martinho de Mouros,LOCAL-181314,0.0,0,10,1.69,13,2.2,37.55,1574,591,Resende,Viseu,Centro
2019-12-03 11:13:36,Anreade e São Romão de Aregos,LOCAL-181316,0.0,0,18,2.22,17,2.1,65.51,1238,811,Resende,Viseu,Centro
2019-12-03 11:13:36,Felgueiras e Feirão,LOCAL-181317,0.0,0,8,3.46,7,3.03,63.99,361,231,Resende,Viseu,Centro
2019-12-03 11:13:36,Freigil e Miomães,LOCAL-181318,0.0,0,5,1.21,4,0.97,64.58,638,412,Resende,Viseu,Centro
2019-12-03 11:13:36,Ovadas e Panchorra,LOCAL-181319,0.0,0,6,2.8,5,2.34,66.05,324,214,Resende,Viseu,Centro
2019-12-03 11:13:36,Pinheiro de Ázere,LOCAL-181403,0.0,0,19,4.04,11,2.34,57.74,814,470,Santa Comba Dão,Viseu,Centro
2019-12-03 11:13:36,São Joaninho,LOCAL-181405,0.0,0,18,3.45,14,2.68,52.62,992,522,Santa Comba Dão,Viseu,Centro
2019-12-03 11:13:36,São João de Areias,LOCAL-181406,0.0,0,16,1.89,28,3.3,46.29,1832,848,Santa Comba Dão,Viseu,Centro
2019-12-03 11:13:36,Ovoa e Vimieiro,LOCAL-181410,0.0,0,18,2.42,17,2.29,49.01,1516,743,Santa Comba Dão,Viseu,Centro
2019-12-03 11:13:36,Santa Comba Dão e Couto do Mosteiro,LOCAL-181411,0.0,0,88,4.28,64,3.12,50.06,4103,2054,Santa Comba Dão,Viseu,Centro
2019-12-03 11:13:36,Treixedo e Nagozela,LOCAL-181412,0.0,0,27,4.13,18,2.76,51.3,1273,653,Santa Comba Dão,Viseu,Centro
2019-12-03 11:13:36,Castanheiro do Sul,LOCAL-181501,0.0,0,2,0.97,6,2.9,54.05,383,207,São João da Pesqueira,Viseu,Centro
2019-12-03 11:13:36,Ervedosa do Douro,LOCAL-181502,0.0,0,13,3.06,6,1.41,39.28,1082,425,São João da Pesqueira,Viseu,Centro
2019-12-03 11:13:36,Nagozelo do Douro,LOCAL-181504,0.0,0,7,3.68,3,1.58,53.98,352,190,São João da Pesqueira,Viseu,Centro
2019-12-03 11:13:36,Paredes da Beira,LOCAL-181505,0.0,0,3,1.15,5,1.92,48.69,536,261,São João da Pesqueira,Viseu,Centro
2019-12-03 11:13:36,Riodades,LOCAL-181507,0.0,0,4,1.86,5,2.33,45.65,471,215,São João da Pesqueira,Viseu,Centro
2019-12-03 11:13:36,Soutelo do Douro,LOCAL-181509,0.0,0,1,0.42,3,1.26,62.63,380,238,São João da Pesqueira,Viseu,Centro
2019-12-03 11:13:36,Vale de Figueira,LOCAL-181511,0.0,0,2,1.36,4,2.72,37.12,396,147,São João da Pesqueira,Viseu,Centro
2019-12-03 11:13:36,Valongo dos Azeites,LOCAL-181512,0.0,0,0,0.0,1,0.88,51.36,220,113,São João da Pesqueira,Viseu,Centro
2019-12-03 11:13:36,São João da Pesqueira e Várzea de Trevões,LOCAL-181515,0.0,0,12,1.23,15,1.53,48.92,1999,978,São João da Pesqueira,Viseu,Centro
2019-12-03 11:13:36,Trevões e Espinhosa,LOCAL-181516,0.0,0,3,1.02,17,5.8,50.26,583,293,São João da Pesqueira,Viseu,Centro
2019-12-03 11:13:36,Vilarouco e Pereiros,LOCAL-181517,0.0,0,2,0.96,6,2.87,52.91,395,209,São João da Pesqueira,Viseu,Centro
2019-12-03 11:13:36,Bordonhos,LOCAL-181602,0.0,0,9,3.08,5,1.71,61.09,478,292,São Pedro do Sul,Viseu,Centro
2019-12-03 11:13:36,Figueiredo de Alva,LOCAL-181606,0.0,0,23,5.13,12,2.68,57.51,779,448,São Pedro do Sul,Viseu,Centro
2019-12-03 11:13:36,Manhouce,LOCAL-181607,0.0,0,8,2.8,4,1.4,44.07,649,286,São Pedro do Sul,Viseu,Centro
2019-12-03 11:13:36,Pindelo dos Milagres,LOCAL-181608,0.0,0,5,1.48,8,2.37,48.63,695,338,São Pedro do Sul,Viseu,Centro
2019-12-03 11:13:36,Pinho,LOCAL-181609,0.0,0,11,2.67,11,2.67,57.3,719,412,São Pedro do Sul,Viseu,Centro
2019-12-03 11:13:36,São Félix,LOCAL-181612,0.0,0,9,4.19,1,0.47,58.11,370,215,São Pedro do Sul,Viseu,Centro
2019-12-03 11:13:36,Serrazes,LOCAL-181615,0.0,0,10,2.06,11,2.26,51.87,937,486,São Pedro do Sul,Viseu,Centro
2019-12-03 11:13:36,Sul,LOCAL-181616,0.0,0,5,0.97,9,1.75,54.34,944,513,São Pedro do Sul,Viseu,Centro
2019-12-03 11:13:36,Valadares,LOCAL-181617,0.0,0,12,3.04,8,2.03,54.26,728,395,São Pedro do Sul,Viseu,Centro
2019-12-03 11:13:36,Vila Maior,LOCAL-181619,0.0,0,21,3.9,17,3.16,63.97,841,538,São Pedro do Sul,Viseu,Centro
2019-12-03 11:13:36,Carvalhais e Candal,LOCAL-181620,0.0,0,18,2.52,19,2.66,49.9,1429,713,São Pedro do Sul,Viseu,Centro
2019-12-03 11:13:36,Santa Cruz da Trapa e São Cristóvão de Lafões,LOCAL-181621,0.0,0,27,3.82,26,3.68,50.64,1396,707,São Pedro do Sul,Viseu,Centro
2019-12-03 11:13:36,São Martinho das Moitas e Covas do Rio,LOCAL-181622,0.0,0,2,1.25,5,3.13,53.69,298,160,São Pedro do Sul,Viseu,Centro
2019-12-03 11:13:36,"São Pedro do Sul, Várzea e Baiões",LOCAL-181623,0.0,0,75,2.66,59,2.09,55.69,5064,2820,São Pedro do Sul,Viseu,Centro
2019-12-03 11:13:36,Avelal,LOCAL-181702,0.0,0,2,0.86,9,3.86,53.94,432,233,Sátão,Viseu,Centro
2019-12-03 11:13:36,Ferreira de Aves,LOCAL-181704,0.0,0,11,1.04,38,3.59,38.91,2722,1059,Sátão,Viseu,Centro
2019-12-03 11:13:36,Mioma,LOCAL-181706,0.0,0,14,2.63,17,3.2,40.95,1299,532,Sátão,Viseu,Centro
2019-12-03 11:13:36,Rio de Moinhos,LOCAL-181707,0.0,0,9,1.86,10,2.07,48.79,990,483,Sátão,Viseu,Centro
2019-12-03 11:13:36,São Miguel de Vila Boa,LOCAL-181709,0.0,0,11,1.56,12,1.7,53.01,1330,705,Sátão,Viseu,Centro
2019-12-03 11:13:36,Sátão,LOCAL-181710,0.0,0,45,2.41,55,2.94,44.86,4164,1868,Sátão,Viseu,Centro
2019-12-03 11:13:36,Silvã de Cima,LOCAL-181711,0.0,0,4,1.6,10,4.0,45.37,551,250,Sátão,Viseu,Centro
2019-12-03 11:13:36,Águas Boas e Forles,LOCAL-181713,0.0,0,4,2.42,6,3.64,59.57,277,165,Sátão,Viseu,Centro
2019-12-03 11:13:36,"Romãs, Decermilo e Vila Longa",LOCAL-181714,0.0,0,14,2.46,16,2.82,35.17,1615,568,Sátão,Viseu,Centro
2019-12-03 11:13:36,Arnas,LOCAL-181801,0.0,0,1,0.77,2,1.54,53.94,241,130,Sernancelhe,Viseu,Centro
2019-12-03 11:13:36,Carregal,LOCAL-181802,0.0,0,2,0.82,3,1.22,53.03,462,245,Sernancelhe,Viseu,Centro
2019-12-03 11:13:36,Chosendo,LOCAL-181803,0.0,0,6,4.08,3,2.04,49.33,298,147,Sernancelhe,Viseu,Centro
2019-12-03 11:13:36,Cunha,LOCAL-181804,0.0,0,5,3.03,5,3.03,52.55,314,165,Sernancelhe,Viseu,Centro
2019-12-03 11:13:36,Faia,LOCAL-181806,0.0,0,4,4.26,0,0.0,60.26,156,94,Sernancelhe,Viseu,Centro
2019-12-03 11:13:36,Granjal,LOCAL-181810,0.0,0,0,0.0,2,1.35,54.61,271,148,Sernancelhe,Viseu,Centro
2019-12-03 11:13:36,Lamosa,LOCAL-181811,0.0,0,5,4.42,0,0.0,67.26,168,113,Sernancelhe,Viseu,Centro
2019-12-03 11:13:36,Quintela,LOCAL-181814,0.0,0,5,2.81,7,3.93,62.02,287,178,Sernancelhe,Viseu,Centro
2019-12-03 11:13:36,Vila da Ponte,LOCAL-181817,0.0,0,1,0.45,10,4.55,51.4,428,220,Sernancelhe,Viseu,Centro
2019-12-03 11:13:36,Ferreirim e Macieira,LOCAL-181818,0.0,0,14,4.01,8,2.29,62.88,555,349,Sernancelhe,Viseu,Centro
2019-12-03 11:13:36,Fonte Arcada e Escurquela,LOCAL-181819,0.0,0,3,1.28,4,1.7,68.12,345,235,Sernancelhe,Viseu,Centro
2019-12-03 11:13:36,Penso e Freixinho,LOCAL-181820,0.0,0,4,2.07,6,3.11,56.1,344,193,Sernancelhe,Viseu,Centro
2019-12-03 11:13:36,Sernancelhe e Sarzeda,LOCAL-181821,0.0,0,21,2.23,24,2.55,61.57,1530,942,Sernancelhe,Viseu,Centro
2019-12-03 11:13:36,Adorigo,LOCAL-181901,0.0,0,4,3.36,3,2.52,42.05,283,119,Tabuaço,Viseu,Centro
2019-12-03 11:13:36,Arcos,LOCAL-181902,0.0,0,0,0.0,2,2.44,51.25,160,82,Tabuaço,Viseu,Centro
2019-12-03 11:13:36,Chavães,LOCAL-181904,0.0,0,2,1.23,2,1.23,53.09,307,163,Tabuaço,Viseu,Centro
2019-12-03 11:13:36,Desejosa,LOCAL-181905,0.0,0,0,0.0,2,3.23,45.93,135,62,Tabuaço,Viseu,Centro
2019-12-03 11:13:36,Granja do Tedo,LOCAL-181906,0.0,0,3,2.94,1,0.98,67.11,152,102,Tabuaço,Viseu,Centro
2019-12-03 11:13:36,Longa,LOCAL-181908,0.0,0,0,0.0,0,0.0,41.8,256,107,Tabuaço,Viseu,Centro
2019-12-03 11:13:36,Sendim,LOCAL-181913,0.0,0,6,1.92,3,0.96,44.7,698,312,Tabuaço,Viseu,Centro
2019-12-03 11:13:36,Tabuaço,LOCAL-181914,0.0,0,13,1.75,17,2.29,55.25,1343,742,Tabuaço,Viseu,Centro
2019-12-03 11:13:36,Valença do Douro,LOCAL-181917,0.0,0,1,0.79,3,2.38,41.58,303,126,Tabuaço,Viseu,Centro
2019-12-03 11:13:36,Barcos e Santa Leocádia,LOCAL-181918,0.0,0,4,1.26,3,0.94,55.3,575,318,Tabuaço,Viseu,Centro
2019-12-03 11:13:36,Paradela e Granjinha,LOCAL-181919,0.0,0,0,0.0,3,4.62,47.45,137,65,Tabuaço,Viseu,Centro
2019-12-03 11:13:36,Pinheiros e Vale de Figueira,LOCAL-181920,0.0,0,2,1.32,2,1.32,61.29,248,152,Tabuaço,Viseu,Centro
2019-12-03 11:13:36,Távora e Pereiro,LOCAL-181921,0.0,0,3,1.56,4,2.08,46.72,411,192,Tabuaço,Viseu,Centro
2019-12-03 11:13:36,Mondim da Beira,LOCAL-182004,0.0,0,4,1.37,6,2.05,50.52,580,293,Tarouca,Viseu,Centro
2019-12-03 11:13:36,Salzedas,LOCAL-182005,0.0,0,8,2.7,7,2.36,41.57,712,296,Tarouca,Viseu,Centro
2019-12-03 11:13:36,São João de Tarouca,LOCAL-182006,0.0,0,0,0.0,8,3.2,44.4,563,250,Tarouca,Viseu,Centro
2019-12-03 11:13:36,Várzea da Serra,LOCAL-182009,0.0,0,0,0.0,6,4.17,50.0,288,144,Tarouca,Viseu,Centro
2019-12-03 11:13:36,Gouviães e Ucanha,LOCAL-182011,0.0,0,6,1.79,7,2.09,44.73,749,335,Tarouca,Viseu,Centro
2019-12-03 11:13:36,Granja Nova e Vila Chã da Beira,LOCAL-182012,0.0,0,4,1.67,7,2.92,50.96,471,240,Tarouca,Viseu,Centro
2019-12-03 11:13:36,Tarouca e Dálvares,LOCAL-182013,0.0,0,38,2.01,37,1.96,47.45,3981,1889,Tarouca,Viseu,Centro
2019-12-03 11:13:36,Campo de Besteiros,LOCAL-182102,0.0,0,20,2.98,12,1.79,53.08,1266,672,Tondela,Viseu,Centro
2019-12-03 11:13:36,Canas de Santa Maria,LOCAL-182103,0.0,0,37,3.96,16,1.71,59.52,1571,935,Tondela,Viseu,Centro
2019-12-03 11:13:36,Castelões,LOCAL-182105,0.0,0,40,5.76,15,2.16,50.88,1364,694,Tondela,Viseu,Centro
2019-12-03 11:13:36,Dardavaz,LOCAL-182106,0.0,0,8,1.88,15,3.53,56.82,748,425,Tondela,Viseu,Centro
2019-12-03 11:13:36,Ferreirós do Dão,LOCAL-182107,0.0,0,8,3.88,5,2.43,51.76,398,206,Tondela,Viseu,Centro
2019-12-03 11:13:36,Guardão,LOCAL-182108,0.0,0,25,4.05,7,1.13,53.61,1151,617,Tondela,Viseu,Centro
2019-12-03 11:13:36,Lajeosa do Dão,LOCAL-182109,0.0,0,13,1.78,18,2.47,44.46,1642,730,Tondela,Viseu,Centro
2019-12-03 11:13:36,Lobão da Beira,LOCAL-182110,0.0,0,25,4.68,13,2.43,54.99,971,534,Tondela,Viseu,Centro
2019-12-03 11:13:36,Molelos,LOCAL-182111,0.0,0,36,3.22,16,1.43,50.22,2224,1117,Tondela,Viseu,Centro
2019-12-03 11:13:36,Parada de Gonta,LOCAL-182116,0.0,0,12,3.32,6,1.66,44.46,812,361,Tondela,Viseu,Centro
2019-12-03 11:13:36,Santiago de Besteiros,LOCAL-182118,0.0,0,18,3.08,16,2.74,53.47,1094,585,Tondela,Viseu,Centro
2019-12-03 11:13:36,Tonda,LOCAL-182122,0.0,0,34,6.92,15,3.05,54.98,893,491,Tondela,Viseu,Centro
2019-12-03 11:13:36,Barreiro de Besteiros e Tourigo,LOCAL-182127,0.0,0,37,5.2,13,1.83,55.49,1283,712,Tondela,Viseu,Centro
2019-12-03 11:13:36,Caparrosa e Silvares,LOCAL-182128,0.0,0,6,1.09,7,1.28,65.99,832,549,Tondela,Viseu,Centro
2019-12-03 11:13:36,Mouraz e Vila Nova da Rainha,LOCAL-182129,0.0,0,28,3.98,7,0.99,55.92,1259,704,Tondela,Viseu,Centro
2019-12-03 11:13:36,São João do Monte e Mosteirinho,LOCAL-182130,0.0,0,18,3.74,12,2.49,54.35,885,481,Tondela,Viseu,Centro
2019-12-03 11:13:36,São Miguel do Outeiro e Sabugosa,LOCAL-182131,0.0,0,26,3.94,19,2.88,51.4,1284,660,Tondela,Viseu,Centro
2019-12-03 11:13:36,Tondela e Nandufe,LOCAL-182132,0.0,0,123,4.62,54,2.03,57.82,4602,2661,Tondela,Viseu,Centro
2019-12-03 11:13:36,Vilar de Besteiros e Mosteiro de Fráguas,LOCAL-182133,0.0,0,43,5.44,9,1.14,62.3,1268,790,Tondela,Viseu,Centro
2019-12-03 11:13:36,Pendilhe,LOCAL-182203,0.0,0,12,4.74,0,0.0,49.32,513,253,Vila Nova de Paiva,Viseu,Centro
2019-12-03 11:13:36,Queiriga,LOCAL-182204,0.0,0,7,2.29,2,0.65,26.59,1151,306,Vila Nova de Paiva,Viseu,Centro
2019-12-03 11:13:36,Touro,LOCAL-182205,0.0,0,10,2.38,3,0.71,35.84,1172,420,Vila Nova de Paiva,Viseu,Centro
2019-12-03 11:13:36,Vila Cova à Coelheira,LOCAL-182206,0.0,0,8,2.04,5,1.28,35.09,1117,392,Vila Nova de Paiva,Viseu,Centro
2019-12-03 11:13:36,"Vila Nova de Paiva, Alhais e Fráguas",LOCAL-182208,0.0,0,36,3.65,15,1.52,41.99,2348,986,Vila Nova de Paiva,Viseu,Centro
2019-12-03 11:13:36,Abraveses,LOCAL-182301,0.0,0,121,3.0,65,1.61,52.16,7724,4029,Viseu,Viseu,Centro
2019-12-03 11:13:36,Bodiosa,LOCAL-182304,0.0,0,43,2.92,39,2.64,50.12,2943,1475,Viseu,Viseu,Centro
2019-12-03 11:13:36,Calde,LOCAL-182305,0.0,0,15,2.14,14,2.0,42.95,1632,701,Viseu,Viseu,Centro
2019-12-03 11:13:36,Campo,LOCAL-182306,0.0,0,77,3.21,53,2.21,51.0,4698,2396,Viseu,Viseu,Centro
2019-12-03 11:13:36,Cavernães,LOCAL-182307,0.0,0,23,3.22,14,1.96,53.85,1326,714,Viseu,Viseu,Centro
2019-12-03 11:13:36,Cota,LOCAL-182310,0.0,0,19,3.85,7,1.42,40.51,1217,493,Viseu,Viseu,Centro
2019-12-03 11:13:36,Fragosela,LOCAL-182315,0.0,0,32,2.44,17,1.29,55.96,2348,1314,Viseu,Viseu,Centro
2019-12-03 11:13:36,Lordosa,LOCAL-182316,0.0,0,21,2.53,22,2.65,41.81,1985,830,Viseu,Viseu,Centro
2019-12-03 11:13:36,Silgueiros,LOCAL-182317,0.0,0,38,2.54,34,2.27,46.58,3212,1496,Viseu,Viseu,Centro
2019-12-03 11:13:36,Mundão,LOCAL-182318,0.0,0,42,3.32,27,2.13,59.75,2117,1265,Viseu,Viseu,Centro
2019-12-03 11:13:36,Orgens,LOCAL-182319,0.0,0,45,2.35,40,2.09,58.03,3305,1918,Viseu,Viseu,Centro
2019-12-03 11:13:36,Povolide,LOCAL-182320,0.0,0,17,2.24,16,2.11,45.73,1662,760,Viseu,Viseu,Centro
2019-12-03 11:13:36,Ranhados,LOCAL-182321,0.0,0,102,3.88,51,1.94,57.62,4566,2631,Viseu,Viseu,Centro
2019-12-03 11:13:36,Ribafeita,LOCAL-182322,0.0,0,9,1.35,14,2.11,51.83,1283,665,Viseu,Viseu,Centro
2019-12-03 11:13:36,Rio de Loba,LOCAL-182323,0.0,0,128,2.92,91,2.07,53.18,8257,4391,Viseu,Viseu,Centro
2019-12-03 11:13:36,Santos Evos,LOCAL-182325,0.0,0,15,2.08,19,2.64,49.55,1455,721,Viseu,Viseu,Centro
2019-12-03 11:13:36,São João de Lourosa,LOCAL-182327,0.0,0,56,2.5,55,2.45,53.62,4183,2243,Viseu,Viseu,Centro
2019-12-03 11:13:36,São Pedro de France,LOCAL-182329,0.0,0,20,3.06,21,3.21,53.26,1228,654,Viseu,Viseu,Centro
2019-12-03 11:13:36,Barreiros e Cepões,LOCAL-182335,0.0,0,19,2.5,14,1.84,43.11,1763,760,Viseu,Viseu,Centro
2019-12-03 11:13:36,"Boa Aldeia, Farminhão e Torredeita",LOCAL-182336,0.0,0,31,2.4,31,2.4,55.22,2338,1291,Viseu,Viseu,Centro
2019-12-03 11:13:36,Coutos de Viseu,LOCAL-182337,0.0,0,15,1.95,18,2.34,52.45,1468,770,Viseu,Viseu,Centro
2019-12-03 11:13:36,Fail e Vila Chã de Sá,LOCAL-182338,0.0,0,40,3.33,26,2.16,49.16,2445,1202,Viseu,Viseu,Centro
2019-12-03 11:13:36,Repeses e São Salvador,LOCAL-182339,0.0,0,94,2.95,59,1.85,60.82,5235,3184,Viseu,Viseu,Centro
2019-12-03 11:13:36,São Cipriano e Vil de Souto,LOCAL-182340,0.0,0,46,4.53,27,2.66,58.39,1740,1016,Viseu,Viseu,Centro
2019-12-03 11:13:36,Viseu,LOCAL-182341,0.0,0,370,2.91,191,1.5,55.62,22879,12726,Viseu,Viseu,Centro
2019-12-03 11:13:36,Alcofra,LOCAL-182401,0.0,0,12,2.52,9,1.89,52.95,899,476,Vouzela,Viseu,Centro
2019-12-03 11:13:36,Campia,LOCAL-182403,0.0,0,33,4.41,18,2.4,55.94,1339,749,Vouzela,Viseu,Centro
2019-12-03 11:13:36,Fornelo do Monte,LOCAL-182407,0.0,0,4,2.92,2,1.46,56.38,243,137,Vouzela,Viseu,Centro
2019-12-03 11:13:36,Queirã,LOCAL-182409,0.0,0,14,1.94,17,2.36,58.39,1233,720,Vouzela,Viseu,Centro
2019-12-03 11:13:36,São Miguel do Mato,LOCAL-182410,0.0,0,21,4.38,9,1.88,56.21,854,480,Vouzela,Viseu,Centro
2019-12-03 11:13:36,Ventosa,LOCAL-182411,0.0,0,12,3.22,6,1.61,56.52,660,373,Vouzela,Viseu,Centro
2019-12-03 11:13:36,Cambra e Carvalhal de Vermilhas,LOCAL-182413,0.0,0,31,4.65,10,1.5,52.69,1264,666,Vouzela,Viseu,Centro
2019-12-03 11:13:36,Fataunços e Figueiredo das Donas,LOCAL-182414,0.0,0,20,3.64,11,2.0,56.95,964,549,Vouzela,Viseu,Centro
2019-12-03 11:13:36,Vouzela e Paços de Vilharigues,LOCAL-182415,0.0,0,45,4.36,13,1.26,62.64,1649,1033,Vouzela,Viseu,Centro
2019-12-03 11:13:36,Arco da Calheta,LOCAL-310101,0.0,0,10,0.58,32,1.86,54.77,3146,1723,Calheta,Ilha da Madeira,
2019-12-03 11:13:36,Calheta,LOCAL-310102,0.0,0,7,0.4,44,2.52,50.9,3430,1746,Calheta,Ilha da Madeira,
2019-12-03 11:13:36,Estreito da Calheta,LOCAL-310103,0.0,0,3,0.38,13,1.66,46.91,1667,782,Calheta,Ilha da Madeira,
2019-12-03 11:13:36,Fajã da Ovelha,LOCAL-310104,0.0,0,5,1.04,9,1.88,46.5,1030,479,Calheta,Ilha da Madeira,
2019-12-03 11:13:36,Jardim do Mar,LOCAL-310105,0.0,0,3,2.03,2,1.35,63.79,232,148,Calheta,Ilha da Madeira,
2019-12-03 11:13:36,Paul do Mar,LOCAL-310106,0.0,0,0,0.0,6,2.15,30.49,915,279,Calheta,Ilha da Madeira,
2019-12-03 11:13:36,Ponta do Pargo,LOCAL-310107,0.0,0,3,0.6,8,1.6,47.98,1040,499,Calheta,Ilha da Madeira,
2019-12-03 11:13:36,Prazeres,LOCAL-310108,0.0,0,1,0.26,6,1.55,48.86,790,386,Calheta,Ilha da Madeira,
2019-12-03 11:13:36,Câmara de Lobos,LOCAL-310201,0.0,0,27,0.39,103,1.5,42.75,16100,6882,Câmara de Lobos,Ilha da Madeira,
2019-12-03 11:13:36,Curral das Freiras,LOCAL-310202,0.0,0,5,0.55,21,2.3,45.45,2011,914,Câmara de Lobos,Ilha da Madeira,
2019-12-03 11:13:36,Estreito de Câmara de Lobos,LOCAL-310203,0.0,0,29,0.6,119,2.47,50.82,9476,4816,Câmara de Lobos,Ilha da Madeira,
2019-12-03 11:13:36,Quinta Grande,LOCAL-310204,0.0,0,4,0.4,18,1.79,51.62,1949,1006,Câmara de Lobos,Ilha da Madeira,
2019-12-03 11:13:36,Jardim da Serra,LOCAL-310205,0.0,0,10,0.66,32,2.11,48.6,3115,1514,Câmara de Lobos,Ilha da Madeira,
2019-12-03 11:13:36,Imaculado Coração de Maria,LOCAL-310301,0.0,0,6,0.2,30,1.01,50.28,5899,2966,Funchal,Ilha da Madeira,
2019-12-03 11:13:36,Monte,LOCAL-310302,0.0,0,17,0.57,49,1.63,50.78,5906,2999,Funchal,Ilha da Madeira,
2019-12-03 11:13:36,Funchal (Santa Luzia),LOCAL-310303,0.0,0,16,0.55,38,1.29,50.77,5781,2935,Funchal,Ilha da Madeira,
2019-12-03 11:13:36,Funchal (Santa Maria Maior),LOCAL-310304,0.0,0,32,0.48,85,1.29,52.84,12506,6608,Funchal,Ilha da Madeira,
2019-12-03 11:13:36,Santo António,LOCAL-310305,0.0,0,75,0.57,251,1.9,52.2,25350,13232,Funchal,Ilha da Madeira,
2019-12-03 11:13:36,São Gonçalo,LOCAL-310306,0.0,0,12,0.41,63,2.17,49.37,5868,2897,Funchal,Ilha da Madeira,
2019-12-03 11:13:36,São Martinho,LOCAL-310307,0.0,0,72,0.54,228,1.71,50.81,26280,13352,Funchal,Ilha da Madeira,
2019-12-03 11:13:36,Funchal (São Pedro),LOCAL-310308,0.0,0,27,0.74,63,1.73,48.86,7471,3650,Funchal,Ilha da Madeira,
2019-12-03 11:13:36,São Roque,LOCAL-310309,0.0,0,26,0.56,70,1.5,54.81,8513,4666,Funchal,Ilha da Madeira,
2019-12-03 11:13:36,Funchal (Sé),LOCAL-310310,0.0,0,9,0.64,15,1.06,44.05,3217,1417,Funchal,Ilha da Madeira,
2019-12-03 11:13:36,Água de Pena,LOCAL-310401,0.0,0,10,0.8,26,2.08,49.72,2510,1248,Machico,Ilha da Madeira,
2019-12-03 11:13:36,Caniçal,LOCAL-310402,0.0,0,10,0.58,25,1.45,45.8,3777,1730,Machico,Ilha da Madeira,
2019-12-03 11:13:36,Machico,LOCAL-310403,0.0,0,32,0.6,71,1.34,48.35,10971,5304,Machico,Ilha da Madeira,
2019-12-03 11:13:36,Porto da Cruz,LOCAL-310404,0.0,0,5,0.38,41,3.13,55.65,2356,1311,Machico,Ilha da Madeira,
2019-12-03 11:13:36,Santo António da Serra,LOCAL-310405,0.0,0,2,0.29,10,1.47,55.28,1230,680,Machico,Ilha da Madeira,
2019-12-03 11:13:36,Canhas,LOCAL-310501,0.0,0,7,0.35,34,1.72,44.85,4404,1975,Ponta do Sol,Ilha da Madeira,
2019-12-03 11:13:36,Madalena do Mar,LOCAL-310502,0.0,0,4,1.39,4,1.39,46.91,614,288,Ponta do Sol,Ilha da Madeira,
2019-12-03 11:13:36,Ponta do Sol,LOCAL-310503,0.0,0,6,0.26,52,2.21,48.08,4892,2352,Ponta do Sol,Ilha da Madeira,
2019-12-03 11:13:36,Achadas da Cruz,LOCAL-310601,0.0,0,1,0.87,2,1.74,55.02,209,115,Porto Moniz,Ilha da Madeira,
2019-12-03 11:13:36,Porto Moniz,LOCAL-310602,0.0,0,2,0.17,12,1.03,63.28,1833,1160,Porto Moniz,Ilha da Madeira,
2019-12-03 11:13:36,Ribeira da Janela,LOCAL-310603,0.0,0,3,1.95,8,5.19,52.03,296,154,Porto Moniz,Ilha da Madeira,
2019-12-03 11:13:36,Seixal,LOCAL-310604,0.0,0,2,0.43,4,0.85,65.18,718,468,Porto Moniz,Ilha da Madeira,
2019-12-03 11:13:36,Campanário,LOCAL-310701,0.0,0,12,0.55,54,2.47,48.32,4520,2184,Ribeira Brava,Ilha da Madeira,
2019-12-03 11:13:36,Ribeira Brava,LOCAL-310702,0.0,0,18,0.53,97,2.85,47.88,7106,3402,Ribeira Brava,Ilha da Madeira,
2019-12-03 11:13:36,Serra de Água,LOCAL-310703,0.0,0,2,0.35,11,1.9,51.79,1118,579,Ribeira Brava,Ilha da Madeira,
2019-12-03 11:13:36,Tabua,LOCAL-310704,0.0,0,4,0.73,10,1.83,45.16,1209,546,Ribeira Brava,Ilha da Madeira,
2019-12-03 11:13:36,Camacha,LOCAL-310802,0.0,0,33,0.9,59,1.62,57.03,6400,3650,Santa Cruz,Ilha da Madeira,
2019-12-03 11:13:36,Caniço,LOCAL-310803,0.0,0,64,0.57,211,1.88,53.45,20977,11212,Santa Cruz,Ilha da Madeira,
2019-12-03 11:13:36,Gaula,LOCAL-310804,0.0,0,11,0.53,20,0.97,53.83,3829,2061,Santa Cruz,Ilha da Madeira,
2019-12-03 11:13:36,Santa Cruz,LOCAL-310805,0.0,0,15,0.43,53,1.52,47.41,7338,3479,Santa Cruz,Ilha da Madeira,
2019-12-03 11:13:36,Santo António da Serra,LOCAL-310806,0.0,0,3,0.6,2,0.4,58.2,854,497,Santa Cruz,Ilha da Madeira,
2019-12-03 11:13:36,Arco de São Jorge,LOCAL-310901,0.0,0,0,0.0,2,0.81,60.0,410,246,Santana,Ilha da Madeira,
2019-12-03 11:13:36,Faial,LOCAL-310902,0.0,0,1,0.13,19,2.42,47.17,1662,784,Santana,Ilha da Madeira,
2019-12-03 11:13:36,Santana,LOCAL-310903,0.0,0,11,0.69,37,2.32,47.42,3359,1593,Santana,Ilha da Madeira,
2019-12-03 11:13:36,São Jorge,LOCAL-310904,0.0,0,5,0.62,13,1.62,53.83,1488,801,Santana,Ilha da Madeira,
2019-12-03 11:13:36,São Roque do Faial,LOCAL-310905,0.0,0,0,0.0,2,0.51,62.78,626,393,Santana,Ilha da Madeira,
2019-12-03 11:13:36,Ilha,LOCAL-310906,0.0,0,2,1.44,1,0.72,50.0,278,139,Santana,Ilha da Madeira,
2019-12-03 11:13:36,Boa Ventura,LOCAL-311001,0.0,0,4,0.66,17,2.82,44.93,1340,602,São Vicente,Ilha da Madeira,
2019-12-03 11:13:36,Ponta Delgada,LOCAL-311002,0.0,0,4,0.62,14,2.17,49.85,1294,645,São Vicente,Ilha da Madeira,
2019-12-03 11:13:36,São Vicente,LOCAL-311003,0.0,0,7,0.44,31,1.93,46.63,3440,1604,São Vicente,Ilha da Madeira,
2019-12-03 11:13:36,Porto Santo,LOCAL-320101,0.0,0,18,0.66,45,1.65,52.8,5157,2723,Porto Santo,Ilha de Porto Santo,
2019-12-03 11:13:36,Almagreira,LOCAL-410101,0.0,0,9,4.89,0,0.0,31.94,576,184,Vila do Porto,Ilha de Santa Maria,
2019-12-03 11:13:36,Santa Bárbara,LOCAL-410102,0.0,0,14,10.37,1,0.74,27.33,494,135,Vila do Porto,Ilha de Santa Maria,
2019-12-03 11:13:36,Santo Espírito,LOCAL-410103,0.0,0,12,6.42,2,1.07,24.7,757,187,Vila do Porto,Ilha de Santa Maria,
2019-12-03 11:13:36,São Pedro,LOCAL-410104,0.0,0,12,4.94,4,1.65,34.42,706,243,Vila do Porto,Ilha de Santa Maria,
2019-12-03 11:13:36,Vila do Porto,LOCAL-410105,0.0,0,57,5.4,13,1.23,35.57,2969,1056,Vila do Porto,Ilha de Santa Maria,
2019-12-03 11:13:36,Água de Pau,LOCAL-420101,0.0,0,19,2.63,14,1.94,25.88,2794,723,Lagoa,Ilha de São Miguel,
2019-12-03 11:13:36,Cabouco,LOCAL-420102,0.0,0,17,2.99,14,2.46,33.27,1710,569,Lagoa,Ilha de São Miguel,
2019-12-03 11:13:36,Lagoa (Nossa Senhora do Rosário),LOCAL-420103,0.0,0,68,3.98,34,1.99,35.39,4823,1707,Lagoa,Ilha de São Miguel,
2019-12-03 11:13:36,Lagoa (Santa Cruz),LOCAL-420104,0.0,0,46,4.49,26,2.54,32.15,3188,1025,Lagoa,Ilha de São Miguel,
2019-12-03 11:13:36,Ribeira Chã,LOCAL-420105,0.0,0,10,6.99,6,4.2,37.24,384,143,Lagoa,Ilha de São Miguel,
2019-12-03 11:13:36,Achada,LOCAL-420201,0.0,0,10,4.46,1,0.45,48.59,461,224,Nordeste,Ilha de São Miguel,
2019-12-03 11:13:36,Achadinha,LOCAL-420202,0.0,0,10,4.72,2,0.94,42.48,499,212,Nordeste,Ilha de São Miguel,
2019-12-03 11:13:36,Lomba da Fazenda,LOCAL-420203,0.0,0,8,2.04,6,1.53,44.81,877,393,Nordeste,Ilha de São Miguel,
2019-12-03 11:13:36,Nordeste,LOCAL-420204,0.0,0,29,5.0,14,2.41,48.25,1202,580,Nordeste,Ilha de São Miguel,
2019-12-03 11:13:36,Salga,LOCAL-420206,0.0,0,16,7.37,6,2.76,42.97,505,217,Nordeste,Ilha de São Miguel,
2019-12-03 11:13:36,Santana,LOCAL-420207,0.0,0,13,6.22,6,2.87,52.91,395,209,Nordeste,Ilha de São Miguel,
2019-12-03 11:13:36,Algarvia,LOCAL-420208,0.0,0,4,2.88,6,4.32,51.87,268,139,Nordeste,Ilha de São Miguel,
2019-12-03 11:13:36,Santo António de Nordestinho,LOCAL-420209,0.0,0,6,3.59,1,0.6,53.53,312,167,Nordeste,Ilha de São Miguel,
2019-12-03 11:13:36,São Pedro de Nordestinho,LOCAL-420210,0.0,0,3,2.31,1,0.77,46.26,281,130,Nordeste,Ilha de São Miguel,
2019-12-03 11:13:36,Arrifes,LOCAL-420301,0.0,0,64,3.76,26,1.53,25.64,6646,1704,Ponta Delgada,Ilha de São Miguel,
2019-12-03 11:13:36,Candelária,LOCAL-420303,0.0,0,11,3.86,3,1.05,29.75,958,285,Ponta Delgada,Ilha de São Miguel,
2019-12-03 11:13:36,Capelas,LOCAL-420304,0.0,0,48,3.78,21,1.65,34.41,3694,1271,Ponta Delgada,Ilha de São Miguel,
2019-12-03 11:13:36,Covoada,LOCAL-420305,0.0,0,10,2.76,7,1.93,30.86,1173,362,Ponta Delgada,Ilha de São Miguel,
2019-12-03 11:13:36,Fajã de Baixo,LOCAL-420306,0.0,0,84,4.42,29,1.53,40.7,4666,1899,Ponta Delgada,Ilha de São Miguel,
2019-12-03 11:13:36,Fajã de Cima,LOCAL-420307,0.0,0,35,3.69,12,1.26,30.99,3062,949,Ponta Delgada,Ilha de São Miguel,
2019-12-03 11:13:36,Fenais da Luz,LOCAL-420308,0.0,0,23,4.02,8,1.4,31.14,1837,572,Ponta Delgada,Ilha de São Miguel,
2019-12-03 11:13:36,Feteiras,LOCAL-420309,0.0,0,16,4.78,4,1.19,23.43,1430,335,Ponta Delgada,Ilha de São Miguel,
2019-12-03 11:13:36,Ginetes,LOCAL-420310,0.0,0,8,2.12,8,2.12,34.05,1110,378,Ponta Delgada,Ilha de São Miguel,
2019-12-03 11:13:36,Mosteiros,LOCAL-420311,0.0,0,3,0.85,6,1.7,33.21,1060,352,Ponta Delgada,Ilha de São Miguel,
2019-12-03 11:13:36,Ponta Delgada (São Sebastião),LOCAL-420312,0.0,0,61,3.52,21,1.21,41.34,4187,1731,Ponta Delgada,Ilha de São Miguel,
2019-12-03 11:13:36,Ponta Delgada (São José),LOCAL-420313,0.0,0,82,3.56,36,1.56,39.05,5902,2305,Ponta Delgada,Ilha de São Miguel,
2019-12-03 11:13:36,Ponta Delgada (São Pedro),LOCAL-420314,0.0,0,106,3.65,43,1.48,38.16,7620,2908,Ponta Delgada,Ilha de São Miguel,
2019-12-03 11:13:36,Relva,LOCAL-420315,0.0,0,43,4.46,14,1.45,35.66,2706,965,Ponta Delgada,Ilha de São Miguel,
2019-12-03 11:13:36,Remédios,LOCAL-420316,0.0,0,13,4.11,5,1.58,37.4,845,316,Ponta Delgada,Ilha de São Miguel,
2019-12-03 11:13:36,Rosto do Cão (Livramento),LOCAL-420317,0.0,0,66,4.46,32,2.16,36.29,4076,1479,Ponta Delgada,Ilha de São Miguel,
2019-12-03 11:13:36,Rosto do Cão (São Roque),LOCAL-420318,0.0,0,63,4.75,40,3.01,29.4,4514,1327,Ponta Delgada,Ilha de São Miguel,
2019-12-03 11:13:36,Santa Bárbara,LOCAL-420319,0.0,0,13,4.19,10,3.23,40.52,765,310,Ponta Delgada,Ilha de São Miguel,
2019-12-03 11:13:36,Santo António,LOCAL-420320,0.0,0,13,2.29,19,3.35,34.1,1663,567,Ponta Delgada,Ilha de São Miguel,
2019-12-03 11:13:36,São Vicente Ferreira,LOCAL-420321,0.0,0,45,5.4,15,1.8,37.18,2243,834,Ponta Delgada,Ilha de São Miguel,
2019-12-03 11:13:36,Sete Cidades,LOCAL-420322,0.0,0,9,3.78,6,2.52,35.36,673,238,Ponta Delgada,Ilha de São Miguel,
2019-12-03 11:13:36,Ajuda da Bretanha,LOCAL-420323,0.0,0,13,6.31,2,0.97,31.07,663,206,Ponta Delgada,Ilha de São Miguel,
2019-12-03 11:13:36,Pilar da Bretanha,LOCAL-420324,0.0,0,13,6.37,5,2.45,34.11,598,204,Ponta Delgada,Ilha de São Miguel,
2019-12-03 11:13:36,Santa Clara,LOCAL-420325,0.0,0,38,3.59,19,1.79,37.09,2855,1059,Ponta Delgada,Ilha de São Miguel,
2019-12-03 11:13:36,Água Retorta,LOCAL-420401,0.0,0,10,5.26,7,3.68,45.24,420,190,Povoação,Ilha de São Miguel,
2019-12-03 11:13:36,Faial da Terra,LOCAL-420402,0.0,0,15,12.1,0,0.0,30.32,409,124,Povoação,Ilha de São Miguel,
2019-12-03 11:13:36,Furnas,LOCAL-420403,0.0,0,32,6.37,18,3.59,32.94,1524,502,Povoação,Ilha de São Miguel,
2019-12-03 11:13:36,Nossa Senhora dos Remédios,LOCAL-420404,0.0,0,39,10.4,8,2.13,32.02,1171,375,Povoação,Ilha de São Miguel,
2019-12-03 11:13:36,Povoação,LOCAL-420405,0.0,0,56,7.1,18,2.28,38.25,2063,789,Povoação,Ilha de São Miguel,
2019-12-03 11:13:36,Ribeira Quente,LOCAL-420406,0.0,0,18,7.06,7,2.75,30.32,841,255,Povoação,Ilha de São Miguel,
2019-12-03 11:13:36,Calhetas,LOCAL-420501,0.0,0,14,5.51,6,2.36,33.38,761,254,Ribeira Grande,Ilha de São Miguel,
2019-12-03 11:13:36,Fenais da Ajuda,LOCAL-420502,0.0,0,14,4.62,3,0.99,32.34,937,303,Ribeira Grande,Ilha de São Miguel,
2019-12-03 11:13:36,Lomba da Maia,LOCAL-420503,0.0,0,20,5.51,4,1.1,34.38,1056,363,Ribeira Grande,Ilha de São Miguel,
2019-12-03 11:13:36,Lomba de São Pedro,LOCAL-420504,0.0,0,2,1.42,7,4.96,43.12,327,141,Ribeira Grande,Ilha de São Miguel,
2019-12-03 11:13:36,Maia,LOCAL-420505,0.0,0,33,5.02,11,1.67,37.64,1748,658,Ribeira Grande,Ilha de São Miguel,
2019-12-03 11:13:36,Pico da Pedra,LOCAL-420506,0.0,0,42,4.06,20,1.93,39.29,2632,1034,Ribeira Grande,Ilha de São Miguel,
2019-12-03 11:13:36,Porto Formoso,LOCAL-420507,0.0,0,16,4.18,9,2.35,33.89,1130,383,Ribeira Grande,Ilha de São Miguel,
2019-12-03 11:13:36,Rabo de Peixe,LOCAL-420508,0.0,0,40,2.55,47,2.99,21.32,7369,1571,Ribeira Grande,Ilha de São Miguel,
2019-12-03 11:13:36,Ribeira Grande (Conceição),LOCAL-420509,0.0,0,43,4.64,21,2.27,40.56,2283,926,Ribeira Grande,Ilha de São Miguel,
2019-12-03 11:13:36,Ribeira Grande (Matriz),LOCAL-420510,0.0,0,39,3.78,31,3.0,29.93,3448,1032,Ribeira Grande,Ilha de São Miguel,
2019-12-03 11:13:36,Ribeira Seca,LOCAL-420511,0.0,0,22,2.51,20,2.29,33.14,2640,875,Ribeira Grande,Ilha de São Miguel,
2019-12-03 11:13:36,Ribeirinha,LOCAL-420512,0.0,0,17,2.56,8,1.21,29.59,2241,663,Ribeira Grande,Ilha de São Miguel,
2019-12-03 11:13:36,Santa Bárbara,LOCAL-420513,0.0,0,17,4.19,16,3.94,35.68,1138,406,Ribeira Grande,Ilha de São Miguel,
2019-12-03 11:13:36,São Brás,LOCAL-420514,0.0,0,12,4.78,5,1.99,42.18,595,251,Ribeira Grande,Ilha de São Miguel,
2019-12-03 11:13:36,Água de Alto,LOCAL-420601,0.0,0,18,3.64,9,1.82,29.82,1660,495,Vila Franca do Campo,Ilha de São Miguel,
2019-12-03 11:13:36,Ponta Garça,LOCAL-420602,0.0,0,44,4.54,17,1.75,30.92,3134,969,Vila Franca do Campo,Ilha de São Miguel,
2019-12-03 11:13:36,Ribeira das Tainhas,LOCAL-420603,0.0,0,14,5.65,8,3.23,38.15,650,248,Vila Franca do Campo,Ilha de São Miguel,
2019-12-03 11:13:36,Vila Franca do Campo (São Miguel),LOCAL-420604,0.0,0,21,3.06,24,3.49,25.63,2680,687,Vila Franca do Campo,Ilha de São Miguel,
2019-12-03 11:13:36,Vila Franca do Campo (São Pedro),LOCAL-420605,0.0,0,27,5.92,5,1.1,31.15,1464,456,Vila Franca do Campo,Ilha de São Miguel,
2019-12-03 11:13:36,Ribeira Seca,LOCAL-420606,0.0,0,7,2.48,3,1.06,28.2,1000,282,Vila Franca do Campo,Ilha de São Miguel,
2019-12-03 11:13:36,Altares,LOCAL-430101,0.0,0,18,5.1,2,0.57,43.1,819,353,Angra do Heroísmo,Ilha Terceira,Açores
2019-12-03 11:13:36,Angra (Nossa Senhora da Conceição),LOCAL-430102,0.0,0,66,4.82,20,1.46,36.09,3790,1368,Angra do Heroísmo,Ilha Terceira,Açores
2019-12-03 11:13:36,Angra (Santa Luzia),LOCAL-430103,0.0,0,58,5.61,11,1.06,43.59,2372,1034,Angra do Heroísmo,Ilha Terceira,Açores
2019-12-03 11:13:36,Angra (São Pedro),LOCAL-430104,0.0,0,79,5.04,20,1.28,46.93,3341,1568,Angra do Heroísmo,Ilha Terceira,Açores
2019-12-03 11:13:36,Angra (Sé),LOCAL-430105,0.0,0,22,4.22,9,1.73,46.68,1116,521,Angra do Heroísmo,Ilha Terceira,Açores
2019-12-03 11:13:36,Cinco Ribeiras,LOCAL-430106,0.0,0,18,5.28,5,1.47,52.7,647,341,Angra do Heroísmo,Ilha Terceira,Açores
2019-12-03 11:13:36,Doze Ribeiras,LOCAL-430107,0.0,0,20,8.4,1,0.42,49.9,477,238,Angra do Heroísmo,Ilha Terceira,Açores
2019-12-03 11:13:36,Feteira,LOCAL-430108,0.0,0,22,3.61,7,1.15,50.37,1209,609,Angra do Heroísmo,Ilha Terceira,Açores
2019-12-03 11:13:36,Porto Judeu,LOCAL-430109,0.0,0,46,5.58,6,0.73,34.32,2401,824,Angra do Heroísmo,Ilha Terceira,Açores
2019-12-03 11:13:36,Posto Santo,LOCAL-430110,0.0,0,27,6.49,4,0.96,44.21,941,416,Angra do Heroísmo,Ilha Terceira,Açores
2019-12-03 11:13:36,Raminho,LOCAL-430111,0.0,0,6,2.76,3,1.38,42.63,509,217,Angra do Heroísmo,Ilha Terceira,Açores
2019-12-03 11:13:36,Ribeirinha,LOCAL-430112,0.0,0,39,3.59,21,1.93,45.81,2373,1087,Angra do Heroísmo,Ilha Terceira,Açores
2019-12-03 11:13:36,Santa Bárbara,LOCAL-430113,0.0,0,22,4.05,8,1.47,44.07,1232,543,Angra do Heroísmo,Ilha Terceira,Açores
2019-12-03 11:13:36,São Bartolomeu de Regatos,LOCAL-430114,0.0,0,48,6.7,19,2.65,39.96,1792,716,Angra do Heroísmo,Ilha Terceira,Açores
2019-12-03 11:13:36,São Bento,LOCAL-430115,0.0,0,43,5.15,17,2.04,46.62,1791,835,Angra do Heroísmo,Ilha Terceira,Açores
2019-12-03 11:13:36,São Mateus da Calheta,LOCAL-430116,0.0,0,61,4.96,19,1.54,35.35,3479,1230,Angra do Heroísmo,Ilha Terceira,Açores
2019-12-03 11:13:36,Serreta,LOCAL-430117,0.0,0,8,4.44,4,2.22,49.32,365,180,Angra do Heroísmo,Ilha Terceira,Açores
2019-12-03 11:13:36,Terra Chã,LOCAL-430118,0.0,0,50,4.87,20,1.95,39.44,2604,1027,Angra do Heroísmo,Ilha Terceira,Açores
2019-12-03 11:13:36,Vila de São Sebastião,LOCAL-430119,0.0,0,27,3.5,6,0.78,37.78,2041,771,Angra do Heroísmo,Ilha Terceira,Açores
2019-12-03 11:13:36,Agualva,LOCAL-430201,0.0,0,18,3.49,2,0.39,39.88,1294,516,Vila da Praia da Vitória,Ilha Terceira,Açores
2019-12-03 11:13:36,Biscoitos,LOCAL-430202,0.0,0,30,6.16,3,0.62,33.11,1471,487,Vila da Praia da Vitória,Ilha Terceira,Açores
2019-12-03 11:13:36,Cabo da Praia,LOCAL-430203,0.0,0,11,3.74,5,1.7,43.56,675,294,Vila da Praia da Vitória,Ilha Terceira,Açores
2019-12-03 11:13:36,Fonte do Bastardo,LOCAL-430204,0.0,0,16,4.17,4,1.04,35.49,1082,384,Vila da Praia da Vitória,Ilha Terceira,Açores
2019-12-03 11:13:36,Fontinhas,LOCAL-430205,0.0,0,31,5.38,5,0.87,39.61,1454,576,Vila da Praia da Vitória,Ilha Terceira,Açores
2019-12-03 11:13:36,Lajes,LOCAL-430206,0.0,0,66,6.84,20,2.07,30.1,3206,965,Vila da Praia da Vitória,Ilha Terceira,Açores
2019-12-03 11:13:36,Praia da Vitória (Santa Cruz),LOCAL-430207,0.0,0,76,4.22,20,1.11,29.04,6202,1801,Vila da Praia da Vitória,Ilha Terceira,Açores
2019-12-03 11:13:36,Quatro Ribeiras,LOCAL-430208,0.0,0,11,6.59,0,0.0,46.13,362,167,Vila da Praia da Vitória,Ilha Terceira,Açores
2019-12-03 11:13:36,São Brás,LOCAL-430209,0.0,0,30,8.67,4,1.16,34.98,989,346,Vila da Praia da Vitória,Ilha Terceira,Açores
2019-12-03 11:13:36,Vila Nova,LOCAL-430210,0.0,0,20,3.42,10,1.71,38.47,1518,584,Vila da Praia da Vitória,Ilha Terceira,Açores
2019-12-03 11:13:36,Porto Martins,LOCAL-430211,0.0,0,23,4.94,4,0.86,44.17,1055,466,Vila da Praia da Vitória,Ilha Terceira,Açores
2019-12-03 11:13:36,Guadalupe,LOCAL-440101,0.0,0,26,6.24,7,1.68,41.21,1012,417,Santa Cruz da Graciosa,Ilha Graciosa,Açores
2019-12-03 11:13:36,Luz,LOCAL-440102,0.0,0,20,7.3,5,1.82,42.35,647,274,Santa Cruz da Graciosa,Ilha Graciosa,Açores
2019-12-03 11:13:36,São Mateus,LOCAL-440103,0.0,0,20,4.73,6,1.42,58.91,718,423,Santa Cruz da Graciosa,Ilha Graciosa,Açores
2019-12-03 11:13:36,Santa Cruz da Graciosa,LOCAL-440104,0.0,0,43,5.8,5,0.67,45.16,1641,741,Santa Cruz da Graciosa,Ilha Graciosa,Açores
2019-12-03 11:13:36,Calheta,LOCAL-450101,0.0,0,33,7.14,6,1.3,35.32,1308,462,Calheta,Ilha de São Jorge,
2019-12-03 11:13:36,Norte Pequeno,LOCAL-450102,0.0,0,5,4.27,3,2.56,54.42,215,117,Calheta,Ilha de São Jorge,
2019-12-03 11:13:36,Ribeira Seca,LOCAL-450103,0.0,0,11,2.86,2,0.52,37.56,1025,385,Calheta,Ilha de São Jorge,
2019-12-03 11:13:36,Santo Antão,LOCAL-450104,0.0,0,17,6.94,1,0.41,34.75,705,245,Calheta,Ilha de São Jorge,
2019-12-03 11:13:36,Topo (Nossa Senhora do Rosário),LOCAL-450105,0.0,0,7,3.78,0,0.0,39.96,463,185,Calheta,Ilha de São Jorge,
2019-12-03 11:13:36,Manadas (Santa Bárbara),LOCAL-450201,0.0,0,4,2.52,4,2.52,45.04,353,159,Velas,Ilha de São Jorge,
2019-12-03 11:13:36,Norte Grande (Neves),LOCAL-450202,0.0,0,8,3.21,2,0.8,45.11,552,249,Velas,Ilha de São Jorge,
2019-12-03 11:13:36,Rosais,LOCAL-450203,0.0,0,9,3.56,3,1.19,36.61,691,253,Velas,Ilha de São Jorge,
2019-12-03 11:13:36,Santo Amaro,LOCAL-450204,0.0,0,6,1.85,2,0.62,41.99,774,325,Velas,Ilha de São Jorge,
2019-12-03 11:13:36,Urzelina (São Mateus),LOCAL-450205,0.0,0,17,4.57,7,1.88,44.23,841,372,Velas,Ilha de São Jorge,
2019-12-03 11:13:36,Velas (São Jorge),LOCAL-450206,0.0,0,18,2.37,17,2.24,42.83,1772,759,Velas,Ilha de São Jorge,
2019-12-03 11:13:36,Calheta de Nesquim,LOCAL-460101,0.0,0,12,11.43,0,0.0,31.53,333,105,Lajes do Pico,Ilha do Pico,
2019-12-03 11:13:36,Lajes do Pico,LOCAL-460102,0.0,0,50,7.1,4,0.57,42.33,1663,704,Lajes do Pico,Ilha do Pico,
2019-12-03 11:13:36,Piedade,LOCAL-460103,0.0,0,13,4.14,3,0.96,39.3,799,314,Lajes do Pico,Ilha do Pico,
2019-12-03 11:13:36,Ribeiras,LOCAL-460104,0.0,0,11,3.02,4,1.1,42.37,859,364,Lajes do Pico,Ilha do Pico,
2019-12-03 11:13:36,Ribeirinha,LOCAL-460105,0.0,0,9,5.06,3,1.69,47.09,378,178,Lajes do Pico,Ilha do Pico,
2019-12-03 11:13:36,São João,LOCAL-460106,0.0,0,16,8.12,0,0.0,44.07,447,197,Lajes do Pico,Ilha do Pico,
2019-12-03 11:13:36,Bandeiras,LOCAL-460201,0.0,0,14,6.7,2,0.96,34.09,613,209,Madalena,Ilha do Pico,
2019-12-03 11:13:36,Candelária,LOCAL-460202,0.0,0,31,8.91,3,0.86,44.5,782,348,Madalena,Ilha do Pico,
2019-12-03 11:13:36,Criação Velha,LOCAL-460203,0.0,0,37,12.13,2,0.66,39.25,777,305,Madalena,Ilha do Pico,
2019-12-03 11:13:36,Madalena,LOCAL-460204,0.0,0,73,7.62,8,0.84,37.23,2573,958,Madalena,Ilha do Pico,
2019-12-03 11:13:36,São Caetano,LOCAL-460205,0.0,0,13,6.34,0,0.0,41.92,489,205,Madalena,Ilha do Pico,
2019-12-03 11:13:36,São Mateus,LOCAL-460206,0.0,0,19,6.44,3,1.02,43.57,677,295,Madalena,Ilha do Pico,
2019-12-03 11:13:36,Prainha,LOCAL-460301,0.0,0,8,4.04,1,0.51,36.0,550,198,São Roque do Pico,Ilha do Pico,
2019-12-03 11:13:36,Santa Luzia,LOCAL-460302,0.0,0,14,9.09,0,0.0,36.24,425,154,São Roque do Pico,Ilha do Pico,
2019-12-03 11:13:36,Santo Amaro,LOCAL-460303,0.0,0,6,4.05,2,1.35,51.75,286,148,São Roque do Pico,Ilha do Pico,
2019-12-03 11:13:36,Santo António,LOCAL-460304,0.0,0,25,9.43,3,1.13,36.7,722,265,São Roque do Pico,Ilha do Pico,
2019-12-03 11:13:36,São Roque do Pico,LOCAL-460305,0.0,0,29,5.88,7,1.42,39.16,1259,493,São Roque do Pico,Ilha do Pico,
2019-12-03 11:13:36,Capelo,LOCAL-470101,0.0,0,17,8.5,3,1.5,42.92,466,200,Horta,Ilha do Faial,
2019-12-03 11:13:36,Castelo Branco,LOCAL-470102,0.0,0,31,6.57,2,0.42,42.07,1122,472,Horta,Ilha do Faial,
2019-12-03 11:13:36,Cedros,LOCAL-470103,0.0,0,19,4.71,9,2.23,52.54,767,403,Horta,Ilha do Faial,
2019-12-03 11:13:36,Feteira,LOCAL-470104,0.0,0,36,6.0,4,0.67,39.22,1530,600,Horta,Ilha do Faial,
2019-12-03 11:13:36,Flamengos,LOCAL-470105,0.0,0,31,5.32,6,1.03,42.12,1384,583,Horta,Ilha do Faial,
2019-12-03 11:13:36,Horta (Angústias),LOCAL-470106,0.0,0,40,4.19,8,0.84,42.97,2220,954,Horta,Ilha do Faial,
2019-12-03 11:13:36,Horta (Conceição),LOCAL-470107,0.0,0,23,4.88,8,1.7,45.07,1045,471,Horta,Ilha do Faial,
2019-12-03 11:13:36,Horta (Matriz),LOCAL-470108,0.0,0,40,4.12,7,0.72,43.47,2236,972,Horta,Ilha do Faial,
2019-12-03 11:13:36,Pedro Miguel,LOCAL-470109,0.0,0,12,4.58,1,0.38,43.16,607,262,Horta,Ilha do Faial,
2019-12-03 11:13:36,Praia do Almoxarife,LOCAL-470110,0.0,0,15,4.25,3,0.85,49.16,718,353,Horta,Ilha do Faial,
2019-12-03 11:13:36,Praia do Norte,LOCAL-470111,0.0,0,14,10.29,0,0.0,64.76,210,136,Horta,Ilha do Faial,
2019-12-03 11:13:36,Ribeirinha,LOCAL-470112,0.0,0,18,11.18,1,0.62,42.71,377,161,Horta,Ilha do Faial,
2019-12-03 11:13:36,Salão,LOCAL-470113,0.0,0,5,3.42,1,0.68,40.56,360,146,Horta,Ilha do Faial,
2019-12-03 11:13:36,Fajã Grande,LOCAL-480101,0.0,0,6,6.19,5,5.15,47.55,204,97,Lajes das Flores,Ilha das Flores,
2019-12-03 11:13:36,Fajãzinha,LOCAL-480102,0.0,0,4,9.3,0,0.0,58.11,74,43,Lajes das Flores,Ilha das Flores,
2019-12-03 11:13:36,Fazenda,LOCAL-480103,0.0,0,6,6.06,1,1.01,42.13,235,99,Lajes das Flores,Ilha das Flores,
2019-12-03 11:13:36,Lajedo,LOCAL-480104,0.0,0,6,12.77,1,2.13,54.02,87,47,Lajes das Flores,Ilha das Flores,
2019-12-03 11:13:36,Lajes das Flores,LOCAL-480105,0.0,0,26,12.62,4,1.94,40.47,509,206,Lajes das Flores,Ilha das Flores,
2019-12-03 11:13:36,Lomba,LOCAL-480106,0.0,0,7,8.64,4,4.94,51.59,157,81,Lajes das Flores,Ilha das Flores,
2019-12-03 11:13:36,Mosteiro,LOCAL-480107,0.0,0,1,5.26,1,5.26,65.52,29,19,Lajes das Flores,Ilha das Flores,
2019-12-03 11:13:36,Caveira,LOCAL-480201,0.0,0,5,14.29,0,0.0,53.03,66,35,Santa Cruz das Flores,Ilha das Flores,
2019-12-03 11:13:36,Cedros,LOCAL-480202,0.0,0,2,4.65,1,2.33,38.39,112,43,Santa Cruz das Flores,Ilha das Flores,
2019-12-03 11:13:36,Ponta Delgada,LOCAL-480203,0.0,0,13,10.74,1,0.83,41.72,290,121,Santa Cruz das Flores,Ilha das Flores,
2019-12-03 11:13:36,Santa Cruz das Flores,LOCAL-480204,0.0,0,30,5.14,17,2.91,41.8,1397,584,Santa Cruz das Flores,Ilha das Flores,
2019-12-03 11:13:36,Corvo,LOCAL-490101,0.0,0,8,4.55,1,0.57,53.66,328,176,Corvo,Ilha do Corvo,
